period,year,month,quarter,countryId,countryCode,countryName,continentId,continentName,value,quantity
2021-01,2021,1,1,373,US,สหรัฐอเมริกา,1C,ทวีปอเมริกาเหนือ,1264614267.0,8569401.0
2021-01,2021,1,1,304,JP,ญี่ปุ่น,1A,ทวีปเอเชีย,699905410.0,9818050.0
2021-01,2021,1,1,271,MY,มาเลเซีย,1A,ทวีปเอเชีย,327094048.0,8084910.0
2021-01,2021,1,1,323,IT,อิตาลี,1B,ทวีปยุโรป,276500802.0,1920886.0
2021-01,2021,1,1,483,AU,ออสเตรเลีย,1F,ทวีปออสเตรเลีย,265976967.0,3144110.0
2021-01,2021,1,1,267,ID,อินโดนีเซีย,1A,ทวีปเอเชีย,158540170.0,3785130.0
2021-01,2021,1,1,309,TW,ไต้หวัน,1A,ทวีปเอเชีย,141995225.0,2150263.0
2021-01,2021,1,1,315,DE,เยอรมนี,1B,ทวีปยุโรป,137043963.0,1091990.0
2021-01,2021,1,1,272,PH,ฟิลิปปินส์,1A,ทวีปเอเชีย,125849751.0,3148077.0
2021-01,2021,1,1,279,IN,อินเดีย,1A,ทวีปเอเชีย,113530371.0,2447642.0
2021-01,2021,1,1,320,GB,สหราชอาณาจักร,1B,ทวีปยุโรป,102795149.0,713904.0
2021-01,2021,1,1,302,CN,จีน,1A,ทวีปเอเชีย,98523172.0,675274.0
2021-01,2021,1,1,306,KR,เกาหลีใต้,1A,ทวีปเอเชีย,67954693.0,675101.0
2021-01,2021,1,1,303,HK,ฮ่องกง,1A,ทวีปเอเชีย,57447961.0,529254.0
2021-01,2021,1,1,273,SG,สิงคโปร์,1A,ทวีปเอเชีย,53138587.0,486286.0
2021-01,2021,1,1,274,VN,เวียดนาม,1A,ทวีปเอเชีย,49376899.0,1163482.0
2021-01,2021,1,1,371,CA,แคนาดา,1C,ทวีปอเมริกาเหนือ,41104978.0,331672.0
2021-01,2021,1,1,319,FR,ฝรั่งเศส,1B,ทวีปยุโรป,30616696.0,188845.0
2021-01,2021,1,1,296,SA,ซาอุดีอาระเบีย,1A,ทวีปเอเชีย,30557204.0,521835.0
2021-01,2021,1,1,285,AE,สหรัฐอาหรับเอมิเรตส์,1A,ทวีปเอเชีย,27228996.0,444945.0
2021-01,2021,1,1,497,NZ,นิวซีแลนด์,1F,ทวีปออสเตรเลีย,25956994.0,384931.0
2021-01,2021,1,1,313,BE,เบลเยียม,1B,ทวีปยุโรป,24645113.0,156235.0
2021-01,2021,1,1,270,MM,เมียนมา,1A,ทวีปเอเชีย,20188325.0,628181.0
2021-01,2021,1,1,345,RU,รัสเซีย,1B,ทวีปยุโรป,15662137.0,109734.0
2021-01,2021,1,1,325,NL,เนเธอร์แลนด์,1B,ทวีปยุโรป,14619817.0,107763.0
2021-01,2021,1,1,266,BN,บรูไน,1A,ทวีปเอเชีย,12318047.0,365678.0
2021-01,2021,1,1,327,SE,สวีเดน,1B,ทวีปยุโรป,9987903.0,57014.0
2021-01,2021,1,1,288,IL,อิสราเอล,1A,ทวีปเอเชีย,6846687.0,34064.0
2021-01,2021,1,1,456,MU,มอริเชียส,1E,ทวีปแอฟริกา,5155878.0,113140.0
2021-01,2021,1,1,410,CL,ชิลี,1D,ทวีปอเมริกาใต้,4878519.0,41268.0
2021-01,2021,1,1,298,TR,ตุรกี,1A,ทวีปเอเชีย,4822799.0,34493.0
2021-01,2021,1,1,268,KH,กัมพูชา,1A,ทวีปเอเชีย,4199338.0,116229.0
2021-01,2021,1,1,318,FI,ฟินแลนด์,1B,ทวีปยุโรป,4138063.0,36447.0
2021-01,2021,1,1,409,BR,บราซิล,1D,ทวีปอเมริกาใต้,3774670.0,26631.0
2021-01,2021,1,1,280,LK,ศรีลังกา,1A,ทวีปเอเชีย,3418805.0,87715.0
2021-01,2021,1,1,269,LA,สปป. ลาว,1A,ทวีปเอเชีย,3117372.0,86537.0
2021-01,2021,1,1,365,MT,มอลตา,1B,ทวีปยุโรป,3110535.0,24526.0
2021-01,2021,1,1,283,PK,ปากีสถาน,1A,ทวีปเอเชีย,2729206.0,60521.0
2021-01,2021,1,1,317,ES,สเปน,1B,ทวีปยุโรป,2228827.0,16497.0
2021-01,2021,1,1,498,PF,เฟรนช์โปลีนีเซีย,1F,ทวีปออสเตรเลีย,2198695.0,62377.0
2021-01,2021,1,1,292,KW,คูเวต,1A,ทวีปเอเชีย,1558148.0,21886.0
2021-01,2021,1,1,356,CH,สวิตเซอร์แลนด์,1B,ทวีปยุโรป,1470469.0,8576.0
2021-01,2021,1,1,351,UA,ยูเครน,1B,ทวีปยุโรป,1448427.0,9418.0
2021-01,2021,1,1,286,BH,บาห์เรน,1A,ทวีปเอเชีย,1442140.0,18885.0
2021-01,2021,1,1,362,LT,ลิทัวเนีย,1B,ทวีปยุโรป,993613.0,7832.0
2021-01,2021,1,1,277,BD,บังกลาเทศ,1A,ทวีปเอเชีย,795928.0,19424.0
2021-01,2021,1,1,478,ZA,แอฟริกาใต้,1E,ทวีปแอฟริกา,693076.0,18800.0
2021-01,2021,1,1,476,TZ,แทนซาเนีย,1E,ทวีปแอฟริกา,659769.0,24010.0
2021-01,2021,1,1,291,JO,จอร์แดน,1A,ทวีปเอเชีย,501862.0,11477.0
2021-01,2021,1,1,343,PL,โปแลนด์,1B,ทวีปยุโรป,316752.0,1248.0
2021-01,2021,1,1,295,QA,กาตาร์,1A,ทวีปเอเชีย,281224.0,10380.0
2021-01,2021,1,1,465,SC,เซเชลส์,1E,ทวีปแอฟริกา,10125.0,63.0
2021-02,2021,2,1,373,US,สหรัฐอเมริกา,1C,ทวีปอเมริกาเหนือ,1312482356.0,8500193.0
2021-02,2021,2,1,304,JP,ญี่ปุ่น,1A,ทวีปเอเชีย,741741783.0,10158716.0
2021-02,2021,2,1,271,MY,มาเลเซีย,1A,ทวีปเอเชีย,312648124.0,7090707.0
2021-02,2021,2,1,483,AU,ออสเตรเลีย,1F,ทวีปออสเตรเลีย,312422047.0,3516863.0
2021-02,2021,2,1,323,IT,อิตาลี,1B,ทวีปยุโรป,243911062.0,1710360.0
2021-02,2021,2,1,267,ID,อินโดนีเซีย,1A,ทวีปเอเชีย,163236580.0,3835093.0
2021-02,2021,2,1,315,DE,เยอรมนี,1B,ทวีปยุโรป,142189280.0,1031976.0
2021-02,2021,2,1,272,PH,ฟิลิปปินส์,1A,ทวีปเอเชีย,144469742.0,3450884.0
2021-02,2021,2,1,309,TW,ไต้หวัน,1A,ทวีปเอเชีย,126782028.0,2532705.0
2021-02,2021,2,1,279,IN,อินเดีย,1A,ทวีปเอเชีย,126786851.0,2687703.0
2021-02,2021,2,1,320,GB,สหราชอาณาจักร,1B,ทวีปยุโรป,128014097.0,953098.0
2021-02,2021,2,1,302,CN,จีน,1A,ทวีปเอเชีย,99933127.0,827455.0
2021-02,2021,2,1,306,KR,เกาหลีใต้,1A,ทวีปเอเชีย,70510455.0,643456.0
2021-02,2021,2,1,371,CA,แคนาดา,1C,ทวีปอเมริกาเหนือ,92571506.0,681155.0
2021-02,2021,2,1,273,SG,สิงคโปร์,1A,ทวีปเอเชีย,46747509.0,448433.0
2021-02,2021,2,1,303,HK,ฮ่องกง,1A,ทวีปเอเชีย,40027825.0,469416.0
2021-02,2021,2,1,274,VN,เวียดนาม,1A,ทวีปเอเชีย,44042617.0,1020679.0
2021-02,2021,2,1,319,FR,ฝรั่งเศส,1B,ทวีปยุโรป,34815120.0,230350.0
2021-02,2021,2,1,497,NZ,นิวซีแลนด์,1F,ทวีปออสเตรเลีย,38858072.0,445577.0
2021-02,2021,2,1,285,AE,สหรัฐอาหรับเอมิเรตส์,1A,ทวีปเอเชีย,35410085.0,682864.0
2021-02,2021,2,1,313,BE,เบลเยียม,1B,ทวีปยุโรป,30761622.0,185361.0
2021-02,2021,2,1,296,SA,ซาอุดีอาระเบีย,1A,ทวีปเอเชีย,17031243.0,314953.0
2021-02,2021,2,1,325,NL,เนเธอร์แลนด์,1B,ทวีปยุโรป,31690434.0,223323.0
2021-02,2021,2,1,270,MM,เมียนมา,1A,ทวีปเอเชีย,19871174.0,652780.0
2021-02,2021,2,1,345,RU,รัสเซีย,1B,ทวีปยุโรป,19698612.0,127132.0
2021-02,2021,2,1,266,BN,บรูไน,1A,ทวีปเอเชีย,11925538.0,236867.0
2021-02,2021,2,1,409,BR,บราซิล,1D,ทวีปอเมริกาใต้,11100089.0,78899.0
2021-02,2021,2,1,288,IL,อิสราเอล,1A,ทวีปเอเชีย,4676351.0,51167.0
2021-02,2021,2,1,327,SE,สวีเดน,1B,ทวีปยุโรป,1000037.0,12236.0
2021-02,2021,2,1,456,MU,มอริเชียส,1E,ทวีปแอฟริกา,3708663.0,78637.0
2021-02,2021,2,1,268,KH,กัมพูชา,1A,ทวีปเอเชีย,3091211.0,86273.0
2021-02,2021,2,1,318,FI,ฟินแลนด์,1B,ทวีปยุโรป,2350937.0,13853.0
2021-02,2021,2,1,365,MT,มอลตา,1B,ทวีปยุโรป,2708404.0,26328.0
2021-02,2021,2,1,269,LA,สปป. ลาว,1A,ทวีปเอเชีย,2611159.0,81385.0
2021-02,2021,2,1,362,LT,ลิทัวเนีย,1B,ทวีปยุโรป,4613282.0,22806.0
2021-02,2021,2,1,478,ZA,แอฟริกาใต้,1E,ทวีปแอฟริกา,4278809.0,82269.0
2021-02,2021,2,1,410,CL,ชิลี,1D,ทวีปอเมริกาใต้,0.0,0.0
2021-02,2021,2,1,298,TR,ตุรกี,1A,ทวีปเอเชีย,0.0,0.0
2021-02,2021,2,1,280,LK,ศรีลังกา,1A,ทวีปเอเชีย,684685.0,13827.0
2021-02,2021,2,1,283,PK,ปากีสถาน,1A,ทวีปเอเชีย,481400.0,8593.0
2021-02,2021,2,1,317,ES,สเปน,1B,ทวีปยุโรป,788032.0,6218.0
2021-02,2021,2,1,292,KW,คูเวต,1A,ทวีปเอเชีย,940112.0,5808.0
2021-02,2021,2,1,356,CH,สวิตเซอร์แลนด์,1B,ทวีปยุโรป,760876.0,4320.0
2021-02,2021,2,1,498,PF,เฟรนช์โปลีนีเซีย,1F,ทวีปออสเตรเลีย,0.0,0.0
2021-02,2021,2,1,312,AT,ออสเตรีย,1B,ทวีปยุโรป,1748976.0,11424.0
2021-02,2021,2,1,351,UA,ยูเครน,1B,ทวีปยุโรป,0.0,0.0
2021-02,2021,2,1,286,BH,บาห์เรน,1A,ทวีปเอเชีย,0.0,0.0
2021-02,2021,2,1,476,TZ,แทนซาเนีย,1E,ทวีปแอฟริกา,729348.0,23655.0
2021-02,2021,2,1,344,RO,โรมาเนีย,1B,ทวีปยุโรป,1278195.0,9271.0
2021-02,2021,2,1,277,BD,บังกลาเทศ,1A,ทวีปเอเชีย,182898.0,2423.0
2021-02,2021,2,1,343,PL,โปแลนด์,1B,ทวีปยุโรป,375215.0,3388.0
2021-02,2021,2,1,493,NC,นิวแคลีโดเนีย,1F,ทวีปออสเตรเลีย,650282.0,19860.0
2021-02,2021,2,1,291,JO,จอร์แดน,1A,ทวีปเอเชีย,0.0,0.0
2021-02,2021,2,1,293,LB,เลบานอน,1A,ทวีปเอเชีย,473851.0,10837.0
2021-02,2021,2,1,295,QA,กาตาร์,1A,ทวีปเอเชีย,250.0,1.0
2021-02,2021,2,1,337,GE,จอร์เจีย,1A,ทวีปเอเชีย,169751.0,959.0
2021-02,2021,2,1,281,MV,มัลดีฟส์,1A,ทวีปเอเชีย,67336.0,2603.0
2021-02,2021,2,1,465,SC,เซเชลส์,1E,ทวีปแอฟริกา,50500.0,3315.0
2021-02,2021,2,1,336,CZ,สาธารณรัฐเช็ก,1B,ทวีปยุโรป,2673.0,1.0
2021-03,2021,3,1,373,US,สหรัฐอเมริกา,1C,ทวีปอเมริกาเหนือ,1641126439.0,10787219.0
2021-03,2021,3,1,304,JP,ญี่ปุ่น,1A,ทวีปเอเชีย,946962442.0,12380767.0
2021-03,2021,3,1,271,MY,มาเลเซีย,1A,ทวีปเอเชีย,342725115.0,8010814.0
2021-03,2021,3,1,483,AU,ออสเตรเลีย,1F,ทวีปออสเตรเลีย,352709575.0,3946483.0
2021-03,2021,3,1,323,IT,อิตาลี,1B,ทวีปยุโรป,408105001.0,2836291.0
2021-03,2021,3,1,267,ID,อินโดนีเซีย,1A,ทวีปเอเชีย,270298057.0,6500734.0
2021-03,2021,3,1,272,PH,ฟิลิปปินส์,1A,ทวีปเอเชีย,197077331.0,4578112.0
2021-03,2021,3,1,309,TW,ไต้หวัน,1A,ทวีปเอเชีย,198202419.0,3639825.0
2021-03,2021,3,1,315,DE,เยอรมนี,1B,ทวีปยุโรป,158870399.0,1317655.0
2021-03,2021,3,1,302,CN,จีน,1A,ทวีปเอเชีย,215917303.0,1714098.0
2021-03,2021,3,1,279,IN,อินเดีย,1A,ทวีปเอเชีย,152518499.0,3024650.0
2021-03,2021,3,1,320,GB,สหราชอาณาจักร,1B,ทวีปยุโรป,131110727.0,890295.0
2021-03,2021,3,1,371,CA,แคนาดา,1C,ทวีปอเมริกาเหนือ,96248311.0,625476.0
2021-03,2021,3,1,306,KR,เกาหลีใต้,1A,ทวีปเอเชีย,90695844.0,838976.0
2021-03,2021,3,1,313,BE,เบลเยียม,1B,ทวีปยุโรป,117726227.0,795535.0
2021-03,2021,3,1,303,HK,ฮ่องกง,1A,ทวีปเอเชีย,63950645.0,601787.0
2021-03,2021,3,1,273,SG,สิงคโปร์,1A,ทวีปเอเชีย,59426251.0,605387.0
2021-03,2021,3,1,274,VN,เวียดนาม,1A,ทวีปเอเชีย,48071996.0,1139666.0
2021-03,2021,3,1,497,NZ,นิวซีแลนด์,1F,ทวีปออสเตรเลีย,56899643.0,828385.0
2021-03,2021,3,1,319,FR,ฝรั่งเศส,1B,ทวีปยุโรป,51343547.0,332565.0
2021-03,2021,3,1,285,AE,สหรัฐอาหรับเอมิเรตส์,1A,ทวีปเอเชีย,43314457.0,797335.0
2021-03,2021,3,1,296,SA,ซาอุดีอาระเบีย,1A,ทวีปเอเชีย,27431786.0,436415.0
2021-03,2021,3,1,270,MM,เมียนมา,1A,ทวีปเอเชีย,23674288.0,761647.0
2021-03,2021,3,1,325,NL,เนเธอร์แลนด์,1B,ทวีปยุโรป,13903316.0,103591.0
2021-03,2021,3,1,345,RU,รัสเซีย,1B,ทวีปยุโรป,23303312.0,160435.0
2021-03,2021,3,1,266,BN,บรูไน,1A,ทวีปเอเชีย,16707292.0,398861.0
2021-03,2021,3,1,409,BR,บราซิล,1D,ทวีปอเมริกาใต้,25177013.0,181465.0
2021-03,2021,3,1,327,SE,สวีเดน,1B,ทวีปยุโรป,12457019.0,68763.0
2021-03,2021,3,1,283,PK,ปากีสถาน,1A,ทวีปเอเชีย,17306744.0,348603.0
2021-03,2021,3,1,288,IL,อิสราเอล,1A,ทวีปเอเชีย,8624547.0,58884.0
2021-03,2021,3,1,456,MU,มอริเชียส,1E,ทวีปแอฟริกา,5413109.0,122336.0
2021-03,2021,3,1,298,TR,ตุรกี,1A,ทวีปเอเชีย,9047747.0,106645.0
2021-03,2021,3,1,268,KH,กัมพูชา,1A,ทวีปเอเชีย,4474491.0,101640.0
2021-03,2021,3,1,478,ZA,แอฟริกาใต้,1E,ทวีปแอฟริกา,6065578.0,126076.0
2021-03,2021,3,1,318,FI,ฟินแลนด์,1B,ทวีปยุโรป,3396668.0,27630.0
2021-03,2021,3,1,280,LK,ศรีลังกา,1A,ทวีปเอเชีย,5776235.0,139166.0
2021-03,2021,3,1,269,LA,สปป. ลาว,1A,ทวีปเอเชีย,3335441.0,97864.0
2021-03,2021,3,1,410,CL,ชิลี,1D,ทวีปอเมริกาใต้,3781648.0,37698.0
2021-03,2021,3,1,365,MT,มอลตา,1B,ทวีปยุโรป,2567483.0,26412.0
2021-03,2021,3,1,362,LT,ลิทัวเนีย,1B,ทวีปยุโรป,1183443.0,9679.0
2021-03,2021,3,1,292,KW,คูเวต,1A,ทวีปเอเชีย,4174503.0,74387.0
2021-03,2021,3,1,356,CH,สวิตเซอร์แลนด์,1B,ทวีปยุโรป,2962353.0,17472.0
2021-03,2021,3,1,317,ES,สเปน,1B,ทวีปยุโรป,1581833.0,11580.0
2021-03,2021,3,1,498,PF,เฟรนช์โปลีนีเซีย,1F,ทวีปออสเตรเลีย,2043805.0,57609.0
2021-03,2021,3,1,286,BH,บาห์เรน,1A,ทวีปเอเชีย,2417785.0,52498.0
2021-03,2021,3,1,351,UA,ยูเครน,1B,ทวีปยุโรป,1275146.0,7853.0
2021-03,2021,3,1,316,DK,เดนมาร์ก,1B,ทวีปยุโรป,2395828.0,18355.0
2021-03,2021,3,1,476,TZ,แทนซาเนีย,1E,ทวีปแอฟริกา,799349.0,24521.0
2021-03,2021,3,1,277,BD,บังกลาเทศ,1A,ทวีปเอเชีย,772221.0,17064.0
2021-03,2021,3,1,312,AT,ออสเตรีย,1B,ทวีปยุโรป,0.0,0.0
2021-03,2021,3,1,344,RO,โรมาเนีย,1B,ทวีปยุโรป,0.0,0.0
2021-03,2021,3,1,341,KZ,คาซัคสถาน,1A,ทวีปเอเชีย,1066196.0,48000.0
2021-03,2021,3,1,321,GR,กรีซ,1B,ทวีปยุโรป,908499.0,10389.0
2021-03,2021,3,1,343,PL,โปแลนด์,1B,ทวีปยุโรป,0.0,0.0
2021-03,2021,3,1,281,MV,มัลดีฟส์,1A,ทวีปเอเชีย,598174.0,12288.0
2021-03,2021,3,1,493,NC,นิวแคลีโดเนีย,1F,ทวีปออสเตรเลีย,0.0,0.0
2021-03,2021,3,1,447,KE,เคนยา,1E,ทวีปแอฟริกา,635740.0,17400.0
2021-03,2021,3,1,295,QA,กาตาร์,1A,ทวีปเอเชีย,288299.0,10380.0
2021-03,2021,3,1,291,JO,จอร์แดน,1A,ทวีปเอเชีย,45122.0,325.0
2021-03,2021,3,1,293,LB,เลบานอน,1A,ทวีปเอเชีย,690.0,2.0
2021-03,2021,3,1,294,OM,โอมาน,1A,ทวีปเอเชีย,213957.0,7680.0
2021-03,2021,3,1,282,NP,เนปาล,1A,ทวีปเอเชีย,199776.0,1019.0
2021-03,2021,3,1,337,GE,จอร์เจีย,1A,ทวีปเอเชีย,0.0,0.0
2021-03,2021,3,1,397,PA,ปานามา,1C,ทวีปอเมริกาเหนือ,149743.0,438.0
2021-03,2021,3,1,407,AR,อาร์เจนตินา,1D,ทวีปอเมริกาใต้,149743.0,438.0
2021-03,2021,3,1,465,SC,เซเชลส์,1E,ทวีปแอฟริกา,18750.0,94.0
2021-03,2021,3,1,336,CZ,สาธารณรัฐเช็ก,1B,ทวีปยุโรป,0.0,0.0
2021-03,2021,3,1,366,NO,นอร์เวย์,1B,ทวีปยุโรป,1997.0,6.0
2021-04,2021,4,2,373,US,สหรัฐอเมริกา,1C,ทวีปอเมริกาเหนือ,1479294313.0,9353190.0
2021-04,2021,4,2,304,JP,ญี่ปุ่น,1A,ทวีปเอเชีย,738717859.0,9160376.0
2021-04,2021,4,2,271,MY,มาเลเซีย,1A,ทวีปเอเชีย,356147349.0,8153304.0
2021-04,2021,4,2,323,IT,อิตาลี,1B,ทวีปยุโรป,329105215.0,2215715.0
2021-04,2021,4,2,483,AU,ออสเตรเลีย,1F,ทวีปออสเตรเลีย,302027828.0,2995261.0
2021-04,2021,4,2,267,ID,อินโดนีเซีย,1A,ทวีปเอเชีย,161567403.0,3804006.0
2021-04,2021,4,2,309,TW,ไต้หวัน,1A,ทวีปเอเชีย,170608890.0,2356463.0
2021-04,2021,4,2,272,PH,ฟิลิปปินส์,1A,ทวีปเอเชีย,142961950.0,3335848.0
2021-04,2021,4,2,302,CN,จีน,1A,ทวีปเอเชีย,178471601.0,1339012.0
2021-04,2021,4,2,315,DE,เยอรมนี,1B,ทวีปยุโรป,135895627.0,1045527.0
2021-04,2021,4,2,279,IN,อินเดีย,1A,ทวีปเอเชีย,137536249.0,2586046.0
2021-04,2021,4,2,320,GB,สหราชอาณาจักร,1B,ทวีปยุโรป,72038313.0,533436.0
2021-04,2021,4,2,371,CA,แคนาดา,1C,ทวีปอเมริกาเหนือ,85093671.0,433304.0
2021-04,2021,4,2,306,KR,เกาหลีใต้,1A,ทวีปเอเชีย,64876546.0,596301.0
2021-04,2021,4,2,313,BE,เบลเยียม,1B,ทวีปยุโรป,55630768.0,339684.0
2021-04,2021,4,2,273,SG,สิงคโปร์,1A,ทวีปเอเชีย,55950881.0,501134.0
2021-04,2021,4,2,303,HK,ฮ่องกง,1A,ทวีปเอเชีย,47385644.0,505055.0
2021-04,2021,4,2,274,VN,เวียดนาม,1A,ทวีปเอเชีย,41647580.0,932209.0
2021-04,2021,4,2,497,NZ,นิวซีแลนด์,1F,ทวีปออสเตรเลีย,36499887.0,451063.0
2021-04,2021,4,2,319,FR,ฝรั่งเศส,1B,ทวีปยุโรป,35254248.0,218486.0
2021-04,2021,4,2,285,AE,สหรัฐอาหรับเอมิเรตส์,1A,ทวีปเอเชีย,29343801.0,457928.0
2021-04,2021,4,2,296,SA,ซาอุดีอาระเบีย,1A,ทวีปเอเชีย,33725104.0,466454.0
2021-04,2021,4,2,325,NL,เนเธอร์แลนด์,1B,ทวีปยุโรป,32327580.0,224158.0
2021-04,2021,4,2,270,MM,เมียนมา,1A,ทวีปเอเชีย,25954153.0,824651.0
2021-04,2021,4,2,345,RU,รัสเซีย,1B,ทวีปยุโรป,29405445.0,284484.0
2021-04,2021,4,2,266,BN,บรูไน,1A,ทวีปเอเชีย,14249653.0,325279.0
2021-04,2021,4,2,409,BR,บราซิล,1D,ทวีปอเมริกาใต้,0.0,0.0
2021-04,2021,4,2,288,IL,อิสราเอล,1A,ทวีปเอเชีย,12386734.0,72179.0
2021-04,2021,4,2,327,SE,สวีเดน,1B,ทวีปยุโรป,7922463.0,56460.0
2021-04,2021,4,2,283,PK,ปากีสถาน,1A,ทวีปเอเชีย,4317520.0,89782.0
2021-04,2021,4,2,456,MU,มอริเชียส,1E,ทวีปแอฟริกา,2555989.0,61344.0
2021-04,2021,4,2,298,TR,ตุรกี,1A,ทวีปเอเชีย,2520751.0,19897.0
2021-04,2021,4,2,318,FI,ฟินแลนด์,1B,ทวีปยุโรป,6151736.0,45307.0
2021-04,2021,4,2,478,ZA,แอฟริกาใต้,1E,ทวีปแอฟริกา,4313247.0,65282.0
2021-04,2021,4,2,365,MT,มอลตา,1B,ทวีปยุโรป,5816140.0,41174.0
2021-04,2021,4,2,268,KH,กัมพูชา,1A,ทวีปเอเชีย,2091838.0,56359.0
2021-04,2021,4,2,410,CL,ชิลี,1D,ทวีปอเมริกาใต้,4393829.0,13752.0
2021-04,2021,4,2,269,LA,สปป. ลาว,1A,ทวีปเอเชีย,3583864.0,117988.0
2021-04,2021,4,2,362,LT,ลิทัวเนีย,1B,ทวีปยุโรป,4740161.0,22848.0
2021-04,2021,4,2,280,LK,ศรีลังกา,1A,ทวีปเอเชีย,0.0,0.0
2021-04,2021,4,2,292,KW,คูเวต,1A,ทวีปเอเชีย,2399117.0,31977.0
2021-04,2021,4,2,351,UA,ยูเครน,1B,ทวีปยุโรป,5244473.0,31878.0
2021-04,2021,4,2,356,CH,สวิตเซอร์แลนด์,1B,ทวีปยุโรป,1286213.0,7475.0
2021-04,2021,4,2,317,ES,สเปน,1B,ทวีปยุโรป,1443414.0,15116.0
2021-04,2021,4,2,286,BH,บาห์เรน,1A,ทวีปเอเชีย,1184925.0,33176.0
2021-04,2021,4,2,498,PF,เฟรนช์โปลีนีเซีย,1F,ทวีปออสเตรเลีย,0.0,0.0
2021-04,2021,4,2,277,BD,บังกลาเทศ,1A,ทวีปเอเชีย,1168155.0,23212.0
2021-04,2021,4,2,316,DK,เดนมาร์ก,1B,ทวีปยุโรป,0.0,0.0
2021-04,2021,4,2,476,TZ,แทนซาเนีย,1E,ทวีปแอฟริกา,0.0,0.0
2021-04,2021,4,2,411,CO,โคลอมเบีย,1D,ทวีปอเมริกาใต้,1915919.0,8736.0
2021-04,2021,4,2,312,AT,ออสเตรีย,1B,ทวีปยุโรป,0.0,0.0
2021-04,2021,4,2,344,RO,โรมาเนีย,1B,ทวีปยุโรป,0.0,0.0
2021-04,2021,4,2,447,KE,เคนยา,1E,ทวีปแอฟริกา,490854.0,17280.0
2021-04,2021,4,2,282,NP,เนปาล,1A,ทวีปเอเชีย,882831.0,14149.0
2021-04,2021,4,2,341,KZ,คาซัคสถาน,1A,ทวีปเอเชีย,0.0,0.0
2021-04,2021,4,2,291,JO,จอร์แดน,1A,ทวีปเอเชีย,445953.0,10901.0
2021-04,2021,4,2,321,GR,กรีซ,1B,ทวีปยุโรป,0.0,0.0
2021-04,2021,4,2,407,AR,อาร์เจนตินา,1D,ทวีปอเมริกาใต้,618238.0,1752.0
2021-04,2021,4,2,343,PL,โปแลนด์,1B,ทวีปยุโรป,0.0,0.0
2021-04,2021,4,2,281,MV,มัลดีฟส์,1A,ทวีปเอเชีย,0.0,0.0
2021-04,2021,4,2,493,NC,นิวแคลีโดเนีย,1F,ทวีปออสเตรเลีย,0.0,0.0
2021-04,2021,4,2,295,QA,กาตาร์,1A,ทวีปเอเชีย,0.0,0.0
2021-04,2021,4,2,293,LB,เลบานอน,1A,ทวีปเอเชีย,0.0,0.0
2021-04,2021,4,2,465,SC,เซเชลส์,1E,ทวีปแอฟริกา,143975.0,2000.0
2021-04,2021,4,2,294,OM,โอมาน,1A,ทวีปเอเชีย,0.0,0.0
2021-04,2021,4,2,337,GE,จอร์เจีย,1A,ทวีปเอเชีย,0.0,0.0
2021-04,2021,4,2,397,PA,ปานามา,1C,ทวีปอเมริกาเหนือ,0.0,0.0
2021-04,2021,4,2,381,CR,คอสตาริกา,1C,ทวีปอเมริกาเหนือ,108236.0,301.0
2021-04,2021,4,2,336,CZ,สาธารณรัฐเช็ก,1B,ทวีปยุโรป,0.0,0.0
2021-04,2021,4,2,366,NO,นอร์เวย์,1B,ทวีปยุโรป,0.0,0.0
2021-05,2021,5,2,373,US,สหรัฐอเมริกา,1C,ทวีปอเมริกาเหนือ,1429340764.0,8912738.0
2021-05,2021,5,2,304,JP,ญี่ปุ่น,1A,ทวีปเอเชีย,770116939.0,9693245.0
2021-05,2021,5,2,271,MY,มาเลเซีย,1A,ทวีปเอเชีย,405076081.0,9630202.0
2021-05,2021,5,2,323,IT,อิตาลี,1B,ทวีปยุโรป,409981072.0,2694745.0
2021-05,2021,5,2,483,AU,ออสเตรเลีย,1F,ทวีปออสเตรเลีย,310452445.0,3495509.0
2021-05,2021,5,2,267,ID,อินโดนีเซีย,1A,ทวีปเอเชีย,260946155.0,6062455.0
2021-05,2021,5,2,309,TW,ไต้หวัน,1A,ทวีปเอเชีย,190753926.0,2603832.0
2021-05,2021,5,2,272,PH,ฟิลิปปินส์,1A,ทวีปเอเชีย,206823583.0,5176528.0
2021-05,2021,5,2,302,CN,จีน,1A,ทวีปเอเชีย,172224617.0,1343444.0
2021-05,2021,5,2,315,DE,เยอรมนี,1B,ทวีปยุโรป,149406401.0,1209397.0
2021-05,2021,5,2,279,IN,อินเดีย,1A,ทวีปเอเชีย,116727093.0,2275573.0
2021-05,2021,5,2,320,GB,สหราชอาณาจักร,1B,ทวีปยุโรป,172149970.0,1075256.0
2021-05,2021,5,2,306,KR,เกาหลีใต้,1A,ทวีปเอเชีย,114076666.0,1058804.0
2021-05,2021,5,2,371,CA,แคนาดา,1C,ทวีปอเมริกาเหนือ,86783367.0,509940.0
2021-05,2021,5,2,313,BE,เบลเยียม,1B,ทวีปยุโรป,70335099.0,404743.0
2021-05,2021,5,2,303,HK,ฮ่องกง,1A,ทวีปเอเชีย,49311346.0,509366.0
2021-05,2021,5,2,273,SG,สิงคโปร์,1A,ทวีปเอเชีย,41948535.0,433169.0
2021-05,2021,5,2,274,VN,เวียดนาม,1A,ทวีปเอเชีย,33817175.0,869116.0
2021-05,2021,5,2,319,FR,ฝรั่งเศส,1B,ทวีปยุโรป,53435321.0,332438.0
2021-05,2021,5,2,497,NZ,นิวซีแลนด์,1F,ทวีปออสเตรเลีย,40063426.0,457752.0
2021-05,2021,5,2,285,AE,สหรัฐอาหรับเอมิเรตส์,1A,ทวีปเอเชีย,31488897.0,631901.0
2021-05,2021,5,2,296,SA,ซาอุดีอาระเบีย,1A,ทวีปเอเชีย,17650816.0,264633.0
2021-05,2021,5,2,270,MM,เมียนมา,1A,ทวีปเอเชีย,31630255.0,992118.0
2021-05,2021,5,2,325,NL,เนเธอร์แลนด์,1B,ทวีปยุโรป,20515811.0,127449.0
2021-05,2021,5,2,345,RU,รัสเซีย,1B,ทวีปยุโรป,3344702.0,20419.0
2021-05,2021,5,2,266,BN,บรูไน,1A,ทวีปเอเชีย,9204576.0,237791.0
2021-05,2021,5,2,288,IL,อิสราเอล,1A,ทวีปเอเชีย,12036604.0,73874.0
2021-05,2021,5,2,327,SE,สวีเดน,1B,ทวีปยุโรป,10144574.0,56503.0
2021-05,2021,5,2,409,BR,บราซิล,1D,ทวีปอเมริกาใต้,0.0,0.0
2021-05,2021,5,2,283,PK,ปากีสถาน,1A,ทวีปเอเชีย,6134524.0,93597.0
2021-05,2021,5,2,456,MU,มอริเชียส,1E,ทวีปแอฟริกา,7276419.0,149684.0
2021-05,2021,5,2,478,ZA,แอฟริกาใต้,1E,ทวีปแอฟริกา,6516795.0,77150.0
2021-05,2021,5,2,268,KH,กัมพูชา,1A,ทวีปเอเชีย,5793509.0,115767.0
2021-05,2021,5,2,318,FI,ฟินแลนด์,1B,ทวีปยุโรป,2261046.0,18744.0
2021-05,2021,5,2,298,TR,ตุรกี,1A,ทวีปเอเชีย,1863547.0,12113.0
2021-05,2021,5,2,269,LA,สปป. ลาว,1A,ทวีปเอเชีย,2969270.0,87843.0
2021-05,2021,5,2,280,LK,ศรีลังกา,1A,ทวีปเอเชีย,5051509.0,127480.0
2021-05,2021,5,2,410,CL,ชิลี,1D,ทวีปอเมริกาใต้,1260354.0,4673.0
2021-05,2021,5,2,365,MT,มอลตา,1B,ทวีปยุโรป,0.0,0.0
2021-05,2021,5,2,362,LT,ลิทัวเนีย,1B,ทวีปยุโรป,0.0,0.0
2021-05,2021,5,2,292,KW,คูเวต,1A,ทวีปเอเชีย,889724.0,6186.0
2021-05,2021,5,2,356,CH,สวิตเซอร์แลนด์,1B,ทวีปยุโรป,3100798.0,18176.0
2021-05,2021,5,2,351,UA,ยูเครน,1B,ทวีปยุโรป,1481114.0,7966.0
2021-05,2021,5,2,317,ES,สเปน,1B,ทวีปยุโรป,782082.0,6410.0
2021-05,2021,5,2,286,BH,บาห์เรน,1A,ทวีปเอเชีย,849315.0,20994.0
2021-05,2021,5,2,498,PF,เฟรนช์โปลีนีเซีย,1F,ทวีปออสเตรเลีย,975933.0,26887.0
2021-05,2021,5,2,277,BD,บังกลาเทศ,1A,ทวีปเอเชีย,1052992.0,23820.0
2021-05,2021,5,2,316,DK,เดนมาร์ก,1B,ทวีปยุโรป,0.0,0.0
2021-05,2021,5,2,476,TZ,แทนซาเนีย,1E,ทวีปแอฟริกา,0.0,0.0
2021-05,2021,5,2,411,CO,โคลอมเบีย,1D,ทวีปอเมริกาใต้,0.0,0.0
2021-05,2021,5,2,493,NC,นิวแคลีโดเนีย,1F,ทวีปออสเตรเลีย,1184337.0,34345.0
2021-05,2021,5,2,312,AT,ออสเตรีย,1B,ทวีปยุโรป,0.0,0.0
2021-05,2021,5,2,281,MV,มัลดีฟส์,1A,ทวีปเอเชีย,837211.0,14792.0
2021-05,2021,5,2,305,KP,เกาหลีเหนือ,1A,ทวีปเอเชีย,1329178.0,7277.0
2021-05,2021,5,2,344,RO,โรมาเนีย,1B,ทวีปยุโรป,0.0,0.0
2021-05,2021,5,2,447,KE,เคนยา,1E,ทวีปแอฟริกา,0.0,0.0
2021-05,2021,5,2,282,NP,เนปาล,1A,ทวีปเอเชีย,0.0,0.0
2021-05,2021,5,2,341,KZ,คาซัคสถาน,1A,ทวีปเอเชีย,0.0,0.0
2021-05,2021,5,2,293,LB,เลบานอน,1A,ทวีปเอเชีย,533257.0,11941.0
2021-05,2021,5,2,291,JO,จอร์แดน,1A,ทวีปเอเชีย,0.0,0.0
2021-05,2021,5,2,321,GR,กรีซ,1B,ทวีปยุโรป,0.0,0.0
2021-05,2021,5,2,407,AR,อาร์เจนตินา,1D,ทวีปอเมริกาใต้,0.0,0.0
2021-05,2021,5,2,343,PL,โปแลนด์,1B,ทวีปยุโรป,0.0,0.0
2021-05,2021,5,2,363,LV,ลัตเวีย,1B,ทวีปยุโรป,598965.0,10695.0
2021-05,2021,5,2,295,QA,กาตาร์,1A,ทวีปเอเชีย,0.0,0.0
2021-05,2021,5,2,465,SC,เซเชลส์,1E,ทวีปแอฟริกา,3850.0,10.0
2021-05,2021,5,2,294,OM,โอมาน,1A,ทวีปเอเชีย,0.0,0.0
2021-05,2021,5,2,337,GE,จอร์เจีย,1A,ทวีปเอเชีย,0.0,0.0
2021-05,2021,5,2,397,PA,ปานามา,1C,ทวีปอเมริกาเหนือ,0.0,0.0
2021-05,2021,5,2,381,CR,คอสตาริกา,1C,ทวีปอเมริกาเหนือ,0.0,0.0
2021-05,2021,5,2,336,CZ,สาธารณรัฐเช็ก,1B,ทวีปยุโรป,60.0,0.0
2021-05,2021,5,2,366,NO,นอร์เวย์,1B,ทวีปยุโรป,0.0,0.0
2021-06,2021,6,2,373,US,สหรัฐอเมริกา,1C,ทวีปอเมริกาเหนือ,1597749921.0,9125416.0
2021-06,2021,6,2,304,JP,ญี่ปุ่น,1A,ทวีปเอเชีย,707920149.0,8570478.0
2021-06,2021,6,2,323,IT,อิตาลี,1B,ทวีปยุโรป,482600957.0,3223372.0
2021-06,2021,6,2,271,MY,มาเลเซีย,1A,ทวีปเอเชีย,392249143.0,9044231.0
2021-06,2021,6,2,483,AU,ออสเตรเลีย,1F,ทวีปออสเตรเลีย,369326259.0,4336607.0
2021-06,2021,6,2,267,ID,อินโดนีเซีย,1A,ทวีปเอเชีย,175301557.0,3845717.0
2021-06,2021,6,2,272,PH,ฟิลิปปินส์,1A,ทวีปเอเชีย,223473036.0,5308966.0
2021-06,2021,6,2,309,TW,ไต้หวัน,1A,ทวีปเอเชีย,188368238.0,2569774.0
2021-06,2021,6,2,315,DE,เยอรมนี,1B,ทวีปยุโรป,222077528.0,1792527.0
2021-06,2021,6,2,302,CN,จีน,1A,ทวีปเอเชีย,108646937.0,802740.0
2021-06,2021,6,2,279,IN,อินเดีย,1A,ทวีปเอเชีย,148780008.0,2858112.0
2021-06,2021,6,2,320,GB,สหราชอาณาจักร,1B,ทวีปยุโรป,169940717.0,1117900.0
2021-06,2021,6,2,306,KR,เกาหลีใต้,1A,ทวีปเอเชีย,99952887.0,1002009.0
2021-06,2021,6,2,371,CA,แคนาดา,1C,ทวีปอเมริกาเหนือ,63893267.0,356038.0
2021-06,2021,6,2,313,BE,เบลเยียม,1B,ทวีปยุโรป,65489236.0,385737.0
2021-06,2021,6,2,273,SG,สิงคโปร์,1A,ทวีปเอเชีย,53114518.0,546007.0
2021-06,2021,6,2,303,HK,ฮ่องกง,1A,ทวีปเอเชีย,51446342.0,554643.0
2021-06,2021,6,2,319,FR,ฝรั่งเศส,1B,ทวีปยุโรป,62479597.0,354852.0
2021-06,2021,6,2,274,VN,เวียดนาม,1A,ทวีปเอเชีย,41714372.0,909119.0
2021-06,2021,6,2,497,NZ,นิวซีแลนด์,1F,ทวีปออสเตรเลีย,55410770.0,711481.0
2021-06,2021,6,2,285,AE,สหรัฐอาหรับเอมิเรตส์,1A,ทวีปเอเชีย,32317138.0,539926.0
2021-06,2021,6,2,325,NL,เนเธอร์แลนด์,1B,ทวีปยุโรป,38223296.0,248794.0
2021-06,2021,6,2,270,MM,เมียนมา,1A,ทวีปเอเชีย,27308667.0,783732.0
2021-06,2021,6,2,296,SA,ซาอุดีอาระเบีย,1A,ทวีปเอเชีย,18891721.0,221798.0
2021-06,2021,6,2,345,RU,รัสเซีย,1B,ทวีปยุโรป,26727530.0,182137.0
2021-06,2021,6,2,266,BN,บรูไน,1A,ทวีปเอเชีย,13648641.0,347933.0
2021-06,2021,6,2,288,IL,อิสราเอล,1A,ทวีปเอเชีย,10472173.0,75330.0
2021-06,2021,6,2,327,SE,สวีเดน,1B,ทวีปยุโรป,9489018.0,68208.0
2021-06,2021,6,2,409,BR,บราซิล,1D,ทวีปอเมริกาใต้,0.0,0.0
2021-06,2021,6,2,283,PK,ปากีสถาน,1A,ทวีปเอเชีย,0.0,0.0
2021-06,2021,6,2,456,MU,มอริเชียส,1E,ทวีปแอฟริกา,3605623.0,67899.0
2021-06,2021,6,2,298,TR,ตุรกี,1A,ทวีปเอเชีย,9026742.0,118284.0
2021-06,2021,6,2,268,KH,กัมพูชา,1A,ทวีปเอเชีย,5716093.0,140665.0
2021-06,2021,6,2,478,ZA,แอฟริกาใต้,1E,ทวีปแอฟริกา,1796528.0,13185.0
2021-06,2021,6,2,318,FI,ฟินแลนด์,1B,ทวีปยุโรป,5179807.0,42594.0
2021-06,2021,6,2,269,LA,สปป. ลาว,1A,ทวีปเอเชีย,5292252.0,176989.0
2021-06,2021,6,2,280,LK,ศรีลังกา,1A,ทวีปเอเชีย,2459419.0,67409.0
2021-06,2021,6,2,365,MT,มอลตา,1B,ทวีปยุโรป,2834964.0,26109.0
2021-06,2021,6,2,410,CL,ชิลี,1D,ทวีปอเมริกาใต้,1630789.0,12566.0
2021-06,2021,6,2,356,CH,สวิตเซอร์แลนด์,1B,ทวีปยุโรป,5854007.0,34803.0
2021-06,2021,6,2,292,KW,คูเวต,1A,ทวีปเอเชีย,4949881.0,66326.0
2021-06,2021,6,2,351,UA,ยูเครน,1B,ทวีปยุโรป,2267926.0,12682.0
2021-06,2021,6,2,362,LT,ลิทัวเนีย,1B,ทวีปยุโรป,0.0,0.0
2021-06,2021,6,2,317,ES,สเปน,1B,ทวีปยุโรป,1694607.0,11690.0
2021-06,2021,6,2,316,DK,เดนมาร์ก,1B,ทวีปยุโรป,5153505.0,29686.0
2021-06,2021,6,2,498,PF,เฟรนช์โปลีนีเซีย,1F,ทวีปออสเตรเลีย,1686760.0,45576.0
2021-06,2021,6,2,286,BH,บาห์เรน,1A,ทวีปเอเชีย,693118.0,22790.0
2021-06,2021,6,2,277,BD,บังกลาเทศ,1A,ทวีปเอเชีย,0.0,0.0
2021-06,2021,6,2,312,AT,ออสเตรีย,1B,ทวีปยุโรป,1682691.0,11424.0
2021-06,2021,6,2,290,IR,อิหร่าน,1A,ทวีปเอเชีย,3390433.0,8900.0
2021-06,2021,6,2,493,NC,นิวแคลีโดเนีย,1F,ทวีปออสเตรเลีย,1328070.0,38403.0
2021-06,2021,6,2,341,KZ,คาซัคสถาน,1A,ทวีปเอเชีย,1881001.0,19628.0
2021-06,2021,6,2,476,TZ,แทนซาเนีย,1E,ทวีปแอฟริกา,645415.0,21569.0
2021-06,2021,6,2,411,CO,โคลอมเบีย,1D,ทวีปอเมริกาใต้,317656.0,1076.0
2021-06,2021,6,2,295,QA,กาตาร์,1A,ทวีปเอเชีย,1423091.0,18703.0
2021-06,2021,6,2,281,MV,มัลดีฟส์,1A,ทวีปเอเชีย,440067.0,12672.0
2021-06,2021,6,2,407,AR,อาร์เจนตินา,1D,ทวีปอเมริกาใต้,727710.0,3562.0
2021-06,2021,6,2,282,NP,เนปาล,1A,ทวีปเอเชีย,385173.0,1899.0
2021-06,2021,6,2,305,KP,เกาหลีเหนือ,1A,ทวีปเอเชีย,0.0,0.0
2021-06,2021,6,2,344,RO,โรมาเนีย,1B,ทวีปยุโรป,0.0,0.0
2021-06,2021,6,2,447,KE,เคนยา,1E,ทวีปแอฟริกา,0.0,0.0
2021-06,2021,6,2,293,LB,เลบานอน,1A,ทวีปเอเชีย,0.0,0.0
2021-06,2021,6,2,291,JO,จอร์แดน,1A,ทวีปเอเชีย,0.0,0.0
2021-06,2021,6,2,321,GR,กรีซ,1B,ทวีปยุโรป,0.0,0.0
2021-06,2021,6,2,378,BM,เบอร์มิวดา,1C,ทวีปอเมริกาเหนือ,748493.0,25000.0
2021-06,2021,6,2,343,PL,โปแลนด์,1B,ทวีปยุโรป,0.0,0.0
2021-06,2021,6,2,363,LV,ลัตเวีย,1B,ทวีปยุโรป,0.0,0.0
2021-06,2021,6,2,294,OM,โอมาน,1A,ทวีปเอเชีย,206683.0,5400.0
2021-06,2021,6,2,307,MN,มองโกเลีย,1A,ทวีปเอเชีย,401549.0,9120.0
2021-06,2021,6,2,465,SC,เซเชลส์,1E,ทวีปแอฟริกา,22500.0,130.0
2021-06,2021,6,2,337,GE,จอร์เจีย,1A,ทวีปเอเชีย,0.0,0.0
2021-06,2021,6,2,397,PA,ปานามา,1C,ทวีปอเมริกาเหนือ,0.0,0.0
2021-06,2021,6,2,381,CR,คอสตาริกา,1C,ทวีปอเมริกาเหนือ,0.0,0.0
2021-06,2021,6,2,336,CZ,สาธารณรัฐเช็ก,1B,ทวีปยุโรป,0.0,0.0
2021-06,2021,6,2,366,NO,นอร์เวย์,1B,ทวีปยุโรป,0.0,0.0
2021-07,2021,7,3,373,US,สหรัฐอเมริกา,1C,ทวีปอเมริกาเหนือ,1353749550.0,8367769.0
2021-07,2021,7,3,304,JP,ญี่ปุ่น,1A,ทวีปเอเชีย,787965982.0,9254260.0
2021-07,2021,7,3,323,IT,อิตาลี,1B,ทวีปยุโรป,357710456.0,2390159.0
2021-07,2021,7,3,271,MY,มาเลเซีย,1A,ทวีปเอเชีย,369018711.0,8043041.0
2021-07,2021,7,3,483,AU,ออสเตรเลีย,1F,ทวีปออสเตรเลีย,244354689.0,2439402.0
2021-07,2021,7,3,267,ID,อินโดนีเซีย,1A,ทวีปเอเชีย,186418601.0,4528923.0
2021-07,2021,7,3,272,PH,ฟิลิปปินส์,1A,ทวีปเอเชีย,200398044.0,4722321.0
2021-07,2021,7,3,309,TW,ไต้หวัน,1A,ทวีปเอเชีย,126195859.0,2473220.0
2021-07,2021,7,3,315,DE,เยอรมนี,1B,ทวีปยุโรป,167073507.0,1265395.0
2021-07,2021,7,3,302,CN,จีน,1A,ทวีปเอเชีย,142342718.0,1039925.0
2021-07,2021,7,3,279,IN,อินเดีย,1A,ทวีปเอเชีย,164204571.0,3121872.0
2021-07,2021,7,3,320,GB,สหราชอาณาจักร,1B,ทวีปยุโรป,140468555.0,970126.0
2021-07,2021,7,3,306,KR,เกาหลีใต้,1A,ทวีปเอเชีย,82009403.0,810691.0
2021-07,2021,7,3,371,CA,แคนาดา,1C,ทวีปอเมริกาเหนือ,80890298.0,468415.0
2021-07,2021,7,3,313,BE,เบลเยียม,1B,ทวีปยุโรป,67385517.0,410958.0
2021-07,2021,7,3,273,SG,สิงคโปร์,1A,ทวีปเอเชีย,47099605.0,471345.0
2021-07,2021,7,3,303,HK,ฮ่องกง,1A,ทวีปเอเชีย,26613927.0,280065.0
2021-07,2021,7,3,319,FR,ฝรั่งเศส,1B,ทวีปยุโรป,40131283.0,227897.0
2021-07,2021,7,3,274,VN,เวียดนาม,1A,ทวีปเอเชีย,47694461.0,1134632.0
2021-07,2021,7,3,497,NZ,นิวซีแลนด์,1F,ทวีปออสเตรเลีย,39755692.0,565300.0
2021-07,2021,7,3,285,AE,สหรัฐอาหรับเอมิเรตส์,1A,ทวีปเอเชีย,32782643.0,532857.0
2021-07,2021,7,3,296,SA,ซาอุดีอาระเบีย,1A,ทวีปเอเชีย,47243119.0,674091.0
2021-07,2021,7,3,325,NL,เนเธอร์แลนด์,1B,ทวีปยุโรป,22566525.0,148556.0
2021-07,2021,7,3,270,MM,เมียนมา,1A,ทวีปเอเชีย,22349815.0,642725.0
2021-07,2021,7,3,345,RU,รัสเซีย,1B,ทวีปยุโรป,18708935.0,125969.0
2021-07,2021,7,3,266,BN,บรูไน,1A,ทวีปเอเชีย,8134916.0,183547.0
2021-07,2021,7,3,288,IL,อิสราเอล,1A,ทวีปเอเชีย,5778080.0,42221.0
2021-07,2021,7,3,327,SE,สวีเดน,1B,ทวีปยุโรป,5453481.0,34272.0
2021-07,2021,7,3,409,BR,บราซิล,1D,ทวีปอเมริกาใต้,0.0,0.0
2021-07,2021,7,3,283,PK,ปากีสถาน,1A,ทวีปเอเชีย,4977466.0,102748.0
2021-07,2021,7,3,456,MU,มอริเชียส,1E,ทวีปแอฟริกา,2994531.0,68269.0
2021-07,2021,7,3,298,TR,ตุรกี,1A,ทวีปเอเชีย,3043900.0,20410.0
2021-07,2021,7,3,410,CL,ชิลี,1D,ทวีปอเมริกาใต้,13367119.0,55868.0
2021-07,2021,7,3,268,KH,กัมพูชา,1A,ทวีปเอเชีย,3690433.0,88953.0
2021-07,2021,7,3,318,FI,ฟินแลนด์,1B,ทวีปยุโรป,5295833.0,39237.0
2021-07,2021,7,3,478,ZA,แอฟริกาใต้,1E,ทวีปแอฟริกา,3703075.0,57202.0
2021-07,2021,7,3,269,LA,สปป. ลาว,1A,ทวีปเอเชีย,3021017.0,85618.0
2021-07,2021,7,3,365,MT,มอลตา,1B,ทวีปยุโรป,1361725.0,8810.0
2021-07,2021,7,3,280,LK,ศรีลังกา,1A,ทวีปเอเชีย,712901.0,13891.0
2021-07,2021,7,3,356,CH,สวิตเซอร์แลนด์,1B,ทวีปยุโรป,829078.0,4320.0
2021-07,2021,7,3,292,KW,คูเวต,1A,ทวีปเอเชีย,642488.0,4940.0
2021-07,2021,7,3,351,UA,ยูเครน,1B,ทวีปยุโรป,1458812.0,9173.0
2021-07,2021,7,3,362,LT,ลิทัวเนีย,1B,ทวีปยุโรป,1308752.0,9790.0
2021-07,2021,7,3,317,ES,สเปน,1B,ทวีปยุโรป,3109823.0,15878.0
2021-07,2021,7,3,316,DK,เดนมาร์ก,1B,ทวีปยุโรป,0.0,0.0
2021-07,2021,7,3,286,BH,บาห์เรน,1A,ทวีปเอเชีย,787881.0,19787.0
2021-07,2021,7,3,498,PF,เฟรนช์โปลีนีเซีย,1F,ทวีปออสเตรเลีย,0.0,0.0
2021-07,2021,7,3,312,AT,ออสเตรีย,1B,ทวีปยุโรป,1712151.0,11424.0
2021-07,2021,7,3,277,BD,บังกลาเทศ,1A,ทวีปเอเชีย,471869.0,11100.0
2021-07,2021,7,3,341,KZ,คาซัคสถาน,1A,ทวีปเอเชีย,933961.0,23165.0
2021-07,2021,7,3,476,TZ,แทนซาเนีย,1E,ทวีปแอฟริกา,685845.0,22536.0
2021-07,2021,7,3,290,IR,อิหร่าน,1A,ทวีปเอเชีย,0.0,0.0
2021-07,2021,7,3,493,NC,นิวแคลีโดเนีย,1F,ทวีปออสเตรเลีย,0.0,0.0
2021-07,2021,7,3,343,PL,โปแลนด์,1B,ทวีปยุโรป,2196715.0,10523.0
2021-07,2021,7,3,295,QA,กาตาร์,1A,ทวีปเอเชีย,260877.0,10386.0
2021-07,2021,7,3,411,CO,โคลอมเบีย,1D,ทวีปอเมริกาใต้,0.0,0.0
2021-07,2021,7,3,281,MV,มัลดีฟส์,1A,ทวีปเอเชีย,207086.0,8377.0
2021-07,2021,7,3,407,AR,อาร์เจนตินา,1D,ทวีปอเมริกาใต้,473452.0,1314.0
2021-07,2021,7,3,282,NP,เนปาล,1A,ทวีปเอเชีย,304654.0,8384.0
2021-07,2021,7,3,447,KE,เคนยา,1E,ทวีปแอฟริกา,520589.0,6769.0
2021-07,2021,7,3,291,JO,จอร์แดน,1A,ทวีปเอเชีย,542788.0,12056.0
2021-07,2021,7,3,305,KP,เกาหลีเหนือ,1A,ทวีปเอเชีย,0.0,0.0
2021-07,2021,7,3,344,RO,โรมาเนีย,1B,ทวีปยุโรป,0.0,0.0
2021-07,2021,7,3,293,LB,เลบานอน,1A,ทวีปเอเชีย,0.0,0.0
2021-07,2021,7,3,321,GR,กรีซ,1B,ทวีปยุโรป,0.0,0.0
2021-07,2021,7,3,378,BM,เบอร์มิวดา,1C,ทวีปอเมริกาเหนือ,0.0,0.0
2021-07,2021,7,3,294,OM,โอมาน,1A,ทวีปเอเชีย,246532.0,7680.0
2021-07,2021,7,3,363,LV,ลัตเวีย,1B,ทวีปยุโรป,0.0,0.0
2021-07,2021,7,3,307,MN,มองโกเลีย,1A,ทวีปเอเชีย,133503.0,1199.0
2021-07,2021,7,3,397,PA,ปานามา,1C,ทวีปอเมริกาเหนือ,323417.0,891.0
2021-07,2021,7,3,465,SC,เซเชลส์,1E,ทวีปแอฟริกา,85750.0,2280.0
2021-07,2021,7,3,337,GE,จอร์เจีย,1A,ทวีปเอเชีย,0.0,0.0
2021-07,2021,7,3,381,CR,คอสตาริกา,1C,ทวีปอเมริกาเหนือ,0.0,0.0
2021-07,2021,7,3,336,CZ,สาธารณรัฐเช็ก,1B,ทวีปยุโรป,0.0,0.0
2021-07,2021,7,3,366,NO,นอร์เวย์,1B,ทวีปยุโรป,0.0,0.0
2021-08,2021,8,3,373,US,สหรัฐอเมริกา,1C,ทวีปอเมริกาเหนือ,1576993588.0,9173282.0
2021-08,2021,8,3,304,JP,ญี่ปุ่น,1A,ทวีปเอเชีย,697613899.0,7460125.0
2021-08,2021,8,3,271,MY,มาเลเซีย,1A,ทวีปเอเชีย,336155242.0,7186856.0
2021-08,2021,8,3,323,IT,อิตาลี,1B,ทวีปยุโรป,310457351.0,2045605.0
2021-08,2021,8,3,483,AU,ออสเตรเลีย,1F,ทวีปออสเตรเลีย,339328547.0,4099629.0
2021-08,2021,8,3,267,ID,อินโดนีเซีย,1A,ทวีปเอเชีย,173545042.0,4044598.0
2021-08,2021,8,3,272,PH,ฟิลิปปินส์,1A,ทวีปเอเชีย,200952986.0,4654550.0
2021-08,2021,8,3,309,TW,ไต้หวัน,1A,ทวีปเอเชีย,213006514.0,2579866.0
2021-08,2021,8,3,315,DE,เยอรมนี,1B,ทวีปยุโรป,234474333.0,1857107.0
2021-08,2021,8,3,302,CN,จีน,1A,ทวีปเอเชีย,178436412.0,1140682.0
2021-08,2021,8,3,279,IN,อินเดีย,1A,ทวีปเอเชีย,130464748.0,2628294.0
2021-08,2021,8,3,320,GB,สหราชอาณาจักร,1B,ทวีปยุโรป,112287676.0,788431.0
2021-08,2021,8,3,306,KR,เกาหลีใต้,1A,ทวีปเอเชีย,78391861.0,671013.0
2021-08,2021,8,3,371,CA,แคนาดา,1C,ทวีปอเมริกาเหนือ,119693195.0,740385.0
2021-08,2021,8,3,313,BE,เบลเยียม,1B,ทวีปยุโรป,44507281.0,261137.0
2021-08,2021,8,3,303,HK,ฮ่องกง,1A,ทวีปเอเชีย,78230420.0,612711.0
2021-08,2021,8,3,273,SG,สิงคโปร์,1A,ทวีปเอเชีย,55256431.0,440672.0
2021-08,2021,8,3,497,NZ,นิวซีแลนด์,1F,ทวีปออสเตรเลีย,55780296.0,672980.0
2021-08,2021,8,3,319,FR,ฝรั่งเศส,1B,ทวีปยุโรป,37675360.0,211570.0
2021-08,2021,8,3,274,VN,เวียดนาม,1A,ทวีปเอเชีย,35098691.0,705174.0
2021-08,2021,8,3,285,AE,สหรัฐอาหรับเอมิเรตส์,1A,ทวีปเอเชีย,44048258.0,637135.0
2021-08,2021,8,3,325,NL,เนเธอร์แลนด์,1B,ทวีปยุโรป,43888062.0,248745.0
2021-08,2021,8,3,296,SA,ซาอุดีอาระเบีย,1A,ทวีปเอเชีย,23489801.0,263403.0
2021-08,2021,8,3,270,MM,เมียนมา,1A,ทวีปเอเชีย,27929760.0,850119.0
2021-08,2021,8,3,345,RU,รัสเซีย,1B,ทวีปยุโรป,34868071.0,258772.0
2021-08,2021,8,3,266,BN,บรูไน,1A,ทวีปเอเชีย,19492116.0,494651.0
2021-08,2021,8,3,288,IL,อิสราเอล,1A,ทวีปเอเชีย,8315655.0,33716.0
2021-08,2021,8,3,327,SE,สวีเดน,1B,ทวีปยุโรป,4919300.0,23330.0
2021-08,2021,8,3,409,BR,บราซิล,1D,ทวีปอเมริกาใต้,4944064.0,32533.0
2021-08,2021,8,3,283,PK,ปากีสถาน,1A,ทวีปเอเชีย,8192110.0,127890.0
2021-08,2021,8,3,298,TR,ตุรกี,1A,ทวีปเอเชีย,12524534.0,157575.0
2021-08,2021,8,3,456,MU,มอริเชียส,1E,ทวีปแอฟริกา,4061826.0,82149.0
2021-08,2021,8,3,268,KH,กัมพูชา,1A,ทวีปเอเชีย,5027607.0,119036.0
2021-08,2021,8,3,478,ZA,แอฟริกาใต้,1E,ทวีปแอฟริกา,6538810.0,85057.0
2021-08,2021,8,3,410,CL,ชิลี,1D,ทวีปอเมริกาใต้,3628262.0,28048.0
2021-08,2021,8,3,318,FI,ฟินแลนด์,1B,ทวีปยุโรป,1713817.0,16694.0
2021-08,2021,8,3,269,LA,สปป. ลาว,1A,ทวีปเอเชีย,3931596.0,118658.0
2021-08,2021,8,3,292,KW,คูเวต,1A,ทวีปเอเชีย,6750499.0,64701.0
2021-08,2021,8,3,280,LK,ศรีลังกา,1A,ทวีปเอเชีย,4135603.0,87336.0
2021-08,2021,8,3,365,MT,มอลตา,1B,ทวีปยุโรป,3028232.0,28072.0
2021-08,2021,8,3,356,CH,สวิตเซอร์แลนด์,1B,ทวีปยุโรป,3231676.0,19571.0
2021-08,2021,8,3,351,UA,ยูเครน,1B,ทวีปยุโรป,3940004.0,20570.0
2021-08,2021,8,3,362,LT,ลิทัวเนีย,1B,ทวีปยุโรป,1314552.0,9668.0
2021-08,2021,8,3,317,ES,สเปน,1B,ทวีปยุโรป,0.0,0.0
2021-08,2021,8,3,336,CZ,สาธารณรัฐเช็ก,1B,ทวีปยุโรป,10608013.0,59697.0
2021-08,2021,8,3,316,DK,เดนมาร์ก,1B,ทวีปยุโรป,2432928.0,11764.0
2021-08,2021,8,3,498,PF,เฟรนช์โปลีนีเซีย,1F,ทวีปออสเตรเลีย,2334082.0,62387.0
2021-08,2021,8,3,286,BH,บาห์เรน,1A,ทวีปเอเชีย,598670.0,10032.0
2021-08,2021,8,3,277,BD,บังกลาเทศ,1A,ทวีปเอเชีย,923106.0,18143.0
2021-08,2021,8,3,312,AT,ออสเตรีย,1B,ทวีปยุโรป,0.0,0.0
2021-08,2021,8,3,476,TZ,แทนซาเนีย,1E,ทวีปแอฟริกา,589851.0,21320.0
2021-08,2021,8,3,341,KZ,คาซัคสถาน,1A,ทวีปเอเชีย,0.0,0.0
2021-08,2021,8,3,493,NC,นิวแคลีโดเนีย,1F,ทวีปออสเตรเลีย,670645.0,19045.0
2021-08,2021,8,3,290,IR,อิหร่าน,1A,ทวีปเอเชีย,0.0,0.0
2021-08,2021,8,3,343,PL,โปแลนด์,1B,ทวีปยุโรป,0.0,0.0
2021-08,2021,8,3,295,QA,กาตาร์,1A,ทวีปเอเชีย,497257.0,13698.0
2021-08,2021,8,3,411,CO,โคลอมเบีย,1D,ทวีปอเมริกาใต้,0.0,0.0
2021-08,2021,8,3,281,MV,มัลดีฟส์,1A,ทวีปเอเชีย,0.0,0.0
2021-08,2021,8,3,407,AR,อาร์เจนตินา,1D,ทวีปอเมริกาใต้,0.0,0.0
2021-08,2021,8,3,282,NP,เนปาล,1A,ทวีปเอเชีย,0.0,0.0
2021-08,2021,8,3,333,BG,บัลแกเรีย,1B,ทวีปยุโรป,1701931.0,12717.0
2021-08,2021,8,3,326,PT,โปรตุเกส,1B,ทวีปยุโรป,1664245.0,10763.0
2021-08,2021,8,3,447,KE,เคนยา,1E,ทวีปแอฟริกา,0.0,0.0
2021-08,2021,8,3,291,JO,จอร์แดน,1A,ทวีปเอเชีย,0.0,0.0
2021-08,2021,8,3,321,GR,กรีซ,1B,ทวีปยุโรป,575425.0,1525.0
2021-08,2021,8,3,305,KP,เกาหลีเหนือ,1A,ทวีปเอเชีย,0.0,0.0
2021-08,2021,8,3,344,RO,โรมาเนีย,1B,ทวีปยุโรป,0.0,0.0
2021-08,2021,8,3,293,LB,เลบานอน,1A,ทวีปเอเชีย,0.0,0.0
2021-08,2021,8,3,378,BM,เบอร์มิวดา,1C,ทวีปอเมริกาเหนือ,0.0,0.0
2021-08,2021,8,3,294,OM,โอมาน,1A,ทวีปเอเชีย,0.0,0.0
2021-08,2021,8,3,363,LV,ลัตเวีย,1B,ทวีปยุโรป,0.0,0.0
2021-08,2021,8,3,307,MN,มองโกเลีย,1A,ทวีปเอเชีย,0.0,0.0
2021-08,2021,8,3,397,PA,ปานามา,1C,ทวีปอเมริกาเหนือ,0.0,0.0
2021-08,2021,8,3,465,SC,เซเชลส์,1E,ทวีปแอฟริกา,42110.0,196.0
2021-08,2021,8,3,337,GE,จอร์เจีย,1A,ทวีปเอเชีย,0.0,0.0
2021-08,2021,8,3,381,CR,คอสตาริกา,1C,ทวีปอเมริกาเหนือ,0.0,0.0
2021-08,2021,8,3,322,IE,ไอร์แลนด์,1B,ทวีปยุโรป,2133.0,3.0
2021-08,2021,8,3,366,NO,นอร์เวย์,1B,ทวีปยุโรป,0.0,0.0
2021-09,2021,9,3,373,US,สหรัฐอเมริกา,1C,ทวีปอเมริกาเหนือ,1806587624.0,10647788.0
2021-09,2021,9,3,304,JP,ญี่ปุ่น,1A,ทวีปเอเชีย,842753643.0,9071450.0
2021-09,2021,9,3,271,MY,มาเลเซีย,1A,ทวีปเอเชีย,443746169.0,9432206.0
2021-09,2021,9,3,323,IT,อิตาลี,1B,ทวีปยุโรป,341224145.0,2149310.0
2021-09,2021,9,3,483,AU,ออสเตรเลีย,1F,ทวีปออสเตรเลีย,361688602.0,4001386.0
2021-09,2021,9,3,267,ID,อินโดนีเซีย,1A,ทวีปเอเชีย,157153860.0,3227358.0
2021-09,2021,9,3,272,PH,ฟิลิปปินส์,1A,ทวีปเอเชีย,230004910.0,5146261.0
2021-09,2021,9,3,315,DE,เยอรมนี,1B,ทวีปยุโรป,208535736.0,1603314.0
2021-09,2021,9,3,309,TW,ไต้หวัน,1A,ทวีปเอเชีย,161120273.0,2468187.0
2021-09,2021,9,3,302,CN,จีน,1A,ทวีปเอเชีย,112918515.0,780885.0
2021-09,2021,9,3,279,IN,อินเดีย,1A,ทวีปเอเชีย,158094787.0,2684586.0
2021-09,2021,9,3,320,GB,สหราชอาณาจักร,1B,ทวีปยุโรป,132730082.0,842570.0
2021-09,2021,9,3,371,CA,แคนาดา,1C,ทวีปอเมริกาเหนือ,156357609.0,934206.0
2021-09,2021,9,3,306,KR,เกาหลีใต้,1A,ทวีปเอเชีย,104329739.0,797023.0
2021-09,2021,9,3,313,BE,เบลเยียม,1B,ทวีปยุโรป,33273618.0,187191.0
2021-09,2021,9,3,303,HK,ฮ่องกง,1A,ทวีปเอเชีย,63523705.0,660085.0
2021-09,2021,9,3,273,SG,สิงคโปร์,1A,ทวีปเอเชีย,47014185.0,487555.0
2021-09,2021,9,3,497,NZ,นิวซีแลนด์,1F,ทวีปออสเตรเลีย,85238093.0,960761.0
2021-09,2021,9,3,319,FR,ฝรั่งเศส,1B,ทวีปยุโรป,29616966.0,166093.0
2021-09,2021,9,3,274,VN,เวียดนาม,1A,ทวีปเอเชีย,22784048.0,536299.0
2021-09,2021,9,3,285,AE,สหรัฐอาหรับเอมิเรตส์,1A,ทวีปเอเชีย,36719385.0,607984.0
2021-09,2021,9,3,325,NL,เนเธอร์แลนด์,1B,ทวีปยุโรป,43688944.0,264214.0
2021-09,2021,9,3,296,SA,ซาอุดีอาระเบีย,1A,ทวีปเอเชีย,23133027.0,318955.0
2021-09,2021,9,3,270,MM,เมียนมา,1A,ทวีปเอเชีย,34966793.0,1028799.0
2021-09,2021,9,3,345,RU,รัสเซีย,1B,ทวีปยุโรป,45069798.0,288450.0
2021-09,2021,9,3,266,BN,บรูไน,1A,ทวีปเอเชีย,22964581.0,426788.0
2021-09,2021,9,3,288,IL,อิสราเอล,1A,ทวีปเอเชีย,17999734.0,118176.0
2021-09,2021,9,3,327,SE,สวีเดน,1B,ทวีปยุโรป,7576592.0,49888.0
2021-09,2021,9,3,298,TR,ตุรกี,1A,ทวีปเอเชีย,24476471.0,252917.0
2021-09,2021,9,3,283,PK,ปากีสถาน,1A,ทวีปเอเชีย,9770305.0,194410.0
2021-09,2021,9,3,410,CL,ชิลี,1D,ทวีปอเมริกาใต้,17559356.0,35397.0
2021-09,2021,9,3,409,BR,บราซิล,1D,ทวีปอเมริกาใต้,5943.0,51.0
2021-09,2021,9,3,456,MU,มอริเชียส,1E,ทวีปแอฟริกา,4215247.0,74589.0
2021-09,2021,9,3,268,KH,กัมพูชา,1A,ทวีปเอเชีย,3716077.0,95352.0
2021-09,2021,9,3,318,FI,ฟินแลนด์,1B,ทวีปยุโรป,7146413.0,40381.0
2021-09,2021,9,3,478,ZA,แอฟริกาใต้,1E,ทวีปแอฟริกา,1135516.0,15224.0
2021-09,2021,9,3,269,LA,สปป. ลาว,1A,ทวีปเอเชีย,2582755.0,76769.0
2021-09,2021,9,3,292,KW,คูเวต,1A,ทวีปเอเชีย,5973243.0,45925.0
2021-09,2021,9,3,280,LK,ศรีลังกา,1A,ทวีปเอเชีย,3292829.0,78656.0
2021-09,2021,9,3,365,MT,มอลตา,1B,ทวีปยุโรป,1458878.0,13868.0
2021-09,2021,9,3,356,CH,สวิตเซอร์แลนด์,1B,ทวีปยุโรป,1453400.0,8640.0
2021-09,2021,9,3,351,UA,ยูเครน,1B,ทวีปยุโรป,0.0,0.0
2021-09,2021,9,3,317,ES,สเปน,1B,ทวีปยุโรป,3254347.0,23276.0
2021-09,2021,9,3,362,LT,ลิทัวเนีย,1B,ทวีปยุโรป,0.0,0.0
2021-09,2021,9,3,316,DK,เดนมาร์ก,1B,ทวีปยุโรป,2545015.0,18714.0
2021-09,2021,9,3,498,PF,เฟรนช์โปลีนีเซีย,1F,ทวีปออสเตรเลีย,2275132.0,60377.0
2021-09,2021,9,3,336,CZ,สาธารณรัฐเช็ก,1B,ทวีปยุโรป,0.0,0.0
2021-09,2021,9,3,286,BH,บาห์เรน,1A,ทวีปเอเชีย,1100740.0,16191.0
2021-09,2021,9,3,277,BD,บังกลาเทศ,1A,ทวีปเอเชีย,2087175.0,37803.0
2021-09,2021,9,3,312,AT,ออสเตรีย,1B,ทวีปยุโรป,1712151.0,11424.0
2021-09,2021,9,3,476,TZ,แทนซาเนีย,1E,ทวีปแอฟริกา,677704.0,21816.0
2021-09,2021,9,3,493,NC,นิวแคลีโดเนีย,1F,ทวีปออสเตรเลีย,659450.0,18500.0
2021-09,2021,9,3,341,KZ,คาซัคสถาน,1A,ทวีปเอเชีย,0.0,0.0
2021-09,2021,9,3,290,IR,อิหร่าน,1A,ทวีปเอเชีย,0.0,0.0
2021-09,2021,9,3,295,QA,กาตาร์,1A,ทวีปเอเชีย,241634.0,10770.0
2021-09,2021,9,3,281,MV,มัลดีฟส์,1A,ทวีปเอเชีย,752636.0,10470.0
2021-09,2021,9,3,343,PL,โปแลนด์,1B,ทวีปยุโรป,0.0,0.0
2021-09,2021,9,3,321,GR,กรีซ,1B,ทวีปยุโรป,852717.0,1681.0
2021-09,2021,9,3,411,CO,โคลอมเบีย,1D,ทวีปอเมริกาใต้,0.0,0.0
2021-09,2021,9,3,291,JO,จอร์แดน,1A,ทวีปเอเชีย,526600.0,11779.0
2021-09,2021,9,3,407,AR,อาร์เจนตินา,1D,ทวีปอเมริกาใต้,0.0,0.0
2021-09,2021,9,3,282,NP,เนปาล,1A,ทวีปเอเชีย,0.0,0.0
2021-09,2021,9,3,333,BG,บัลแกเรีย,1B,ทวีปยุโรป,0.0,0.0
2021-09,2021,9,3,326,PT,โปรตุเกส,1B,ทวีปยุโรป,0.0,0.0
2021-09,2021,9,3,447,KE,เคนยา,1E,ทวีปแอฟริกา,0.0,0.0
2021-09,2021,9,3,293,LB,เลบานอน,1A,ทวีปเอเชีย,539808.0,11186.0
2021-09,2021,9,3,305,KP,เกาหลีเหนือ,1A,ทวีปเอเชีย,0.0,0.0
2021-09,2021,9,3,344,RO,โรมาเนีย,1B,ทวีปยุโรป,0.0,0.0
2021-09,2021,9,3,378,BM,เบอร์มิวดา,1C,ทวีปอเมริกาเหนือ,0.0,0.0
2021-09,2021,9,3,294,OM,โอมาน,1A,ทวีปเอเชีย,0.0,0.0
2021-09,2021,9,3,363,LV,ลัตเวีย,1B,ทวีปยุโรป,0.0,0.0
2021-09,2021,9,3,417,PE,เปรู,1D,ทวีปอเมริกาใต้,589834.0,1076.0
2021-09,2021,9,3,307,MN,มองโกเลีย,1A,ทวีปเอเชีย,0.0,0.0
2021-09,2021,9,3,397,PA,ปานามา,1C,ทวีปอเมริกาเหนือ,0.0,0.0
2021-09,2021,9,3,465,SC,เซเชลส์,1E,ทวีปแอฟริกา,0.0,0.0
2021-09,2021,9,3,337,GE,จอร์เจีย,1A,ทวีปเอเชีย,0.0,0.0
2021-09,2021,9,3,381,CR,คอสตาริกา,1C,ทวีปอเมริกาเหนือ,0.0,0.0
2021-09,2021,9,3,475,TN,ตูนิเซีย,1E,ทวีปแอฟริกา,2966.0,9.0
2021-09,2021,9,3,322,IE,ไอร์แลนด์,1B,ทวีปยุโรป,0.0,0.0
2021-09,2021,9,3,366,NO,นอร์เวย์,1B,ทวีปยุโรป,0.0,0.0
2021-10,2021,10,4,373,US,สหรัฐอเมริกา,1C,ทวีปอเมริกาเหนือ,1852768616.0,10632733.0
2021-10,2021,10,4,304,JP,ญี่ปุ่น,1A,ทวีปเอเชีย,905246483.0,9588998.0
2021-10,2021,10,4,271,MY,มาเลเซีย,1A,ทวีปเอเชีย,394674773.0,8543936.0
2021-10,2021,10,4,323,IT,อิตาลี,1B,ทวีปยุโรป,390073182.0,2491084.0
2021-10,2021,10,4,483,AU,ออสเตรเลีย,1F,ทวีปออสเตรเลีย,272056249.0,3029870.0
2021-10,2021,10,4,267,ID,อินโดนีเซีย,1A,ทวีปเอเชีย,185153458.0,3579986.0
2021-10,2021,10,4,272,PH,ฟิลิปปินส์,1A,ทวีปเอเชีย,194443267.0,4365530.0
2021-10,2021,10,4,315,DE,เยอรมนี,1B,ทวีปยุโรป,225466594.0,1623822.0
2021-10,2021,10,4,309,TW,ไต้หวัน,1A,ทวีปเอเชีย,254539377.0,3006449.0
2021-10,2021,10,4,302,CN,จีน,1A,ทวีปเอเชีย,151361347.0,996618.0
2021-10,2021,10,4,279,IN,อินเดีย,1A,ทวีปเอเชีย,193429681.0,3245770.0
2021-10,2021,10,4,320,GB,สหราชอาณาจักร,1B,ทวีปยุโรป,171983353.0,1227664.0
2021-10,2021,10,4,371,CA,แคนาดา,1C,ทวีปอเมริกาเหนือ,89522042.0,500326.0
2021-10,2021,10,4,306,KR,เกาหลีใต้,1A,ทวีปเอเชีย,106530106.0,860013.0
2021-10,2021,10,4,313,BE,เบลเยียม,1B,ทวีปยุโรป,46798111.0,269589.0
2021-10,2021,10,4,303,HK,ฮ่องกง,1A,ทวีปเอเชีย,49239355.0,497712.0
2021-10,2021,10,4,273,SG,สิงคโปร์,1A,ทวีปเอเชีย,45940092.0,445549.0
2021-10,2021,10,4,497,NZ,นิวซีแลนด์,1F,ทวีปออสเตรเลีย,62086685.0,938332.0
2021-10,2021,10,4,274,VN,เวียดนาม,1A,ทวีปเอเชีย,61935661.0,1322343.0
2021-10,2021,10,4,319,FR,ฝรั่งเศส,1B,ทวีปยุโรป,11446883.0,59999.0
2021-10,2021,10,4,285,AE,สหรัฐอาหรับเอมิเรตส์,1A,ทวีปเอเชีย,51520076.0,699255.0
2021-10,2021,10,4,325,NL,เนเธอร์แลนด์,1B,ทวีปยุโรป,28735141.0,164540.0
2021-10,2021,10,4,296,SA,ซาอุดีอาระเบีย,1A,ทวีปเอเชีย,34069615.0,546752.0
2021-10,2021,10,4,270,MM,เมียนมา,1A,ทวีปเอเชีย,26891596.0,806005.0
2021-10,2021,10,4,345,RU,รัสเซีย,1B,ทวีปยุโรป,7342509.0,45662.0
2021-10,2021,10,4,266,BN,บรูไน,1A,ทวีปเอเชีย,23516675.0,449881.0
2021-10,2021,10,4,288,IL,อิสราเอล,1A,ทวีปเอเชีย,12679244.0,117779.0
2021-10,2021,10,4,327,SE,สวีเดน,1B,ทวีปยุโรป,7032764.0,38011.0
2021-10,2021,10,4,298,TR,ตุรกี,1A,ทวีปเอเชีย,8590080.0,44157.0
2021-10,2021,10,4,283,PK,ปากีสถาน,1A,ทวีปเอเชีย,16388053.0,263578.0
2021-10,2021,10,4,410,CL,ชิลี,1D,ทวีปอเมริกาใต้,15757146.0,81242.0
2021-10,2021,10,4,409,BR,บราซิล,1D,ทวีปอเมริกาใต้,0.0,0.0
2021-10,2021,10,4,478,ZA,แอฟริกาใต้,1E,ทวีปแอฟริกา,9676528.0,142463.0
2021-10,2021,10,4,456,MU,มอริเชียส,1E,ทวีปแอฟริกา,5382723.0,106743.0
2021-10,2021,10,4,318,FI,ฟินแลนด์,1B,ทวีปยุโรป,4727761.0,47647.0
2021-10,2021,10,4,268,KH,กัมพูชา,1A,ทวีปเอเชีย,3570634.0,83189.0
2021-10,2021,10,4,292,KW,คูเวต,1A,ทวีปเอเชีย,6281451.0,39592.0
2021-10,2021,10,4,269,LA,สปป. ลาว,1A,ทวีปเอเชีย,2383726.0,77160.0
2021-10,2021,10,4,365,MT,มอลตา,1B,ทวีปยุโรป,5261499.0,33933.0
2021-10,2021,10,4,280,LK,ศรีลังกา,1A,ทวีปเอเชีย,1064918.0,20403.0
2021-10,2021,10,4,356,CH,สวิตเซอร์แลนด์,1B,ทวีปยุโรป,0.0,0.0
2021-10,2021,10,4,317,ES,สเปน,1B,ทวีปยุโรป,4900660.0,23232.0
2021-10,2021,10,4,351,UA,ยูเครน,1B,ทวีปยุโรป,1965667.0,10896.0
2021-10,2021,10,4,316,DK,เดนมาร์ก,1B,ทวีปยุโรป,2710877.0,11648.0
2021-10,2021,10,4,362,LT,ลิทัวเนีย,1B,ทวีปยุโรป,0.0,0.0
2021-10,2021,10,4,498,PF,เฟรนช์โปลีนีเซีย,1F,ทวีปออสเตรเลีย,522785.0,13754.0
2021-10,2021,10,4,286,BH,บาห์เรน,1A,ทวีปเอเชีย,1743847.0,44842.0
2021-10,2021,10,4,336,CZ,สาธารณรัฐเช็ก,1B,ทวีปยุโรป,0.0,0.0
2021-10,2021,10,4,312,AT,ออสเตรีย,1B,ทวีปยุโรป,1139195.0,7392.0
2021-10,2021,10,4,277,BD,บังกลาเทศ,1A,ทวีปเอเชีย,0.0,0.0
2021-10,2021,10,4,411,CO,โคลอมเบีย,1D,ทวีปอเมริกาใต้,4829200.0,13832.0
2021-10,2021,10,4,476,TZ,แทนซาเนีย,1E,ทวีปแอฟริกา,679009.0,21828.0
2021-10,2021,10,4,493,NC,นิวแคลีโดเนีย,1F,ทวีปออสเตรเลีย,0.0,0.0
2021-10,2021,10,4,341,KZ,คาซัคสถาน,1A,ทวีปเอเชีย,0.0,0.0
2021-10,2021,10,4,281,MV,มัลดีฟส์,1A,ทวีปเอเชีย,606208.0,8942.0
2021-10,2021,10,4,290,IR,อิหร่าน,1A,ทวีปเอเชีย,0.0,0.0
2021-10,2021,10,4,295,QA,กาตาร์,1A,ทวีปเอเชีย,248205.0,9980.0
2021-10,2021,10,4,343,PL,โปแลนด์,1B,ทวีปยุโรป,0.0,0.0
2021-10,2021,10,4,407,AR,อาร์เจนตินา,1D,ทวีปอเมริกาใต้,900764.0,3579.0
2021-10,2021,10,4,321,GR,กรีซ,1B,ทวีปยุโรป,0.0,0.0
2021-10,2021,10,4,447,KE,เคนยา,1E,ทวีปแอฟริกา,453150.0,12384.0
2021-10,2021,10,4,291,JO,จอร์แดน,1A,ทวีปเอเชีย,0.0,0.0
2021-10,2021,10,4,282,NP,เนปาล,1A,ทวีปเอเชีย,0.0,0.0
2021-10,2021,10,4,333,BG,บัลแกเรีย,1B,ทวีปยุโรป,0.0,0.0
2021-10,2021,10,4,326,PT,โปรตุเกส,1B,ทวีปยุโรป,0.0,0.0
2021-10,2021,10,4,293,LB,เลบานอน,1A,ทวีปเอเชีย,0.0,0.0
2021-10,2021,10,4,305,KP,เกาหลีเหนือ,1A,ทวีปเอเชีย,0.0,0.0
2021-10,2021,10,4,344,RO,โรมาเนีย,1B,ทวีปยุโรป,0.0,0.0
2021-10,2021,10,4,417,PE,เปรู,1D,ทวีปอเมริกาใต้,590746.0,1078.0
2021-10,2021,10,4,381,CR,คอสตาริกา,1C,ทวีปอเมริกาเหนือ,787349.0,2059.0
2021-10,2021,10,4,294,OM,โอมาน,1A,ทวีปเอเชีย,213081.0,6012.0
2021-10,2021,10,4,378,BM,เบอร์มิวดา,1C,ทวีปอเมริกาเหนือ,0.0,0.0
2021-10,2021,10,4,397,PA,ปานามา,1C,ทวีปอเมริกาเหนือ,234068.0,611.0
2021-10,2021,10,4,363,LV,ลัตเวีย,1B,ทวีปยุโรป,0.0,0.0
2021-10,2021,10,4,307,MN,มองโกเลีย,1A,ทวีปเอเชีย,0.0,0.0
2021-10,2021,10,4,465,SC,เซเชลส์,1E,ทวีปแอฟริกา,23170.0,700.0
2021-10,2021,10,4,388,GT,กัวเตมาลา,1C,ทวีปอเมริกาเหนือ,340973.0,891.0
2021-10,2021,10,4,337,GE,จอร์เจีย,1A,ทวีปเอเชีย,0.0,0.0
2021-10,2021,10,4,475,TN,ตูนิเซีย,1E,ทวีปแอฟริกา,0.0,0.0
2021-10,2021,10,4,322,IE,ไอร์แลนด์,1B,ทวีปยุโรป,0.0,0.0
2021-10,2021,10,4,366,NO,นอร์เวย์,1B,ทวีปยุโรป,0.0,0.0
2021-11,2021,11,4,373,US,สหรัฐอเมริกา,1C,ทวีปอเมริกาเหนือ,2115656289.0,11914543.0
2021-11,2021,11,4,304,JP,ญี่ปุ่น,1A,ทวีปเอเชีย,930241670.0,10436734.0
2021-11,2021,11,4,271,MY,มาเลเซีย,1A,ทวีปเอเชีย,443510684.0,9286825.0
2021-11,2021,11,4,323,IT,อิตาลี,1B,ทวีปยุโรป,416566374.0,2571196.0
2021-11,2021,11,4,483,AU,ออสเตรเลีย,1F,ทวีปออสเตรเลีย,367666177.0,4168816.0
2021-11,2021,11,4,267,ID,อินโดนีเซีย,1A,ทวีปเอเชีย,245743603.0,4737631.0
2021-11,2021,11,4,272,PH,ฟิลิปปินส์,1A,ทวีปเอเชีย,200383426.0,4077220.0
2021-11,2021,11,4,315,DE,เยอรมนี,1B,ทวีปยุโรป,213724419.0,1492620.0
2021-11,2021,11,4,309,TW,ไต้หวัน,1A,ทวีปเอเชีย,212239057.0,2741598.0
2021-11,2021,11,4,302,CN,จีน,1A,ทวีปเอเชีย,177896031.0,1180490.0
2021-11,2021,11,4,279,IN,อินเดีย,1A,ทวีปเอเชีย,172053237.0,3239523.0
2021-11,2021,11,4,320,GB,สหราชอาณาจักร,1B,ทวีปยุโรป,154176232.0,1088667.0
2021-11,2021,11,4,371,CA,แคนาดา,1C,ทวีปอเมริกาเหนือ,157611110.0,826028.0
2021-11,2021,11,4,306,KR,เกาหลีใต้,1A,ทวีปเอเชีย,111446066.0,1021519.0
2021-11,2021,11,4,313,BE,เบลเยียม,1B,ทวีปยุโรป,89831858.0,502309.0
2021-11,2021,11,4,497,NZ,นิวซีแลนด์,1F,ทวีปออสเตรเลีย,84599110.0,1283810.0
2021-11,2021,11,4,303,HK,ฮ่องกง,1A,ทวีปเอเชีย,53256858.0,501080.0
2021-11,2021,11,4,273,SG,สิงคโปร์,1A,ทวีปเอเชีย,57684631.0,431650.0
2021-11,2021,11,4,274,VN,เวียดนาม,1A,ทวีปเอเชีย,45593323.0,989867.0
2021-11,2021,11,4,319,FR,ฝรั่งเศส,1B,ทวีปยุโรป,31270629.0,180036.0
2021-11,2021,11,4,285,AE,สหรัฐอาหรับเอมิเรตส์,1A,ทวีปเอเชีย,43301947.0,525111.0
2021-11,2021,11,4,325,NL,เนเธอร์แลนด์,1B,ทวีปยุโรป,25976391.0,160453.0
2021-11,2021,11,4,296,SA,ซาอุดีอาระเบีย,1A,ทวีปเอเชีย,39785566.0,384279.0
2021-11,2021,11,4,270,MM,เมียนมา,1A,ทวีปเอเชีย,24087299.0,682504.0
2021-11,2021,11,4,345,RU,รัสเซีย,1B,ทวีปยุโรป,26400066.0,182434.0
2021-11,2021,11,4,266,BN,บรูไน,1A,ทวีปเอเชีย,20540954.0,505424.0
2021-11,2021,11,4,288,IL,อิสราเอล,1A,ทวีปเอเชีย,14281218.0,120283.0
2021-11,2021,11,4,410,CL,ชิลี,1D,ทวีปอเมริกาใต้,24185900.0,107750.0
2021-11,2021,11,4,327,SE,สวีเดน,1B,ทวีปยุโรป,5340068.0,24292.0
2021-11,2021,11,4,298,TR,ตุรกี,1A,ทวีปเอเชีย,1776982.0,10740.0
2021-11,2021,11,4,283,PK,ปากีสถาน,1A,ทวีปเอเชีย,762104.0,8648.0
2021-11,2021,11,4,478,ZA,แอฟริกาใต้,1E,ทวีปแอฟริกา,5925037.0,116242.0
2021-11,2021,11,4,409,BR,บราซิล,1D,ทวีปอเมริกาใต้,2940387.0,14649.0
2021-11,2021,11,4,456,MU,มอริเชียส,1E,ทวีปแอฟริกา,2764003.0,54162.0
2021-11,2021,11,4,268,KH,กัมพูชา,1A,ทวีปเอเชีย,4873410.0,123009.0
2021-11,2021,11,4,318,FI,ฟินแลนด์,1B,ทวีปยุโรป,0.0,0.0
2021-11,2021,11,4,292,KW,คูเวต,1A,ทวีปเอเชีย,3005103.0,27385.0
2021-11,2021,11,4,269,LA,สปป. ลาว,1A,ทวีปเอเชีย,2726757.0,87727.0
2021-11,2021,11,4,365,MT,มอลตา,1B,ทวีปยุโรป,5760857.0,41635.0
2021-11,2021,11,4,280,LK,ศรีลังกา,1A,ทวีปเอเชีย,3599005.0,80708.0
2021-11,2021,11,4,351,UA,ยูเครน,1B,ทวีปยุโรป,10987146.0,61342.0
2021-11,2021,11,4,317,ES,สเปน,1B,ทวีปยุโรป,6114882.0,33942.0
2021-11,2021,11,4,356,CH,สวิตเซอร์แลนด์,1B,ทวีปยุโรป,2917500.0,17280.0
2021-11,2021,11,4,316,DK,เดนมาร์ก,1B,ทวีปยุโรป,2704882.0,18446.0
2021-11,2021,11,4,362,LT,ลิทัวเนีย,1B,ทวีปยุโรป,0.0,0.0
2021-11,2021,11,4,498,PF,เฟรนช์โปลีนีเซีย,1F,ทวีปออสเตรเลีย,590916.0,16437.0
2021-11,2021,11,4,286,BH,บาห์เรน,1A,ทวีปเอเชีย,806152.0,21731.0
2021-11,2021,11,4,336,CZ,สาธารณรัฐเช็ก,1B,ทวีปยุโรป,0.0,0.0
2021-11,2021,11,4,312,AT,ออสเตรีย,1B,ทวีปยุโรป,1132250.0,7392.0
2021-11,2021,11,4,277,BD,บังกลาเทศ,1A,ทวีปเอเชีย,380897.0,10500.0
2021-11,2021,11,4,411,CO,โคลอมเบีย,1D,ทวีปอเมริกาใต้,0.0,0.0
2021-11,2021,11,4,476,TZ,แทนซาเนีย,1E,ทวีปแอฟริกา,728603.0,22699.0
2021-11,2021,11,4,295,QA,กาตาร์,1A,ทวีปเอเชีย,2332565.0,30307.0
2021-11,2021,11,4,493,NC,นิวแคลีโดเนีย,1F,ทวีปออสเตรเลีย,0.0,0.0
2021-11,2021,11,4,341,KZ,คาซัคสถาน,1A,ทวีปเอเชีย,0.0,0.0
2021-11,2021,11,4,281,MV,มัลดีฟส์,1A,ทวีปเอเชีย,35216.0,15.0
2021-11,2021,11,4,290,IR,อิหร่าน,1A,ทวีปเอเชีย,0.0,0.0
2021-11,2021,11,4,486,FJ,ฟิจิ,1F,ทวีปออสเตรเลีย,3332415.0,48384.0
2021-11,2021,11,4,293,LB,เลบานอน,1A,ทวีปเอเชีย,1646498.0,14484.0
2021-11,2021,11,4,343,PL,โปแลนด์,1B,ทวีปยุโรป,0.0,0.0
2021-11,2021,11,4,407,AR,อาร์เจนตินา,1D,ทวีปอเมริกาใต้,0.0,0.0
2021-11,2021,11,4,282,NP,เนปาล,1A,ทวีปเอเชีย,1068918.0,15570.0
2021-11,2021,11,4,447,KE,เคนยา,1E,ทวีปแอฟริกา,679800.0,17280.0
2021-11,2021,11,4,321,GR,กรีซ,1B,ทวีปยุโรป,0.0,0.0
2021-11,2021,11,4,484,CK,หมู่เกาะดุก,1F,ทวีปออสเตรเลีย,2332610.0,8273.0
2021-11,2021,11,4,291,JO,จอร์แดน,1A,ทวีปเอเชีย,0.0,0.0
2021-11,2021,11,4,333,BG,บัลแกเรีย,1B,ทวีปยุโรป,0.0,0.0
2021-11,2021,11,4,326,PT,โปรตุเกส,1B,ทวีปยุโรป,0.0,0.0
2021-11,2021,11,4,381,CR,คอสตาริกา,1C,ทวีปอเมริกาเหนือ,501339.0,1314.0
2021-11,2021,11,4,305,KP,เกาหลีเหนือ,1A,ทวีปเอเชีย,0.0,0.0
2021-11,2021,11,4,294,OM,โอมาน,1A,ทวีปเอเชีย,404501.0,11040.0
2021-11,2021,11,4,344,RO,โรมาเนีย,1B,ทวีปยุโรป,0.0,0.0
2021-11,2021,11,4,417,PE,เปรู,1D,ทวีปอเมริกาใต้,0.0,0.0
2021-11,2021,11,4,397,PA,ปานามา,1C,ทวีปอเมริกาเหนือ,374810.0,1416.0
2021-11,2021,11,4,378,BM,เบอร์มิวดา,1C,ทวีปอเมริกาเหนือ,0.0,0.0
2021-11,2021,11,4,363,LV,ลัตเวีย,1B,ทวีปยุโรป,0.0,0.0
2021-11,2021,11,4,307,MN,มองโกเลีย,1A,ทวีปเอเชีย,0.0,0.0
2021-11,2021,11,4,465,SC,เซเชลส์,1E,ทวีปแอฟริกา,43355.0,68.0
2021-11,2021,11,4,388,GT,กัวเตมาลา,1C,ทวีปอเมริกาเหนือ,0.0,0.0
2021-11,2021,11,4,337,GE,จอร์เจีย,1A,ทวีปเอเชีย,0.0,0.0
2021-11,2021,11,4,360,IS,ไอซ์แลนด์,1B,ทวีปยุโรป,155177.0,435.0
2021-11,2021,11,4,475,TN,ตูนิเซีย,1E,ทวีปแอฟริกา,0.0,0.0
2021-11,2021,11,4,322,IE,ไอร์แลนด์,1B,ทวีปยุโรป,0.0,0.0
2021-11,2021,11,4,366,NO,นอร์เวย์,1B,ทวีปยุโรป,0.0,0.0
2021-12,2021,12,4,373,US,สหรัฐอเมริกา,1C,ทวีปอเมริกาเหนือ,2201676205.0,12197633.0
2021-12,2021,12,4,304,JP,ญี่ปุ่น,1A,ทวีปเอเชีย,833376957.0,9508465.0
2021-12,2021,12,4,271,MY,มาเลเซีย,1A,ทวีปเอเชีย,499390292.0,10005128.0
2021-12,2021,12,4,323,IT,อิตาลี,1B,ทวีปยุโรป,384269645.0,2432479.0
2021-12,2021,12,4,483,AU,ออสเตรเลีย,1F,ทวีปออสเตรเลีย,360255483.0,4017562.0
2021-12,2021,12,4,272,PH,ฟิลิปปินส์,1A,ทวีปเอเชีย,210553735.0,5001309.0
2021-12,2021,12,4,267,ID,อินโดนีเซีย,1A,ทวีปเอเชีย,118749912.0,2275608.0
2021-12,2021,12,4,315,DE,เยอรมนี,1B,ทวีปยุโรป,217434654.0,1538698.0
2021-12,2021,12,4,309,TW,ไต้หวัน,1A,ทวีปเอเชีย,218979895.0,2858469.0
2021-12,2021,12,4,279,IN,อินเดีย,1A,ทวีปเอเชีย,240405971.0,4026107.0
2021-12,2021,12,4,302,CN,จีน,1A,ทวีปเอเชีย,171650278.0,1136035.0
2021-12,2021,12,4,320,GB,สหราชอาณาจักร,1B,ทวีปยุโรป,193134005.0,1278185.0
2021-12,2021,12,4,371,CA,แคนาดา,1C,ทวีปอเมริกาเหนือ,119686552.0,711761.0
2021-12,2021,12,4,306,KR,เกาหลีใต้,1A,ทวีปเอเชีย,118249052.0,1039953.0
2021-12,2021,12,4,313,BE,เบลเยียม,1B,ทวีปยุโรป,42065068.0,251683.0
2021-12,2021,12,4,497,NZ,นิวซีแลนด์,1F,ทวีปออสเตรเลีย,77443831.0,1250155.0
2021-12,2021,12,4,303,HK,ฮ่องกง,1A,ทวีปเอเชีย,76345771.0,747233.0
2021-12,2021,12,4,273,SG,สิงคโปร์,1A,ทวีปเอเชีย,58714428.0,543776.0
2021-12,2021,12,4,274,VN,เวียดนาม,1A,ทวีปเอเชีย,63786956.0,1387067.0
2021-12,2021,12,4,285,AE,สหรัฐอาหรับเอมิเรตส์,1A,ทวีปเอเชีย,48616246.0,723555.0
2021-12,2021,12,4,319,FR,ฝรั่งเศส,1B,ทวีปยุโรป,35795952.0,210561.0
2021-12,2021,12,4,325,NL,เนเธอร์แลนด์,1B,ทวีปยุโรป,32389765.0,207963.0
2021-12,2021,12,4,296,SA,ซาอุดีอาระเบีย,1A,ทวีปเอเชีย,33870565.0,532247.0
2021-12,2021,12,4,270,MM,เมียนมา,1A,ทวีปเอเชีย,32925259.0,957456.0
2021-12,2021,12,4,345,RU,รัสเซีย,1B,ทวีปยุโรป,35615614.0,200206.0
2021-12,2021,12,4,266,BN,บรูไน,1A,ทวีปเอเชีย,36336641.0,733208.0
2021-12,2021,12,4,288,IL,อิสราเอล,1A,ทวีปเอเชีย,11400369.0,76959.0
2021-12,2021,12,4,327,SE,สวีเดน,1B,ทวีปยุโรป,15470836.0,88506.0
2021-12,2021,12,4,410,CL,ชิลี,1D,ทวีปอเมริกาใต้,4707464.0,50264.0
2021-12,2021,12,4,298,TR,ตุรกี,1A,ทวีปเอเชีย,2317216.0,10444.0
2021-12,2021,12,4,283,PK,ปากีสถาน,1A,ทวีปเอเชีย,0.0,0.0
2021-12,2021,12,4,478,ZA,แอฟริกาใต้,1E,ทวีปแอฟริกา,5148294.0,110862.0
2021-12,2021,12,4,456,MU,มอริเชียส,1E,ทวีปแอฟริกา,4554760.0,97485.0
2021-12,2021,12,4,268,KH,กัมพูชา,1A,ทวีปเอเชีย,5075067.0,100587.0
2021-12,2021,12,4,409,BR,บราซิล,1D,ทวีปอเมริกาใต้,1231250.0,3655.0
2021-12,2021,12,4,318,FI,ฟินแลนด์,1B,ทวีปยุโรป,6236353.0,43729.0
2021-12,2021,12,4,292,KW,คูเวต,1A,ทวีปเอเชีย,9427231.0,74634.0
2021-12,2021,12,4,269,LA,สปป. ลาว,1A,ทวีปเอเชีย,3108000.0,88016.0
2021-12,2021,12,4,365,MT,มอลตา,1B,ทวีปยุโรป,3663064.0,24749.0
2021-12,2021,12,4,351,UA,ยูเครน,1B,ทวีปยุโรป,4348178.0,31791.0
2021-12,2021,12,4,356,CH,สวิตเซอร์แลนด์,1B,ทวีปยุโรป,10203160.0,64779.0
2021-12,2021,12,4,280,LK,ศรีลังกา,1A,ทวีปเอเชีย,3115959.0,71736.0
2021-12,2021,12,4,317,ES,สเปน,1B,ทวีปยุโรป,1636452.0,11733.0
2021-12,2021,12,4,316,DK,เดนมาร์ก,1B,ทวีปยุโรป,0.0,0.0
2021-12,2021,12,4,498,PF,เฟรนช์โปลีนีเซีย,1F,ทวีปออสเตรเลีย,1574334.0,44804.0
2021-12,2021,12,4,362,LT,ลิทัวเนีย,1B,ทวีปยุโรป,0.0,0.0
2021-12,2021,12,4,286,BH,บาห์เรน,1A,ทวีปเอเชีย,1341988.0,21371.0
2021-12,2021,12,4,312,AT,ออสเตรีย,1B,ทวีปยุโรป,2795066.0,18816.0
2021-12,2021,12,4,277,BD,บังกลาเทศ,1A,ทวีปเอเชีย,3305324.0,79251.0
2021-12,2021,12,4,336,CZ,สาธารณรัฐเช็ก,1B,ทวีปยุโรป,0.0,0.0
2021-12,2021,12,4,411,CO,โคลอมเบีย,1D,ทวีปอเมริกาใต้,2727704.0,5096.0
2021-12,2021,12,4,476,TZ,แทนซาเนีย,1E,ทวีปแอฟริกา,0.0,0.0
2021-12,2021,12,4,493,NC,นิวแคลีโดเนีย,1F,ทวีปออสเตรเลีย,1251886.0,36473.0
2021-12,2021,12,4,295,QA,กาตาร์,1A,ทวีปเอเชีย,2634.0,33.0
2021-12,2021,12,4,281,MV,มัลดีฟส์,1A,ทวีปเอเชีย,339828.0,4808.0
2021-12,2021,12,4,341,KZ,คาซัคสถาน,1A,ทวีปเอเชีย,0.0,0.0
2021-12,2021,12,4,290,IR,อิหร่าน,1A,ทวีปเอเชีย,0.0,0.0
2021-12,2021,12,4,486,FJ,ฟิจิ,1F,ทวีปออสเตรเลีย,0.0,0.0
2021-12,2021,12,4,282,NP,เนปาล,1A,ทวีปเอเชีย,369508.0,8117.0
2021-12,2021,12,4,293,LB,เลบานอน,1A,ทวีปเอเชีย,0.0,0.0
2021-12,2021,12,4,289,IQ,อิรัก,1A,ทวีปเอเชีย,3027788.0,6048.0
2021-12,2021,12,4,343,PL,โปแลนด์,1B,ทวีปยุโรป,0.0,0.0
2021-12,2021,12,4,407,AR,อาร์เจนตินา,1D,ทวีปอเมริกาใต้,0.0,0.0
2021-12,2021,12,4,447,KE,เคนยา,1E,ทวีปแอฟริกา,0.0,0.0
2021-12,2021,12,4,291,JO,จอร์แดน,1A,ทวีปเอเชีย,599682.0,12804.0
2021-12,2021,12,4,344,RO,โรมาเนีย,1B,ทวีปยุโรป,1327976.0,8285.0
2021-12,2021,12,4,321,GR,กรีซ,1B,ทวีปยุโรป,195.0,0.0
2021-12,2021,12,4,484,CK,หมู่เกาะดุก,1F,ทวีปออสเตรเลีย,0.0,0.0
2021-12,2021,12,4,333,BG,บัลแกเรีย,1B,ทวีปยุโรป,0.0,0.0
2021-12,2021,12,4,326,PT,โปรตุเกส,1B,ทวีปยุโรป,0.0,0.0
2021-12,2021,12,4,294,OM,โอมาน,1A,ทวีปเอเชีย,225552.0,5400.0
2021-12,2021,12,4,381,CR,คอสตาริกา,1C,ทวีปอเมริกาเหนือ,0.0,0.0
2021-12,2021,12,4,305,KP,เกาหลีเหนือ,1A,ทวีปเอเชีย,0.0,0.0
2021-12,2021,12,4,417,PE,เปรู,1D,ทวีปอเมริกาใต้,0.0,0.0
2021-12,2021,12,4,397,PA,ปานามา,1C,ทวีปอเมริกาเหนือ,0.0,0.0
2021-12,2021,12,4,376,AN,เนเธอร์แลนด์แอนทิลลีส,1C,ทวีปอเมริกาเหนือ,1079937.0,7392.0
2021-12,2021,12,4,388,GT,กัวเตมาลา,1C,ทวีปอเมริกาเหนือ,444199.0,1183.0
2021-12,2021,12,4,378,BM,เบอร์มิวดา,1C,ทวีปอเมริกาเหนือ,0.0,0.0
2021-12,2021,12,4,363,LV,ลัตเวีย,1B,ทวีปยุโรป,0.0,0.0
2021-12,2021,12,4,307,MN,มองโกเลีย,1A,ทวีปเอเชีย,0.0,0.0
2021-12,2021,12,4,465,SC,เซเชลส์,1E,ทวีปแอฟริกา,0.0,0.0
2021-12,2021,12,4,337,GE,จอร์เจีย,1A,ทวีปเอเชีย,0.0,0.0
2021-12,2021,12,4,360,IS,ไอซ์แลนด์,1B,ทวีปยุโรป,0.0,0.0
2021-12,2021,12,4,475,TN,ตูนิเซีย,1E,ทวีปแอฟริกา,0.0,0.0
2021-12,2021,12,4,322,IE,ไอร์แลนด์,1B,ทวีปยุโรป,0.0,0.0
2021-12,2021,12,4,366,NO,นอร์เวย์,1B,ทวีปยุโรป,0.0,0.0
2022-01,2022,1,1,373,US,สหรัฐอเมริกา,1C,ทวีปอเมริกาเหนือ,2064276085.0,11538524.0
2022-01,2022,1,1,304,JP,ญี่ปุ่น,1A,ทวีปเอเชีย,884963303.0,10139704.0
2022-01,2022,1,1,271,MY,มาเลเซีย,1A,ทวีปเอเชีย,485967893.0,9810894.0
2022-01,2022,1,1,323,IT,อิตาลี,1B,ทวีปยุโรป,400906067.0,2483652.0
2022-01,2022,1,1,483,AU,ออสเตรเลีย,1F,ทวีปออสเตรเลีย,368351141.0,3605904.0
2022-01,2022,1,1,309,TW,ไต้หวัน,1A,ทวีปเอเชีย,231206741.0,2551898.0
2022-01,2022,1,1,272,PH,ฟิลิปปินส์,1A,ทวีปเอเชีย,218854040.0,5256484.0
2022-01,2022,1,1,279,IN,อินเดีย,1A,ทวีปเอเชีย,209491045.0,3869564.0
2022-01,2022,1,1,267,ID,อินโดนีเซีย,1A,ทวีปเอเชีย,170687107.0,3457117.0
2022-01,2022,1,1,320,GB,สหราชอาณาจักร,1B,ทวีปยุโรป,169772724.0,1099660.0
2022-01,2022,1,1,302,CN,จีน,1A,ทวีปเอเชีย,132902613.0,871065.0
2022-01,2022,1,1,306,KR,เกาหลีใต้,1A,ทวีปเอเชีย,115187060.0,980169.0
2022-01,2022,1,1,315,DE,เยอรมนี,1B,ทวีปยุโรป,113898039.0,787446.0
2022-01,2022,1,1,371,CA,แคนาดา,1C,ทวีปอเมริกาเหนือ,109189060.0,738735.0
2022-01,2022,1,1,410,CL,ชิลี,1D,ทวีปอเมริกาใต้,59415330.0,208984.0
2022-01,2022,1,1,273,SG,สิงคโปร์,1A,ทวีปเอเชีย,46347000.0,380698.0
2022-01,2022,1,1,303,HK,ฮ่องกง,1A,ทวีปเอเชีย,45377911.0,384846.0
2022-01,2022,1,1,274,VN,เวียดนาม,1A,ทวีปเอเชีย,41454329.0,870335.0
2022-01,2022,1,1,313,BE,เบลเยียม,1B,ทวีปยุโรป,41196423.0,221878.0
2022-01,2022,1,1,497,NZ,นิวซีแลนด์,1F,ทวีปออสเตรเลีย,41082332.0,606668.0
2022-01,2022,1,1,285,AE,สหรัฐอาหรับเอมิเรตส์,1A,ทวีปเอเชีย,34965554.0,576521.0
2022-01,2022,1,1,270,MM,เมียนมา,1A,ทวีปเอเชีย,26918311.0,735895.0
2022-01,2022,1,1,296,SA,ซาอุดีอาระเบีย,1A,ทวีปเอเชีย,23470874.0,281189.0
2022-01,2022,1,1,319,FR,ฝรั่งเศส,1B,ทวีปยุโรป,23304997.0,123782.0
2022-01,2022,1,1,345,RU,รัสเซีย,1B,ทวีปยุโรป,21518151.0,123420.0
2022-01,2022,1,1,325,NL,เนเธอร์แลนด์,1B,ทวีปยุโรป,20909168.0,118981.0
2022-01,2022,1,1,266,BN,บรูไน,1A,ทวีปเอเชีย,19279884.0,417859.0
2022-01,2022,1,1,327,SE,สวีเดน,1B,ทวีปยุโรป,13816484.0,74888.0
2022-01,2022,1,1,318,FI,ฟินแลนด์,1B,ทวีปยุโรป,9576021.0,59870.0
2022-01,2022,1,1,478,ZA,แอฟริกาใต้,1E,ทวีปแอฟริกา,9215566.0,73689.0
2022-01,2022,1,1,341,KZ,คาซัคสถาน,1A,ทวีปเอเชีย,8548200.0,89293.0
2022-01,2022,1,1,292,KW,คูเวต,1A,ทวีปเอเชีย,8278178.0,67936.0
2022-01,2022,1,1,298,TR,ตุรกี,1A,ทวีปเอเชีย,7845769.0,44982.0
2022-01,2022,1,1,288,IL,อิสราเอล,1A,ทวีปเอเชีย,6310994.0,43598.0
2022-01,2022,1,1,268,KH,กัมพูชา,1A,ทวีปเอเชีย,5223197.0,140383.0
2022-01,2022,1,1,356,CH,สวิตเซอร์แลนด์,1B,ทวีปยุโรป,4020228.0,16512.0
2022-01,2022,1,1,269,LA,สปป. ลาว,1A,ทวีปเอเชีย,3962206.0,118698.0
2022-01,2022,1,1,351,UA,ยูเครน,1B,ทวีปยุโรป,3254573.0,15917.0
2022-01,2022,1,1,286,BH,บาห์เรน,1A,ทวีปเอเชีย,2475133.0,40550.0
2022-01,2022,1,1,295,QA,กาตาร์,1A,ทวีปเอเชีย,2257349.0,27562.0
2022-01,2022,1,1,365,MT,มอลตา,1B,ทวีปยุโรป,2223789.0,24898.0
2022-01,2022,1,1,456,MU,มอริเชียส,1E,ทวีปแอฟริกา,2013428.0,39596.0
2022-01,2022,1,1,498,PF,เฟรนช์โปลีนีเซีย,1F,ทวีปออสเตรเลีย,1590765.0,44715.0
2022-01,2022,1,1,289,IQ,อิรัก,1A,ทวีปเอเชีย,1536101.0,8538.0
2022-01,2022,1,1,321,GR,กรีซ,1B,ทวีปยุโรป,1297656.0,9132.0
2022-01,2022,1,1,417,PE,เปรู,1D,ทวีปอเมริกาใต้,1235778.0,2857.0
2022-01,2022,1,1,411,CO,โคลอมเบีย,1D,ทวีปอเมริกาใต้,1028391.0,1942.0
2022-01,2022,1,1,317,ES,สเปน,1B,ทวีปยุโรป,976909.0,2624.0
2022-01,2022,1,1,376,AN,เนเธอร์แลนด์แอนทิลลีส,1C,ทวีปอเมริกาเหนือ,974937.0,6720.0
2022-01,2022,1,1,476,TZ,แทนซาเนีย,1E,ทวีปแอฟริกา,858911.0,24850.0
2022-01,2022,1,1,397,PA,ปานามา,1C,ทวีปอเมริกาเหนือ,746730.0,2071.0
2022-01,2022,1,1,447,KE,เคนยา,1E,ทวีปแอฟริกา,718033.0,17400.0
2022-01,2022,1,1,493,NC,นิวแคลีโดเนีย,1F,ทวีปออสเตรเลีย,654022.0,18542.0
2022-01,2022,1,1,281,MV,มัลดีฟส์,1A,ทวีปเอเชีย,66508.0,983.0
2022-01,2022,1,1,280,LK,ศรีลังกา,1A,ทวีปเอเชีย,30833.0,506.0
2022-01,2022,1,1,465,SC,เซเชลส์,1E,ทวีปแอฟริกา,24840.0,46.0
2022-02,2022,2,1,373,US,สหรัฐอเมริกา,1C,ทวีปอเมริกาเหนือ,2448994474.0,14412851.0
2022-02,2022,2,1,304,JP,ญี่ปุ่น,1A,ทวีปเอเชีย,886828306.0,9414046.0
2022-02,2022,2,1,323,IT,อิตาลี,1B,ทวีปยุโรป,617735969.0,3949099.0
2022-02,2022,2,1,271,MY,มาเลเซีย,1A,ทวีปเอเชีย,471454083.0,9714215.0
2022-02,2022,2,1,483,AU,ออสเตรเลีย,1F,ทวีปออสเตรเลีย,323557790.0,3514495.0
2022-02,2022,2,1,309,TW,ไต้หวัน,1A,ทวีปเอเชีย,221856420.0,3189173.0
2022-02,2022,2,1,279,IN,อินเดีย,1A,ทวีปเอเชีย,225813269.0,3894365.0
2022-02,2022,2,1,267,ID,อินโดนีเซีย,1A,ทวีปเอเชีย,238754128.0,4845573.0
2022-02,2022,2,1,272,PH,ฟิลิปปินส์,1A,ทวีปเอเชีย,158332773.0,3637491.0
2022-02,2022,2,1,320,GB,สหราชอาณาจักร,1B,ทวีปยุโรป,191197948.0,1222169.0
2022-02,2022,2,1,302,CN,จีน,1A,ทวีปเอเชีย,171191710.0,1085395.0
2022-02,2022,2,1,315,DE,เยอรมนี,1B,ทวีปยุโรป,169749028.0,1276037.0
2022-02,2022,2,1,306,KR,เกาหลีใต้,1A,ทวีปเอเชีย,128303022.0,1066769.0
2022-02,2022,2,1,371,CA,แคนาดา,1C,ทวีปอเมริกาเหนือ,104408761.0,628746.0
2022-02,2022,2,1,313,BE,เบลเยียม,1B,ทวีปยุโรป,119402944.0,700673.0
2022-02,2022,2,1,497,NZ,นิวซีแลนด์,1F,ทวีปออสเตรเลีย,77143715.0,1153768.0
2022-02,2022,2,1,285,AE,สหรัฐอาหรับเอมิเรตส์,1A,ทวีปเอเชีย,79967519.0,1146625.0
2022-02,2022,2,1,274,VN,เวียดนาม,1A,ทวีปเอเชีย,70208944.0,1654804.0
2022-02,2022,2,1,303,HK,ฮ่องกง,1A,ทวีปเอเชีย,53288354.0,407476.0
2022-02,2022,2,1,273,SG,สิงคโปร์,1A,ทวีปเอเชีย,48975230.0,432173.0
2022-02,2022,2,1,410,CL,ชิลี,1D,ทวีปอเมริกาใต้,4729916.0,12454.0
2022-02,2022,2,1,296,SA,ซาอุดีอาระเบีย,1A,ทวีปเอเชีย,31947727.0,416933.0
2022-02,2022,2,1,270,MM,เมียนมา,1A,ทวีปเอเชีย,25022729.0,661283.0
2022-02,2022,2,1,319,FR,ฝรั่งเศส,1B,ทวีปยุโรป,28196836.0,169844.0
2022-02,2022,2,1,345,RU,รัสเซีย,1B,ทวีปยุโรป,29179054.0,168168.0
2022-02,2022,2,1,325,NL,เนเธอร์แลนด์,1B,ทวีปยุโรป,26664393.0,138800.0
2022-02,2022,2,1,266,BN,บรูไน,1A,ทวีปเอเชีย,25159854.0,503411.0
2022-02,2022,2,1,327,SE,สวีเดน,1B,ทวีปยุโรป,8229417.0,42159.0
2022-02,2022,2,1,288,IL,อิสราเอล,1A,ทวีปเอเชีย,10053687.0,78216.0
2022-02,2022,2,1,318,FI,ฟินแลนด์,1B,ทวีปยุโรป,5392014.0,36178.0
2022-02,2022,2,1,478,ZA,แอฟริกาใต้,1E,ทวีปแอฟริกา,3969738.0,67210.0
2022-02,2022,2,1,292,KW,คูเวต,1A,ทวีปเอเชีย,4210561.0,31386.0
2022-02,2022,2,1,268,KH,กัมพูชา,1A,ทวีปเอเชีย,5314276.0,135219.0
2022-02,2022,2,1,351,UA,ยูเครน,1B,ทวีปยุโรป,6945721.0,36085.0
2022-02,2022,2,1,269,LA,สปป. ลาว,1A,ทวีปเอเชีย,5108503.0,152514.0
2022-02,2022,2,1,298,TR,ตุรกี,1A,ทวีปเอเชีย,1063523.0,10278.0
2022-02,2022,2,1,341,KZ,คาซัคสถาน,1A,ทวีปเอเชีย,0.0,0.0
2022-02,2022,2,1,283,PK,ปากีสถาน,1A,ทวีปเอเชีย,7842331.0,154396.0
2022-02,2022,2,1,356,CH,สวิตเซอร์แลนด์,1B,ทวีปยุโรป,2322976.0,8571.0
2022-02,2022,2,1,365,MT,มอลตา,1B,ทวีปยุโรป,3282765.0,24624.0
2022-02,2022,2,1,411,CO,โคลอมเบีย,1D,ทวีปอเมริกาใต้,4396144.0,8214.0
2022-02,2022,2,1,456,MU,มอริเชียส,1E,ทวีปแอฟริกา,2532873.0,51053.0
2022-02,2022,2,1,286,BH,บาห์เรน,1A,ทวีปเอเชีย,2046251.0,6584.0
2022-02,2022,2,1,336,CZ,สาธารณรัฐเช็ก,1B,ทวีปยุโรป,4398746.0,28691.0
2022-02,2022,2,1,317,ES,สเปน,1B,ทวีปยุโรป,3051529.0,23604.0
2022-02,2022,2,1,343,PL,โปแลนด์,1B,ทวีปยุโรป,3908904.0,35784.0
2022-02,2022,2,1,295,QA,กาตาร์,1A,ทวีปเอเชีย,805808.0,1567.0
2022-02,2022,2,1,321,GR,กรีซ,1B,ทวีปยุโรป,1296269.0,2486.0
2022-02,2022,2,1,498,PF,เฟรนช์โปลีนีเซีย,1F,ทวีปออสเตรเลีย,555246.0,15589.0
2022-02,2022,2,1,280,LK,ศรีลังกา,1A,ทวีปเอเชีย,2112072.0,39694.0
2022-02,2022,2,1,476,TZ,แทนซาเนีย,1E,ทวีปแอฟริกา,993745.0,24973.0
2022-02,2022,2,1,291,JO,จอร์แดน,1A,ทวีปเอเชีย,1818884.0,15945.0
2022-02,2022,2,1,417,PE,เปรู,1D,ทวีปอเมริกาใต้,540332.0,1692.0
2022-02,2022,2,1,289,IQ,อิรัก,1A,ทวีปเอเชีย,0.0,0.0
2022-02,2022,2,1,362,LT,ลิทัวเนีย,1B,ทวีปยุโรป,1326788.0,9679.0
2022-02,2022,2,1,493,NC,นิวแคลีโดเนีย,1F,ทวีปออสเตรเลีย,598465.0,16957.0
2022-02,2022,2,1,409,BR,บราซิล,1D,ทวีปอเมริกาใต้,1242812.0,3655.0
2022-02,2022,2,1,293,LB,เลบานอน,1A,ทวีปเอเชีย,1070670.0,1999.0
2022-02,2022,2,1,282,NP,เนปาล,1A,ทวีปเอเชีย,998059.0,16239.0
2022-02,2022,2,1,376,AN,เนเธอร์แลนด์แอนทิลลีส,1C,ทวีปอเมริกาเหนือ,0.0,0.0
2022-02,2022,2,1,312,AT,ออสเตรีย,1B,ทวีปยุโรป,964597.0,6720.0
2022-02,2022,2,1,397,PA,ปานามา,1C,ทวีปอเมริกาเหนือ,0.0,0.0
2022-02,2022,2,1,447,KE,เคนยา,1E,ทวีปแอฟริกา,0.0,0.0
2022-02,2022,2,1,281,MV,มัลดีฟส์,1A,ทวีปเอเชีย,142031.0,3304.0
2022-02,2022,2,1,465,SC,เซเชลส์,1E,ทวีปแอฟริกา,0.0,0.0
2022-03,2022,3,1,373,US,สหรัฐอเมริกา,1C,ทวีปอเมริกาเหนือ,2399283878.0,13981703.0
2022-03,2022,3,1,304,JP,ญี่ปุ่น,1A,ทวีปเอเชีย,887400493.0,10058799.0
2022-03,2022,3,1,323,IT,อิตาลี,1B,ทวีปยุโรป,711015279.0,4579239.0
2022-03,2022,3,1,271,MY,มาเลเซีย,1A,ทวีปเอเชีย,522103202.0,10614975.0
2022-03,2022,3,1,483,AU,ออสเตรเลีย,1F,ทวีปออสเตรเลีย,423059722.0,4607141.0
2022-03,2022,3,1,267,ID,อินโดนีเซีย,1A,ทวีปเอเชีย,274677724.0,5545281.0
2022-03,2022,3,1,279,IN,อินเดีย,1A,ทวีปเอเชีย,222840434.0,4027145.0
2022-03,2022,3,1,309,TW,ไต้หวัน,1A,ทวีปเอเชีย,200220140.0,2770246.0
2022-03,2022,3,1,272,PH,ฟิลิปปินส์,1A,ทวีปเอเชีย,260408632.0,5695022.0
2022-03,2022,3,1,320,GB,สหราชอาณาจักร,1B,ทวีปยุโรป,216270959.0,1431660.0
2022-03,2022,3,1,315,DE,เยอรมนี,1B,ทวีปยุโรป,227269742.0,1537468.0
2022-03,2022,3,1,302,CN,จีน,1A,ทวีปเอเชีย,171020930.0,1215574.0
2022-03,2022,3,1,371,CA,แคนาดา,1C,ทวีปอเมริกาเหนือ,163558770.0,1014414.0
2022-03,2022,3,1,306,KR,เกาหลีใต้,1A,ทวีปเอเชีย,131316463.0,1136239.0
2022-03,2022,3,1,313,BE,เบลเยียม,1B,ทวีปยุโรป,67216529.0,414248.0
2022-03,2022,3,1,274,VN,เวียดนาม,1A,ทวีปเอเชีย,65513674.0,1229267.0
2022-03,2022,3,1,285,AE,สหรัฐอาหรับเอมิเรตส์,1A,ทวีปเอเชีย,59933052.0,965389.0
2022-03,2022,3,1,497,NZ,นิวซีแลนด์,1F,ทวีปออสเตรเลีย,55680451.0,876155.0
2022-03,2022,3,1,303,HK,ฮ่องกง,1A,ทวีปเอเชีย,71660851.0,678957.0
2022-03,2022,3,1,273,SG,สิงคโปร์,1A,ทวีปเอเชีย,69278270.0,601960.0
2022-03,2022,3,1,296,SA,ซาอุดีอาระเบีย,1A,ทวีปเอเชีย,52437753.0,577035.0
2022-03,2022,3,1,325,NL,เนเธอร์แลนด์,1B,ทวีปยุโรป,45939814.0,298025.0
2022-03,2022,3,1,410,CL,ชิลี,1D,ทวีปอเมริกาใต้,28555306.0,64027.0
2022-03,2022,3,1,319,FR,ฝรั่งเศส,1B,ทวีปยุโรป,41118483.0,235238.0
2022-03,2022,3,1,270,MM,เมียนมา,1A,ทวีปเอเชีย,22932132.0,639435.0
2022-03,2022,3,1,345,RU,รัสเซีย,1B,ทวีปยุโรป,2260596.0,18142.0
2022-03,2022,3,1,266,BN,บรูไน,1A,ทวีปเอเชีย,5979300.0,154927.0
2022-03,2022,3,1,327,SE,สวีเดน,1B,ทวีปยุโรป,12034757.0,66975.0
2022-03,2022,3,1,288,IL,อิสราเอล,1A,ทวีปเอเชีย,16307204.0,155146.0
2022-03,2022,3,1,318,FI,ฟินแลนด์,1B,ทวีปยุโรป,6775867.0,40726.0
2022-03,2022,3,1,478,ZA,แอฟริกาใต้,1E,ทวีปแอฟริกา,6164175.0,105075.0
2022-03,2022,3,1,268,KH,กัมพูชา,1A,ทวีปเอเชีย,7466468.0,155768.0
2022-03,2022,3,1,292,KW,คูเวต,1A,ทวีปเอเชีย,5304022.0,38152.0
2022-03,2022,3,1,269,LA,สปป. ลาว,1A,ทวีปเอเชีย,7160445.0,205099.0
2022-03,2022,3,1,283,PK,ปากีสถาน,1A,ทวีปเอเชีย,6592678.0,139587.0
2022-03,2022,3,1,298,TR,ตุรกี,1A,ทวีปเอเชีย,4089968.0,12528.0
2022-03,2022,3,1,365,MT,มอลตา,1B,ทวีปยุโรป,5269232.0,41900.0
2022-03,2022,3,1,356,CH,สวิตเซอร์แลนด์,1B,ทวีปยุโรป,4271288.0,19772.0
2022-03,2022,3,1,351,UA,ยูเครน,1B,ทวีปยุโรป,0.0,0.0
2022-03,2022,3,1,411,CO,โคลอมเบีย,1D,ทวีปอเมริกาใต้,4340144.0,8271.0
2022-03,2022,3,1,341,KZ,คาซัคสถาน,1A,ทวีปเอเชีย,0.0,0.0
2022-03,2022,3,1,317,ES,สเปน,1B,ทวีปยุโรป,4013431.0,17140.0
2022-03,2022,3,1,456,MU,มอริเชียส,1E,ทวีปแอฟริกา,3098348.0,66424.0
2022-03,2022,3,1,277,BD,บังกลาเทศ,1A,ทวีปเอเชีย,5924280.0,116987.0
2022-03,2022,3,1,286,BH,บาห์เรน,1A,ทวีปเอเชีย,1396817.0,16479.0
2022-03,2022,3,1,336,CZ,สาธารณรัฐเช็ก,1B,ทวีปยุโรป,0.0,0.0
2022-03,2022,3,1,280,LK,ศรีลังกา,1A,ทวีปเอเชีย,1968860.0,42979.0
2022-03,2022,3,1,343,PL,โปแลนด์,1B,ทวีปยุโรป,0.0,0.0
2022-03,2022,3,1,498,PF,เฟรนช์โปลีนีเซีย,1F,ทวีปออสเตรเลีย,1012442.0,28343.0
2022-03,2022,3,1,295,QA,กาตาร์,1A,ทวีปเอเชีย,479.0,12.0
2022-03,2022,3,1,316,DK,เดนมาร์ก,1B,ทวีปยุโรป,2660582.0,17924.0
2022-03,2022,3,1,321,GR,กรีซ,1B,ทวีปยุโรป,0.0,0.0
2022-03,2022,3,1,417,PE,เปรู,1D,ทวีปอเมริกาใต้,572378.0,1078.0
2022-03,2022,3,1,376,AN,เนเธอร์แลนด์แอนทิลลีส,1C,ทวีปอเมริกาเหนือ,939600.0,6720.0
2022-03,2022,3,1,312,AT,ออสเตรีย,1B,ทวีปยุโรป,942740.0,6720.0
2022-03,2022,3,1,291,JO,จอร์แดน,1A,ทวีปเอเชีย,80695.0,380.0
2022-03,2022,3,1,476,TZ,แทนซาเนีย,1E,ทวีปแอฟริกา,0.0,0.0
2022-03,2022,3,1,282,NP,เนปาล,1A,ทวีปเอเชีย,788984.0,11180.0
2022-03,2022,3,1,289,IQ,อิรัก,1A,ทวีปเอเชีย,0.0,0.0
2022-03,2022,3,1,293,LB,เลบานอน,1A,ทวีปเอเชีย,391066.0,8135.0
2022-03,2022,3,1,362,LT,ลิทัวเนีย,1B,ทวีปยุโรป,0.0,0.0
2022-03,2022,3,1,281,MV,มัลดีฟส์,1A,ทวีปเอเชีย,1086883.0,17124.0
2022-03,2022,3,1,409,BR,บราซิล,1D,ทวีปอเมริกาใต้,12012.0,39.0
2022-03,2022,3,1,493,NC,นิวแคลีโดเนีย,1F,ทวีปออสเตรเลีย,0.0,0.0
2022-03,2022,3,1,447,KE,เคนยา,1E,ทวีปแอฟริกา,471558.0,13362.0
2022-03,2022,3,1,397,PA,ปานามา,1C,ทวีปอเมริกาเหนือ,207219.0,599.0
2022-03,2022,3,1,407,AR,อาร์เจนตินา,1D,ทวีปอเมริกาใต้,454887.0,1314.0
2022-03,2022,3,1,294,OM,โอมาน,1A,ทวีปเอเชีย,418382.0,11808.0
2022-03,2022,3,1,465,SC,เซเชลส์,1E,ทวีปแอฟริกา,10160.0,830.0
2022-03,2022,3,1,361,LI,ลิกเตนสไตน์,1B,ทวีปยุโรป,48.0,0.0
2022-04,2022,4,2,373,US,สหรัฐอเมริกา,1C,ทวีปอเมริกาเหนือ,2261375097.0,12822692.0
2022-04,2022,4,2,304,JP,ญี่ปุ่น,1A,ทวีปเอเชีย,774347396.0,8597017.0
2022-04,2022,4,2,323,IT,อิตาลี,1B,ทวีปยุโรป,703090728.0,4434664.0
2022-04,2022,4,2,271,MY,มาเลเซีย,1A,ทวีปเอเชีย,406365159.0,8356322.0
2022-04,2022,4,2,483,AU,ออสเตรเลีย,1F,ทวีปออสเตรเลีย,423784915.0,4335254.0
2022-04,2022,4,2,309,TW,ไต้หวัน,1A,ทวีปเอเชีย,242337770.0,3222802.0
2022-04,2022,4,2,267,ID,อินโดนีเซีย,1A,ทวีปเอเชีย,198394948.0,3530878.0
2022-04,2022,4,2,272,PH,ฟิลิปปินส์,1A,ทวีปเอเชีย,233912060.0,5080581.0
2022-04,2022,4,2,279,IN,อินเดีย,1A,ทวีปเอเชีย,212234839.0,3632598.0
2022-04,2022,4,2,320,GB,สหราชอาณาจักร,1B,ทวีปยุโรป,252685572.0,1617174.0
2022-04,2022,4,2,315,DE,เยอรมนี,1B,ทวีปยุโรป,223399631.0,1512913.0
2022-04,2022,4,2,302,CN,จีน,1A,ทวีปเอเชีย,93882239.0,633651.0
2022-04,2022,4,2,306,KR,เกาหลีใต้,1A,ทวีปเอเชีย,82656762.0,699091.0
2022-04,2022,4,2,371,CA,แคนาดา,1C,ทวีปอเมริกาเหนือ,69712763.0,416522.0
2022-04,2022,4,2,313,BE,เบลเยียม,1B,ทวีปยุโรป,56351322.0,308957.0
2022-04,2022,4,2,285,AE,สหรัฐอาหรับเอมิเรตส์,1A,ทวีปเอเชีย,73213930.0,1073721.0
2022-04,2022,4,2,497,NZ,นิวซีแลนด์,1F,ทวีปออสเตรเลีย,67930921.0,834717.0
2022-04,2022,4,2,274,VN,เวียดนาม,1A,ทวีปเอเชีย,62390214.0,1252408.0
2022-04,2022,4,2,303,HK,ฮ่องกง,1A,ทวีปเอเชีย,49731524.0,551798.0
2022-04,2022,4,2,273,SG,สิงคโปร์,1A,ทวีปเอเชีย,42099224.0,373995.0
2022-04,2022,4,2,296,SA,ซาอุดีอาระเบีย,1A,ทวีปเอเชีย,43385342.0,647422.0
2022-04,2022,4,2,325,NL,เนเธอร์แลนด์,1B,ทวีปยุโรป,41740969.0,270574.0
2022-04,2022,4,2,270,MM,เมียนมา,1A,ทวีปเอเชีย,37509645.0,957940.0
2022-04,2022,4,2,319,FR,ฝรั่งเศส,1B,ทวีปยุโรป,17093200.0,89552.0
2022-04,2022,4,2,410,CL,ชิลี,1D,ทวีปอเมริกาใต้,16769899.0,30698.0
2022-04,2022,4,2,266,BN,บรูไน,1A,ทวีปเอเชีย,17702853.0,380366.0
2022-04,2022,4,2,345,RU,รัสเซีย,1B,ทวีปยุโรป,11658144.0,69365.0
2022-04,2022,4,2,288,IL,อิสราเอล,1A,ทวีปเอเชีย,20029685.0,102289.0
2022-04,2022,4,2,327,SE,สวีเดน,1B,ทวีปยุโรป,4784867.0,30634.0
2022-04,2022,4,2,318,FI,ฟินแลนด์,1B,ทวีปยุโรป,4335517.0,28668.0
2022-04,2022,4,2,268,KH,กัมพูชา,1A,ทวีปเอเชีย,7171041.0,172003.0
2022-04,2022,4,2,478,ZA,แอฟริกาใต้,1E,ทวีปแอฟริกา,4353564.0,73672.0
2022-04,2022,4,2,292,KW,คูเวต,1A,ทวีปเอเชีย,3084399.0,56255.0
2022-04,2022,4,2,298,TR,ตุรกี,1A,ทวีปเอเชีย,7503705.0,25432.0
2022-04,2022,4,2,269,LA,สปป. ลาว,1A,ทวีปเอเชีย,3662388.0,98270.0
2022-04,2022,4,2,283,PK,ปากีสถาน,1A,ทวีปเอเชีย,407351.0,6129.0
2022-04,2022,4,2,411,CO,โคลอมเบีย,1D,ทวีปอเมริกาใต้,3395246.0,6206.0
2022-04,2022,4,2,365,MT,มอลตา,1B,ทวีปยุโรป,2092055.0,15414.0
2022-04,2022,4,2,456,MU,มอริเชียส,1E,ทวีปแอฟริกา,3844202.0,79305.0
2022-04,2022,4,2,356,CH,สวิตเซอร์แลนด์,1B,ทวีปยุโรป,80.0,0.0
2022-04,2022,4,2,351,UA,ยูเครน,1B,ทวีปยุโรป,0.0,0.0
2022-04,2022,4,2,317,ES,สเปน,1B,ทวีปยุโรป,1544877.0,11203.0
2022-04,2022,4,2,316,DK,เดนมาร์ก,1B,ทวีปยุโรป,6216005.0,27133.0
2022-04,2022,4,2,341,KZ,คาซัคสถาน,1A,ทวีปเอเชีย,0.0,0.0
2022-04,2022,4,2,277,BD,บังกลาเทศ,1A,ทวีปเอเชีย,1565470.0,12557.0
2022-04,2022,4,2,286,BH,บาห์เรน,1A,ทวีปเอเชีย,1153126.0,25298.0
2022-04,2022,4,2,336,CZ,สาธารณรัฐเช็ก,1B,ทวีปยุโรป,1715014.0,16734.0
2022-04,2022,4,2,343,PL,โปแลนด์,1B,ทวีปยุโรป,1069832.0,7450.0
2022-04,2022,4,2,498,PF,เฟรนช์โปลีนีเซีย,1F,ทวีปออสเตรเลีย,1114978.0,29931.0
2022-04,2022,4,2,417,PE,เปรู,1D,ทวีปอเมริกาใต้,1852756.0,3961.0
2022-04,2022,4,2,280,LK,ศรีลังกา,1A,ทวีปเอเชีย,0.0,0.0
2022-04,2022,4,2,295,QA,กาตาร์,1A,ทวีปเอเชีย,847465.0,23824.0
2022-04,2022,4,2,476,TZ,แทนซาเนีย,1E,ทวีปแอฟริกา,1024417.0,24935.0
2022-04,2022,4,2,376,AN,เนเธอร์แลนด์แอนทิลลีส,1C,ทวีปอเมริกาเหนือ,931608.0,6720.0
2022-04,2022,4,2,312,AT,ออสเตรีย,1B,ทวีปยุโรป,934395.0,6720.0
2022-04,2022,4,2,362,LT,ลิทัวเนีย,1B,ทวีปยุโรป,1381404.0,9788.0
2022-04,2022,4,2,321,GR,กรีซ,1B,ทวีปยุโรป,0.0,0.0
2022-04,2022,4,2,291,JO,จอร์แดน,1A,ทวีปเอเชีย,307536.0,2596.0
2022-04,2022,4,2,282,NP,เนปาล,1A,ทวีปเอเชีย,0.0,0.0
2022-04,2022,4,2,289,IQ,อิรัก,1A,ทวีปเอเชีย,0.0,0.0
2022-04,2022,4,2,293,LB,เลบานอน,1A,ทวีปเอเชีย,0.0,0.0
2022-04,2022,4,2,281,MV,มัลดีฟส์,1A,ทวีปเอเชีย,22265.0,174.0
2022-04,2022,4,2,409,BR,บราซิล,1D,ทวีปอเมริกาใต้,0.0,0.0
2022-04,2022,4,2,493,NC,นิวแคลีโดเนีย,1F,ทวีปออสเตรเลีย,0.0,0.0
2022-04,2022,4,2,447,KE,เคนยา,1E,ทวีปแอฟริกา,0.0,0.0
2022-04,2022,4,2,363,LV,ลัตเวีย,1B,ทวีปยุโรป,1026669.0,5850.0
2022-04,2022,4,2,397,PA,ปานามา,1C,ทวีปอเมริกาเหนือ,0.0,0.0
2022-04,2022,4,2,407,AR,อาร์เจนตินา,1D,ทวีปอเมริกาใต้,473304.0,1314.0
2022-04,2022,4,2,294,OM,โอมาน,1A,ทวีปเอเชีย,350242.0,7479.0
2022-04,2022,4,2,360,IS,ไอซ์แลนด์,1B,ทวีปยุโรป,202993.0,542.0
2022-04,2022,4,2,465,SC,เซเชลส์,1E,ทวีปแอฟริกา,0.0,0.0
2022-04,2022,4,2,361,LI,ลิกเตนสไตน์,1B,ทวีปยุโรป,80.0,0.0
2022-05,2022,5,2,373,US,สหรัฐอเมริกา,1C,ทวีปอเมริกาเหนือ,2358453252.0,13008959.0
2022-05,2022,5,2,304,JP,ญี่ปุ่น,1A,ทวีปเอเชีย,1010427510.0,10691754.0
2022-05,2022,5,2,323,IT,อิตาลี,1B,ทวีปยุโรป,684076813.0,4284709.0
2022-05,2022,5,2,271,MY,มาเลเซีย,1A,ทวีปเอเชีย,442805210.0,9064469.0
2022-05,2022,5,2,483,AU,ออสเตรเลีย,1F,ทวีปออสเตรเลีย,441336584.0,4547311.0
2022-05,2022,5,2,272,PH,ฟิลิปปินส์,1A,ทวีปเอเชีย,360835030.0,8307511.0
2022-05,2022,5,2,309,TW,ไต้หวัน,1A,ทวีปเอเชีย,294182988.0,3504941.0
2022-05,2022,5,2,267,ID,อินโดนีเซีย,1A,ทวีปเอเชีย,224061078.0,4018729.0
2022-05,2022,5,2,279,IN,อินเดีย,1A,ทวีปเอเชีย,167956694.0,2791127.0
2022-05,2022,5,2,320,GB,สหราชอาณาจักร,1B,ทวีปยุโรป,179889427.0,1170357.0
2022-05,2022,5,2,315,DE,เยอรมนี,1B,ทวีปยุโรป,236652179.0,1495946.0
2022-05,2022,5,2,302,CN,จีน,1A,ทวีปเอเชีย,168845891.0,1138999.0
2022-05,2022,5,2,371,CA,แคนาดา,1C,ทวีปอเมริกาเหนือ,133822580.0,971492.0
2022-05,2022,5,2,306,KR,เกาหลีใต้,1A,ทวีปเอเชีย,115082045.0,859016.0
2022-05,2022,5,2,313,BE,เบลเยียม,1B,ทวีปยุโรป,57612167.0,343185.0
2022-05,2022,5,2,285,AE,สหรัฐอาหรับเอมิเรตส์,1A,ทวีปเอเชีย,60076683.0,683635.0
2022-05,2022,5,2,497,NZ,นิวซีแลนด์,1F,ทวีปออสเตรเลีย,60132064.0,792660.0
2022-05,2022,5,2,274,VN,เวียดนาม,1A,ทวีปเอเชีย,60795153.0,1377234.0
2022-05,2022,5,2,303,HK,ฮ่องกง,1A,ทวีปเอเชีย,71985615.0,676485.0
2022-05,2022,5,2,273,SG,สิงคโปร์,1A,ทวีปเอเชีย,59598140.0,509785.0
2022-05,2022,5,2,296,SA,ซาอุดีอาระเบีย,1A,ทวีปเอเชีย,40268053.0,519067.0
2022-05,2022,5,2,325,NL,เนเธอร์แลนด์,1B,ทวีปยุโรป,48536816.0,263962.0
2022-05,2022,5,2,270,MM,เมียนมา,1A,ทวีปเอเชีย,34989359.0,882204.0
2022-05,2022,5,2,319,FR,ฝรั่งเศส,1B,ทวีปยุโรป,36576540.0,192528.0
2022-05,2022,5,2,410,CL,ชิลี,1D,ทวีปอเมริกาใต้,11132066.0,20369.0
2022-05,2022,5,2,266,BN,บรูไน,1A,ทวีปเอเชีย,18376633.0,349439.0
2022-05,2022,5,2,345,RU,รัสเซีย,1B,ทวีปยุโรป,21296170.0,125764.0
2022-05,2022,5,2,288,IL,อิสราเอล,1A,ทวีปเอเชีย,5799495.0,43602.0
2022-05,2022,5,2,327,SE,สวีเดน,1B,ทวีปยุโรป,11877853.0,66280.0
2022-05,2022,5,2,478,ZA,แอฟริกาใต้,1E,ทวีปแอฟริกา,10404299.0,118226.0
2022-05,2022,5,2,318,FI,ฟินแลนด์,1B,ทวีปยุโรป,5748290.0,35450.0
2022-05,2022,5,2,268,KH,กัมพูชา,1A,ทวีปเอเชีย,6187243.0,138745.0
2022-05,2022,5,2,298,TR,ตุรกี,1A,ทวีปเอเชีย,6723028.0,34094.0
2022-05,2022,5,2,292,KW,คูเวต,1A,ทวีปเอเชีย,3911891.0,22833.0
2022-05,2022,5,2,269,LA,สปป. ลาว,1A,ทวีปเอเชีย,4604785.0,132682.0
2022-05,2022,5,2,283,PK,ปากีสถาน,1A,ทวีปเอเชีย,6232867.0,81249.0
2022-05,2022,5,2,411,CO,โคลอมเบีย,1D,ทวีปอเมริกาใต้,3258178.0,5796.0
2022-05,2022,5,2,456,MU,มอริเชียส,1E,ทวีปแอฟริกา,4666290.0,95376.0
2022-05,2022,5,2,365,MT,มอลตา,1B,ทวีปยุโรป,0.0,0.0
2022-05,2022,5,2,356,CH,สวิตเซอร์แลนด์,1B,ทวีปยุโรป,2231978.0,8506.0
2022-05,2022,5,2,316,DK,เดนมาร์ก,1B,ทวีปยุโรป,2704756.0,18371.0
2022-05,2022,5,2,277,BD,บังกลาเทศ,1A,ทวีปเอเชีย,3254323.0,53668.0
2022-05,2022,5,2,317,ES,สเปน,1B,ทวีปยุโรป,692767.0,9463.0
2022-05,2022,5,2,351,UA,ยูเครน,1B,ทวีปยุโรป,0.0,0.0
2022-05,2022,5,2,286,BH,บาห์เรน,1A,ทวีปเอเชีย,2046672.0,38574.0
2022-05,2022,5,2,341,KZ,คาซัคสถาน,1A,ทวีปเอเชีย,0.0,0.0
2022-05,2022,5,2,336,CZ,สาธารณรัฐเช็ก,1B,ทวีปยุโรป,1501959.0,17983.0
2022-05,2022,5,2,498,PF,เฟรนช์โปลีนีเซีย,1F,ทวีปออสเตรเลีย,1548120.0,43959.0
2022-05,2022,5,2,417,PE,เปรู,1D,ทวีปอเมริกาใต้,1229863.0,2194.0
2022-05,2022,5,2,295,QA,กาตาร์,1A,ทวีปเอเชีย,1376159.0,16709.0
2022-05,2022,5,2,343,PL,โปแลนด์,1B,ทวีปยุโรป,0.0,0.0
2022-05,2022,5,2,280,LK,ศรีลังกา,1A,ทวีปเอเชีย,0.0,0.0
2022-05,2022,5,2,476,TZ,แทนซาเนีย,1E,ทวีปแอฟริกา,994067.0,25011.0
2022-05,2022,5,2,376,AN,เนเธอร์แลนด์แอนทิลลีส,1C,ทวีปอเมริกาเหนือ,0.0,0.0
2022-05,2022,5,2,312,AT,ออสเตรีย,1B,ทวีปยุโรป,0.0,0.0
2022-05,2022,5,2,362,LT,ลิทัวเนีย,1B,ทวีปยุโรป,0.0,0.0
2022-05,2022,5,2,321,GR,กรีซ,1B,ทวีปยุโรป,0.0,0.0
2022-05,2022,5,2,291,JO,จอร์แดน,1A,ทวีปเอเชีย,33493.0,586.0
2022-05,2022,5,2,293,LB,เลบานอน,1A,ทวีปเอเชีย,579466.0,12365.0
2022-05,2022,5,2,281,MV,มัลดีฟส์,1A,ทวีปเอเชีย,623874.0,4704.0
2022-05,2022,5,2,447,KE,เคนยา,1E,ทวีปแอฟริกา,696055.0,8454.0
2022-05,2022,5,2,493,NC,นิวแคลีโดเนีย,1F,ทวีปออสเตรเลีย,622415.0,18902.0
2022-05,2022,5,2,282,NP,เนปาล,1A,ทวีปเอเชีย,0.0,0.0
2022-05,2022,5,2,289,IQ,อิรัก,1A,ทวีปเอเชีย,0.0,0.0
2022-05,2022,5,2,326,PT,โปรตุเกส,1B,ทวีปยุโรป,1445759.0,8352.0
2022-05,2022,5,2,409,BR,บราซิล,1D,ทวีปอเมริกาใต้,0.0,0.0
2022-05,2022,5,2,407,AR,อาร์เจนตินา,1D,ทวีปอเมริกาใต้,317818.0,876.0
2022-05,2022,5,2,363,LV,ลัตเวีย,1B,ทวีปยุโรป,0.0,0.0
2022-05,2022,5,2,397,PA,ปานามา,1C,ทวีปอเมริกาเหนือ,0.0,0.0
2022-05,2022,5,2,294,OM,โอมาน,1A,ทวีปเอเชีย,0.0,0.0
2022-05,2022,5,2,360,IS,ไอซ์แลนด์,1B,ทวีปยุโรป,0.0,0.0
2022-05,2022,5,2,465,SC,เซเชลส์,1E,ทวีปแอฟริกา,22500.0,39.0
2022-05,2022,5,2,361,LI,ลิกเตนสไตน์,1B,ทวีปยุโรป,0.0,0.0
2022-06,2022,6,2,373,US,สหรัฐอเมริกา,1C,ทวีปอเมริกาเหนือ,2566045928.0,14064346.0
2022-06,2022,6,2,304,JP,ญี่ปุ่น,1A,ทวีปเอเชีย,929105297.0,9789132.0
2022-06,2022,6,2,323,IT,อิตาลี,1B,ทวีปยุโรป,483024662.0,2817262.0
2022-06,2022,6,2,271,MY,มาเลเซีย,1A,ทวีปเอเชีย,471794957.0,9392041.0
2022-06,2022,6,2,483,AU,ออสเตรเลีย,1F,ทวีปออสเตรเลีย,473129151.0,4281851.0
2022-06,2022,6,2,272,PH,ฟิลิปปินส์,1A,ทวีปเอเชีย,396884069.0,9197135.0
2022-06,2022,6,2,309,TW,ไต้หวัน,1A,ทวีปเอเชีย,266138979.0,3611687.0
2022-06,2022,6,2,267,ID,อินโดนีเซีย,1A,ทวีปเอเชีย,188889000.0,3076994.0
2022-06,2022,6,2,315,DE,เยอรมนี,1B,ทวีปยุโรป,219637806.0,1432703.0
2022-06,2022,6,2,279,IN,อินเดีย,1A,ทวีปเอเชีย,146437114.0,2483419.0
2022-06,2022,6,2,320,GB,สหราชอาณาจักร,1B,ทวีปยุโรป,159757823.0,957426.0
2022-06,2022,6,2,302,CN,จีน,1A,ทวีปเอเชีย,188463105.0,1149557.0
2022-06,2022,6,2,306,KR,เกาหลีใต้,1A,ทวีปเอเชีย,148424952.0,1075523.0
2022-06,2022,6,2,371,CA,แคนาดา,1C,ทวีปอเมริกาเหนือ,114845389.0,629247.0
2022-06,2022,6,2,313,BE,เบลเยียม,1B,ทวีปยุโรป,122537150.0,683229.0
2022-06,2022,6,2,497,NZ,นิวซีแลนด์,1F,ทวีปออสเตรเลีย,68375957.0,1003209.0
2022-06,2022,6,2,274,VN,เวียดนาม,1A,ทวีปเอเชีย,67743887.0,1412297.0
2022-06,2022,6,2,303,HK,ฮ่องกง,1A,ทวีปเอเชีย,60992777.0,582801.0
2022-06,2022,6,2,285,AE,สหรัฐอาหรับเอมิเรตส์,1A,ทวีปเอเชีย,37467504.0,450918.0
2022-06,2022,6,2,273,SG,สิงคโปร์,1A,ทวีปเอเชีย,62393320.0,543135.0
2022-06,2022,6,2,296,SA,ซาอุดีอาระเบีย,1A,ทวีปเอเชีย,52968115.0,606875.0
2022-06,2022,6,2,325,NL,เนเธอร์แลนด์,1B,ทวีปยุโรป,24783193.0,133485.0
2022-06,2022,6,2,319,FR,ฝรั่งเศส,1B,ทวีปยุโรป,35616300.0,173027.0
2022-06,2022,6,2,270,MM,เมียนมา,1A,ทวีปเอเชีย,28287091.0,716523.0
2022-06,2022,6,2,410,CL,ชิลี,1D,ทวีปอเมริกาใต้,12475509.0,22518.0
2022-06,2022,6,2,345,RU,รัสเซีย,1B,ทวีปยุโรป,42116368.0,267500.0
2022-06,2022,6,2,266,BN,บรูไน,1A,ทวีปเอเชีย,19039800.0,383992.0
2022-06,2022,6,2,288,IL,อิสราเอล,1A,ทวีปเอเชีย,22523809.0,120390.0
2022-06,2022,6,2,327,SE,สวีเดน,1B,ทวีปยุโรป,7054148.0,34028.0
2022-06,2022,6,2,318,FI,ฟินแลนด์,1B,ทวีปยุโรป,9111673.0,57561.0
2022-06,2022,6,2,478,ZA,แอฟริกาใต้,1E,ทวีปแอฟริกา,4015266.0,45628.0
2022-06,2022,6,2,268,KH,กัมพูชา,1A,ทวีปเอเชีย,4435251.0,90767.0
2022-06,2022,6,2,292,KW,คูเวต,1A,ทวีปเอเชีย,7229062.0,70071.0
2022-06,2022,6,2,269,LA,สปป. ลาว,1A,ทวีปเอเชีย,5544983.0,141177.0
2022-06,2022,6,2,298,TR,ตุรกี,1A,ทวีปเอเชีย,0.0,0.0
2022-06,2022,6,2,456,MU,มอริเชียส,1E,ทวีปแอฟริกา,7702091.0,170277.0
2022-06,2022,6,2,283,PK,ปากีสถาน,1A,ทวีปเอเชีย,0.0,0.0
2022-06,2022,6,2,411,CO,โคลอมเบีย,1D,ทวีปอเมริกาใต้,3973148.0,6971.0
2022-06,2022,6,2,365,MT,มอลตา,1B,ทวีปยุโรป,6520171.0,33933.0
2022-06,2022,6,2,356,CH,สวิตเซอร์แลนด์,1B,ทวีปยุโรป,1636129.0,7926.0
2022-06,2022,6,2,277,BD,บังกลาเทศ,1A,ทวีปเอเชีย,3075719.0,54502.0
2022-06,2022,6,2,316,DK,เดนมาร์ก,1B,ทวีปยุโรป,0.0,0.0
2022-06,2022,6,2,317,ES,สเปน,1B,ทวีปยุโรป,999393.0,4191.0
2022-06,2022,6,2,351,UA,ยูเครน,1B,ทวีปยุโรป,0.0,0.0
2022-06,2022,6,2,336,CZ,สาธารณรัฐเช็ก,1B,ทวีปยุโรป,2555098.0,14693.0
2022-06,2022,6,2,286,BH,บาห์เรน,1A,ทวีปเอเชีย,764787.0,5816.0
2022-06,2022,6,2,498,PF,เฟรนช์โปลีนีเซีย,1F,ทวีปออสเตรเลีย,3718325.0,114528.0
2022-06,2022,6,2,341,KZ,คาซัคสถาน,1A,ทวีปเอเชีย,0.0,0.0
2022-06,2022,6,2,417,PE,เปรู,1D,ทวีปอเมริกาใต้,1254678.0,2194.0
2022-06,2022,6,2,343,PL,โปแลนด์,1B,ทวีปยุโรป,628570.0,4840.0
2022-06,2022,6,2,295,QA,กาตาร์,1A,ทวีปเอเชีย,304633.0,6777.0
2022-06,2022,6,2,281,MV,มัลดีฟส์,1A,ทวีปเอเชีย,3154563.0,17543.0
2022-06,2022,6,2,476,TZ,แทนซาเนีย,1E,ทวีปแอฟริกา,1086994.0,24548.0
2022-06,2022,6,2,280,LK,ศรีลังกา,1A,ทวีปเอเชีย,0.0,0.0
2022-06,2022,6,2,362,LT,ลิทัวเนีย,1B,ทวีปยุโรป,1372909.0,9580.0
2022-06,2022,6,2,376,AN,เนเธอร์แลนด์แอนทิลลีส,1C,ทวีปอเมริกาเหนือ,0.0,0.0
2022-06,2022,6,2,312,AT,ออสเตรีย,1B,ทวีปยุโรป,0.0,0.0
2022-06,2022,6,2,321,GR,กรีซ,1B,ทวีปยุโรป,0.0,0.0
2022-06,2022,6,2,493,NC,นิวแคลีโดเนีย,1F,ทวีปออสเตรเลีย,538254.0,16624.0
2022-06,2022,6,2,291,JO,จอร์แดน,1A,ทวีปเอเชีย,0.0,0.0
2022-06,2022,6,2,293,LB,เลบานอน,1A,ทวีปเอเชีย,0.0,0.0
2022-06,2022,6,2,447,KE,เคนยา,1E,ทวีปแอฟริกา,0.0,0.0
2022-06,2022,6,2,282,NP,เนปาล,1A,ทวีปเอเชีย,0.0,0.0
2022-06,2022,6,2,289,IQ,อิรัก,1A,ทวีปเอเชีย,0.0,0.0
2022-06,2022,6,2,326,PT,โปรตุเกส,1B,ทวีปยุโรป,0.0,0.0
2022-06,2022,6,2,409,BR,บราซิล,1D,ทวีปอเมริกาใต้,0.0,0.0
2022-06,2022,6,2,407,AR,อาร์เจนตินา,1D,ทวีปอเมริกาใต้,0.0,0.0
2022-06,2022,6,2,397,PA,ปานามา,1C,ทวีปอเมริกาเหนือ,226868.0,599.0
2022-06,2022,6,2,363,LV,ลัตเวีย,1B,ทวีปยุโรป,0.0,0.0
2022-06,2022,6,2,294,OM,โอมาน,1A,ทวีปเอเชีย,0.0,0.0
2022-06,2022,6,2,415,GY,กายอานา,1D,ทวีปอเมริกาใต้,278134.0,722.0
2022-06,2022,6,2,465,SC,เซเชลส์,1E,ทวีปแอฟริกา,147925.0,1130.0
2022-06,2022,6,2,360,IS,ไอซ์แลนด์,1B,ทวีปยุโรป,0.0,0.0
2022-06,2022,6,2,361,LI,ลิกเตนสไตน์,1B,ทวีปยุโรป,0.0,0.0
2022-07,2022,7,3,373,US,สหรัฐอเมริกา,1C,ทวีปอเมริกาเหนือ,2477462256.0,13770426.0
2022-07,2022,7,3,304,JP,ญี่ปุ่น,1A,ทวีปเอเชีย,887287151.0,9556015.0
2022-07,2022,7,3,323,IT,อิตาลี,1B,ทวีปยุโรป,442574523.0,2535534.0
2022-07,2022,7,3,271,MY,มาเลเซีย,1A,ทวีปเอเชีย,499337534.0,9759492.0
2022-07,2022,7,3,483,AU,ออสเตรเลีย,1F,ทวีปออสเตรเลีย,518902749.0,4490882.0
2022-07,2022,7,3,272,PH,ฟิลิปปินส์,1A,ทวีปเอเชีย,418545788.0,9409734.0
2022-07,2022,7,3,309,TW,ไต้หวัน,1A,ทวีปเอเชีย,269646149.0,3451754.0
2022-07,2022,7,3,267,ID,อินโดนีเซีย,1A,ทวีปเอเชีย,251030667.0,3607379.0
2022-07,2022,7,3,315,DE,เยอรมนี,1B,ทวีปยุโรป,238490745.0,1398565.0
2022-07,2022,7,3,279,IN,อินเดีย,1A,ทวีปเอเชีย,169196384.0,2624340.0
2022-07,2022,7,3,320,GB,สหราชอาณาจักร,1B,ทวีปยุโรป,151694068.0,895557.0
2022-07,2022,7,3,302,CN,จีน,1A,ทวีปเอเชีย,222398324.0,1370233.0
2022-07,2022,7,3,371,CA,แคนาดา,1C,ทวีปอเมริกาเหนือ,131166608.0,763600.0
2022-07,2022,7,3,306,KR,เกาหลีใต้,1A,ทวีปเอเชีย,95595956.0,721149.0
2022-07,2022,7,3,313,BE,เบลเยียม,1B,ทวีปยุโรป,82881064.0,478047.0
2022-07,2022,7,3,497,NZ,นิวซีแลนด์,1F,ทวีปออสเตรเลีย,85961830.0,1142763.0
2022-07,2022,7,3,274,VN,เวียดนาม,1A,ทวีปเอเชีย,81314653.0,1657543.0
2022-07,2022,7,3,303,HK,ฮ่องกง,1A,ทวีปเอเชีย,61506780.0,443768.0
2022-07,2022,7,3,273,SG,สิงคโปร์,1A,ทวีปเอเชีย,62960133.0,445044.0
2022-07,2022,7,3,285,AE,สหรัฐอาหรับเอมิเรตส์,1A,ทวีปเอเชีย,42037792.0,433878.0
2022-07,2022,7,3,296,SA,ซาอุดีอาระเบีย,1A,ทวีปเอเชีย,37025063.0,438865.0
2022-07,2022,7,3,325,NL,เนเธอร์แลนด์,1B,ทวีปยุโรป,26941304.0,170377.0
2022-07,2022,7,3,319,FR,ฝรั่งเศส,1B,ทวีปยุโรป,44140084.0,213453.0
2022-07,2022,7,3,270,MM,เมียนมา,1A,ทวีปเอเชีย,20427688.0,485893.0
2022-07,2022,7,3,345,RU,รัสเซีย,1B,ทวีปยุโรป,20441863.0,112303.0
2022-07,2022,7,3,410,CL,ชิลี,1D,ทวีปอเมริกาใต้,13958694.0,23703.0
2022-07,2022,7,3,266,BN,บรูไน,1A,ทวีปเอเชีย,31267470.0,603248.0
2022-07,2022,7,3,288,IL,อิสราเอล,1A,ทวีปเอเชีย,28518972.0,140469.0
2022-07,2022,7,3,327,SE,สวีเดน,1B,ทวีปยุโรป,5052372.0,22632.0
2022-07,2022,7,3,318,FI,ฟินแลนด์,1B,ทวีปยุโรป,9065810.0,54043.0
2022-07,2022,7,3,478,ZA,แอฟริกาใต้,1E,ทวีปแอฟริกา,6608134.0,73463.0
2022-07,2022,7,3,268,KH,กัมพูชา,1A,ทวีปเอเชีย,8007465.0,129328.0
2022-07,2022,7,3,292,KW,คูเวต,1A,ทวีปเอเชีย,2674480.0,23032.0
2022-07,2022,7,3,269,LA,สปป. ลาว,1A,ทวีปเอเชีย,4381739.0,116436.0
2022-07,2022,7,3,456,MU,มอริเชียส,1E,ทวีปแอฟริกา,7263486.0,129981.0
2022-07,2022,7,3,298,TR,ตุรกี,1A,ทวีปเอเชีย,2250172.0,10486.0
2022-07,2022,7,3,365,MT,มอลตา,1B,ทวีปยุโรป,2298073.0,15324.0
2022-07,2022,7,3,411,CO,โคลอมเบีย,1D,ทวีปอเมริกาใต้,858877.0,490.0
2022-07,2022,7,3,283,PK,ปากีสถาน,1A,ทวีปเอเชีย,0.0,0.0
2022-07,2022,7,3,356,CH,สวิตเซอร์แลนด์,1B,ทวีปยุโรป,4810534.0,24293.0
2022-07,2022,7,3,277,BD,บังกลาเทศ,1A,ทวีปเอเชีย,37850.0,221.0
2022-07,2022,7,3,317,ES,สเปน,1B,ทวีปยุโรป,1491984.0,20553.0
2022-07,2022,7,3,316,DK,เดนมาร์ก,1B,ทวีปยุโรป,0.0,0.0
2022-07,2022,7,3,286,BH,บาห์เรน,1A,ทวีปเอเชีย,886620.0,21762.0
2022-07,2022,7,3,498,PF,เฟรนช์โปลีนีเซีย,1F,ทวีปออสเตรเลีย,1066549.0,29913.0
2022-07,2022,7,3,351,UA,ยูเครน,1B,ทวีปยุโรป,0.0,0.0
2022-07,2022,7,3,336,CZ,สาธารณรัฐเช็ก,1B,ทวีปยุโรป,0.0,0.0
2022-07,2022,7,3,295,QA,กาตาร์,1A,ทวีปเอเชีย,3522675.0,37747.0
2022-07,2022,7,3,341,KZ,คาซัคสถาน,1A,ทวีปเอเชีย,0.0,0.0
2022-07,2022,7,3,409,BR,บราซิล,1D,ทวีปอเมริกาใต้,6641972.0,18280.0
2022-07,2022,7,3,343,PL,โปแลนด์,1B,ทวีปยุโรป,2253914.0,18162.0
2022-07,2022,7,3,417,PE,เปรู,1D,ทวีปอเมริกาใต้,644157.0,1098.0
2022-07,2022,7,3,281,MV,มัลดีฟส์,1A,ทวีปเอเชีย,567480.0,6665.0
2022-07,2022,7,3,280,LK,ศรีลังกา,1A,ทวีปเอเชีย,1108467.0,20344.0
2022-07,2022,7,3,476,TZ,แทนซาเนีย,1E,ทวีปแอฟริกา,0.0,0.0
2022-07,2022,7,3,362,LT,ลิทัวเนีย,1B,ทวีปยุโรป,0.0,0.0
2022-07,2022,7,3,376,AN,เนเธอร์แลนด์แอนทิลลีส,1C,ทวีปอเมริกาเหนือ,988288.0,6720.0
2022-07,2022,7,3,312,AT,ออสเตรีย,1B,ทวีปยุโรป,988288.0,6720.0
2022-07,2022,7,3,291,JO,จอร์แดน,1A,ทวีปเอเชีย,1383009.0,12338.0
2022-07,2022,7,3,493,NC,นิวแคลีโดเนีย,1F,ทวีปออสเตรเลีย,636767.0,18376.0
2022-07,2022,7,3,293,LB,เลบานอน,1A,ทวีปเอเชีย,568998.0,11909.0
2022-07,2022,7,3,321,GR,กรีซ,1B,ทวีปยุโรป,0.0,0.0
2022-07,2022,7,3,447,KE,เคนยา,1E,ทวีปแอฟริกา,0.0,0.0
2022-07,2022,7,3,282,NP,เนปาล,1A,ทวีปเอเชีย,0.0,0.0
2022-07,2022,7,3,344,RO,โรมาเนีย,1B,ทวีปยุโรป,1625531.0,10054.0
2022-07,2022,7,3,289,IQ,อิรัก,1A,ทวีปเอเชีย,0.0,0.0
2022-07,2022,7,3,326,PT,โปรตุเกส,1B,ทวีปยุโรป,0.0,0.0
2022-07,2022,7,3,294,OM,โอมาน,1A,ทวีปเอเชีย,491525.0,12672.0
2022-07,2022,7,3,407,AR,อาร์เจนตินา,1D,ทวีปอเมริกาใต้,0.0,0.0
2022-07,2022,7,3,397,PA,ปานามา,1C,ทวีปอเมริกาเหนือ,0.0,0.0
2022-07,2022,7,3,363,LV,ลัตเวีย,1B,ทวีปยุโรป,0.0,0.0
2022-07,2022,7,3,415,GY,กายอานา,1D,ทวีปอเมริกาใต้,0.0,0.0
2022-07,2022,7,3,465,SC,เซเชลส์,1E,ทวีปแอฟริกา,6200.0,10.0
2022-07,2022,7,3,360,IS,ไอซ์แลนด์,1B,ทวีปยุโรป,0.0,0.0
2022-07,2022,7,3,361,LI,ลิกเตนสไตน์,1B,ทวีปยุโรป,0.0,0.0
2022-08,2022,8,3,373,US,สหรัฐอเมริกา,1C,ทวีปอเมริกาเหนือ,2561648461.0,14247533.0
2022-08,2022,8,3,304,JP,ญี่ปุ่น,1A,ทวีปเอเชีย,991378937.0,9982839.0
2022-08,2022,8,3,323,IT,อิตาลี,1B,ทวีปยุโรป,453808955.0,2399867.0
2022-08,2022,8,3,271,MY,มาเลเซีย,1A,ทวีปเอเชีย,422748189.0,8105120.0
2022-08,2022,8,3,483,AU,ออสเตรเลีย,1F,ทวีปออสเตรเลีย,485018789.0,4315151.0
2022-08,2022,8,3,272,PH,ฟิลิปปินส์,1A,ทวีปเอเชีย,430409142.0,9791909.0
2022-08,2022,8,3,309,TW,ไต้หวัน,1A,ทวีปเอเชีย,322689189.0,3590991.0
2022-08,2022,8,3,267,ID,อินโดนีเซีย,1A,ทวีปเอเชีย,221138049.0,4544714.0
2022-08,2022,8,3,315,DE,เยอรมนี,1B,ทวีปยุโรป,268963580.0,1537530.0
2022-08,2022,8,3,320,GB,สหราชอาณาจักร,1B,ทวีปยุโรป,234195205.0,1200025.0
2022-08,2022,8,3,279,IN,อินเดีย,1A,ทวีปเอเชีย,193395697.0,3046489.0
2022-08,2022,8,3,302,CN,จีน,1A,ทวีปเอเชีย,324665948.0,1948062.0
2022-08,2022,8,3,371,CA,แคนาดา,1C,ทวีปอเมริกาเหนือ,143297086.0,803350.0
2022-08,2022,8,3,306,KR,เกาหลีใต้,1A,ทวีปเอเชีย,95778648.0,676826.0
2022-08,2022,8,3,313,BE,เบลเยียม,1B,ทวีปยุโรป,54780723.0,298094.0
2022-08,2022,8,3,497,NZ,นิวซีแลนด์,1F,ทวีปออสเตรเลีย,68335703.0,931573.0
2022-08,2022,8,3,274,VN,เวียดนาม,1A,ทวีปเอเชีย,65633720.0,1149003.0
2022-08,2022,8,3,303,HK,ฮ่องกง,1A,ทวีปเอเชีย,64232192.0,481003.0
2022-08,2022,8,3,273,SG,สิงคโปร์,1A,ทวีปเอเชีย,53459695.0,480349.0
2022-08,2022,8,3,285,AE,สหรัฐอาหรับเอมิเรตส์,1A,ทวีปเอเชีย,41997923.0,422345.0
2022-08,2022,8,3,296,SA,ซาอุดีอาระเบีย,1A,ทวีปเอเชีย,70942819.0,684101.0
2022-08,2022,8,3,319,FR,ฝรั่งเศส,1B,ทวีปยุโรป,66415777.0,324067.0
2022-08,2022,8,3,325,NL,เนเธอร์แลนด์,1B,ทวีปยุโรป,33087740.0,189963.0
2022-08,2022,8,3,270,MM,เมียนมา,1A,ทวีปเอเชีย,25162508.0,533864.0
2022-08,2022,8,3,345,RU,รัสเซีย,1B,ทวีปยุโรป,50052107.0,265233.0
2022-08,2022,8,3,410,CL,ชิลี,1D,ทวีปอเมริกาใต้,30283175.0,54040.0
2022-08,2022,8,3,266,BN,บรูไน,1A,ทวีปเอเชีย,39939020.0,641439.0
2022-08,2022,8,3,288,IL,อิสราเอล,1A,ทวีปเอเชีย,17788597.0,88675.0
2022-08,2022,8,3,327,SE,สวีเดน,1B,ทวีปยุโรป,7261707.0,33840.0
2022-08,2022,8,3,318,FI,ฟินแลนด์,1B,ทวีปยุโรป,4793706.0,24179.0
2022-08,2022,8,3,478,ZA,แอฟริกาใต้,1E,ทวีปแอฟริกา,7985195.0,94833.0
2022-08,2022,8,3,268,KH,กัมพูชา,1A,ทวีปเอเชีย,6108709.0,101292.0
2022-08,2022,8,3,292,KW,คูเวต,1A,ทวีปเอเชีย,9702324.0,66446.0
2022-08,2022,8,3,269,LA,สปป. ลาว,1A,ทวีปเอเชีย,4490266.0,96661.0
2022-08,2022,8,3,456,MU,มอริเชียส,1E,ทวีปแอฟริกา,2016761.0,40350.0
2022-08,2022,8,3,298,TR,ตุรกี,1A,ทวีปเอเชีย,2408216.0,10547.0
2022-08,2022,8,3,356,CH,สวิตเซอร์แลนด์,1B,ทวีปยุโรป,6765679.0,35550.0
2022-08,2022,8,3,411,CO,โคลอมเบีย,1D,ทวีปอเมริกาใต้,4638957.0,6983.0
2022-08,2022,8,3,365,MT,มอลตา,1B,ทวีปยุโรป,3623422.0,26252.0
2022-08,2022,8,3,283,PK,ปากีสถาน,1A,ทวีปเอเชีย,0.0,0.0
2022-08,2022,8,3,317,ES,สเปน,1B,ทวีปยุโรป,2961298.0,19331.0
2022-08,2022,8,3,316,DK,เดนมาร์ก,1B,ทวีปยุโรป,3293246.0,18941.0
2022-08,2022,8,3,277,BD,บังกลาเทศ,1A,ทวีปเอเชีย,317497.0,20217.0
2022-08,2022,8,3,286,BH,บาห์เรน,1A,ทวีปเอเชีย,3302672.0,56723.0
2022-08,2022,8,3,295,QA,กาตาร์,1A,ทวีปเอเชีย,4568427.0,47047.0
2022-08,2022,8,3,343,PL,โปแลนด์,1B,ทวีปยุโรป,4906952.0,35553.0
2022-08,2022,8,3,498,PF,เฟรนช์โปลีนีเซีย,1F,ทวีปออสเตรเลีย,1555160.0,42388.0
2022-08,2022,8,3,341,KZ,คาซัคสถาน,1A,ทวีปเอเชีย,3569926.0,18276.0
2022-08,2022,8,3,417,PE,เปรู,1D,ทวีปอเมริกาใต้,4057342.0,6478.0
2022-08,2022,8,3,351,UA,ยูเครน,1B,ทวีปยุโรป,0.0,0.0
2022-08,2022,8,3,336,CZ,สาธารณรัฐเช็ก,1B,ทวีปยุโรป,0.0,0.0
2022-08,2022,8,3,291,JO,จอร์แดน,1A,ทวีปเอเชีย,6462289.0,11269.0
2022-08,2022,8,3,409,BR,บราซิล,1D,ทวีปอเมริกาใต้,0.0,0.0
2022-08,2022,8,3,476,TZ,แทนซาเนีย,1E,ทวีปแอฟริกา,1131924.0,24912.0
2022-08,2022,8,3,281,MV,มัลดีฟส์,1A,ทวีปเอเชีย,27500.0,5.0
2022-08,2022,8,3,362,LT,ลิทัวเนีย,1B,ทวีปยุโรป,1462417.0,9541.0
2022-08,2022,8,3,280,LK,ศรีลังกา,1A,ทวีปเอเชีย,0.0,0.0
2022-08,2022,8,3,312,AT,ออสเตรีย,1B,ทวีปยุโรป,982315.0,6720.0
2022-08,2022,8,3,376,AN,เนเธอร์แลนด์แอนทิลลีส,1C,ทวีปอเมริกาเหนือ,0.0,0.0
2022-08,2022,8,3,493,NC,นิวแคลีโดเนีย,1F,ทวีปออสเตรเลีย,0.0,0.0
2022-08,2022,8,3,447,KE,เคนยา,1E,ทวีปแอฟริกา,828675.0,17490.0
2022-08,2022,8,3,293,LB,เลบานอน,1A,ทวีปเอเชีย,0.0,0.0
2022-08,2022,8,3,321,GR,กรีซ,1B,ทวีปยุโรป,0.0,0.0
2022-08,2022,8,3,282,NP,เนปาล,1A,ทวีปเอเชีย,325845.0,3683.0
2022-08,2022,8,3,407,AR,อาร์เจนตินา,1D,ทวีปอเมริกาใต้,763675.0,2849.0
2022-08,2022,8,3,344,RO,โรมาเนีย,1B,ทวีปยุโรป,0.0,0.0
2022-08,2022,8,3,294,OM,โอมาน,1A,ทวีปเอเชีย,323585.0,6750.0
2022-08,2022,8,3,289,IQ,อิรัก,1A,ทวีปเอเชีย,0.0,0.0
2022-08,2022,8,3,326,PT,โปรตุเกส,1B,ทวีปยุโรป,0.0,0.0
2022-08,2022,8,3,397,PA,ปานามา,1C,ทวีปอเมริกาเหนือ,0.0,0.0
2022-08,2022,8,3,381,CR,คอสตาริกา,1C,ทวีปอเมริกาเหนือ,1167984.0,2919.0
2022-08,2022,8,3,363,LV,ลัตเวีย,1B,ทวีปยุโรป,0.0,0.0
2022-08,2022,8,3,465,SC,เซเชลส์,1E,ทวีปแอฟริกา,90375.0,1003.0
2022-08,2022,8,3,415,GY,กายอานา,1D,ทวีปอเมริกาใต้,0.0,0.0
2022-08,2022,8,3,360,IS,ไอซ์แลนด์,1B,ทวีปยุโรป,0.0,0.0
2022-08,2022,8,3,372,MX,เม็กซิโก,1C,ทวีปอเมริกาเหนือ,88764.0,144.0
2022-08,2022,8,3,361,LI,ลิกเตนสไตน์,1B,ทวีปยุโรป,545.0,5.0
2022-09,2022,9,3,373,US,สหรัฐอเมริกา,1C,ทวีปอเมริกาเหนือ,2324988783.0,13240767.0
2022-09,2022,9,3,304,JP,ญี่ปุ่น,1A,ทวีปเอเชีย,931801018.0,8935305.0
2022-09,2022,9,3,323,IT,อิตาลี,1B,ทวีปยุโรป,325169481.0,1684990.0
2022-09,2022,9,3,271,MY,มาเลเซีย,1A,ทวีปเอเชีย,436825998.0,8131548.0
2022-09,2022,9,3,483,AU,ออสเตรเลีย,1F,ทวีปออสเตรเลีย,427877005.0,4241104.0
2022-09,2022,9,3,272,PH,ฟิลิปปินส์,1A,ทวีปเอเชีย,523729249.0,11567125.0
2022-09,2022,9,3,309,TW,ไต้หวัน,1A,ทวีปเอเชีย,240366246.0,3069782.0
2022-09,2022,9,3,267,ID,อินโดนีเซีย,1A,ทวีปเอเชีย,207865933.0,3689750.0
2022-09,2022,9,3,315,DE,เยอรมนี,1B,ทวีปยุโรป,271074994.0,1609927.0
2022-09,2022,9,3,279,IN,อินเดีย,1A,ทวีปเอเชีย,210384118.0,3226127.0
2022-09,2022,9,3,302,CN,จีน,1A,ทวีปเอเชีย,226570641.0,1457073.0
2022-09,2022,9,3,320,GB,สหราชอาณาจักร,1B,ทวีปยุโรป,109187787.0,611518.0
2022-09,2022,9,3,371,CA,แคนาดา,1C,ทวีปอเมริกาเหนือ,114830697.0,647136.0
2022-09,2022,9,3,306,KR,เกาหลีใต้,1A,ทวีปเอเชีย,110519721.0,815050.0
2022-09,2022,9,3,313,BE,เบลเยียม,1B,ทวีปยุโรป,58594411.0,336649.0
2022-09,2022,9,3,497,NZ,นิวซีแลนด์,1F,ทวีปออสเตรเลีย,99988820.0,1307349.0
2022-09,2022,9,3,274,VN,เวียดนาม,1A,ทวีปเอเชีย,89690913.0,1060007.0
2022-09,2022,9,3,303,HK,ฮ่องกง,1A,ทวีปเอเชีย,71171581.0,527450.0
2022-09,2022,9,3,285,AE,สหรัฐอาหรับเอมิเรตส์,1A,ทวีปเอเชีย,70918857.0,765999.0
2022-09,2022,9,3,273,SG,สิงคโปร์,1A,ทวีปเอเชีย,42695055.0,344007.0
2022-09,2022,9,3,296,SA,ซาอุดีอาระเบีย,1A,ทวีปเอเชีย,29622812.0,397100.0
2022-09,2022,9,3,319,FR,ฝรั่งเศส,1B,ทวีปยุโรป,54715762.0,274047.0
2022-09,2022,9,3,325,NL,เนเธอร์แลนด์,1B,ทวีปยุโรป,29771632.0,161605.0
2022-09,2022,9,3,270,MM,เมียนมา,1A,ทวีปเอเชีย,30698633.0,804225.0
2022-09,2022,9,3,345,RU,รัสเซีย,1B,ทวีปยุโรป,39517483.0,201589.0
2022-09,2022,9,3,410,CL,ชิลี,1D,ทวีปอเมริกาใต้,38513088.0,64364.0
2022-09,2022,9,3,266,BN,บรูไน,1A,ทวีปเอเชีย,10950544.0,154850.0
2022-09,2022,9,3,288,IL,อิสราเอล,1A,ทวีปเอเชีย,39707387.0,214023.0
2022-09,2022,9,3,327,SE,สวีเดน,1B,ทวีปยุโรป,8388984.0,39026.0
2022-09,2022,9,3,318,FI,ฟินแลนด์,1B,ทวีปยุโรป,7080941.0,33871.0
2022-09,2022,9,3,478,ZA,แอฟริกาใต้,1E,ทวีปแอฟริกา,5956372.0,81451.0
2022-09,2022,9,3,268,KH,กัมพูชา,1A,ทวีปเอเชีย,8505066.0,149640.0
2022-09,2022,9,3,292,KW,คูเวต,1A,ทวีปเอเชีย,8900657.0,71169.0
2022-09,2022,9,3,269,LA,สปป. ลาว,1A,ทวีปเอเชีย,4799401.0,106503.0
2022-09,2022,9,3,298,TR,ตุรกี,1A,ทวีปเอเชีย,7469031.0,31574.0
2022-09,2022,9,3,456,MU,มอริเชียส,1E,ทวีปแอฟริกา,2110923.0,44035.0
2022-09,2022,9,3,356,CH,สวิตเซอร์แลนด์,1B,ทวีปยุโรป,3158085.0,21355.0
2022-09,2022,9,3,365,MT,มอลตา,1B,ทวีปยุโรป,3737486.0,26798.0
2022-09,2022,9,3,283,PK,ปากีสถาน,1A,ทวีปเอเชีย,6697238.0,111883.0
2022-09,2022,9,3,411,CO,โคลอมเบีย,1D,ทวีปอเมริกาใต้,1745419.0,2922.0
2022-09,2022,9,3,317,ES,สเปน,1B,ทวีปยุโรป,1557486.0,11615.0
2022-09,2022,9,3,277,BD,บังกลาเทศ,1A,ทวีปเอเชีย,2121353.0,36251.0
2022-09,2022,9,3,343,PL,โปแลนด์,1B,ทวีปยุโรป,2720986.0,17889.0
2022-09,2022,9,3,316,DK,เดนมาร์ก,1B,ทวีปยุโรป,0.0,0.0
2022-09,2022,9,3,417,PE,เปรู,1D,ทวีปอเมริกาใต้,3454382.0,6897.0
2022-09,2022,9,3,286,BH,บาห์เรน,1A,ทวีปเอเชีย,0.0,0.0
2022-09,2022,9,3,351,UA,ยูเครน,1B,ทวีปยุโรป,3671213.0,15752.0
2022-09,2022,9,3,295,QA,กาตาร์,1A,ทวีปเอเชีย,0.0,0.0
2022-09,2022,9,3,498,PF,เฟรนช์โปลีนีเซีย,1F,ทวีปออสเตรเลีย,1107737.0,31321.0
2022-09,2022,9,3,341,KZ,คาซัคสถาน,1A,ทวีปเอเชีย,0.0,0.0
2022-09,2022,9,3,336,CZ,สาธารณรัฐเช็ก,1B,ทวีปยุโรป,0.0,0.0
2022-09,2022,9,3,291,JO,จอร์แดน,1A,ทวีปเอเชีย,0.0,0.0
2022-09,2022,9,3,409,BR,บราซิล,1D,ทวีปอเมริกาใต้,0.0,0.0
2022-09,2022,9,3,280,LK,ศรีลังกา,1A,ทวีปเอเชีย,1936925.0,34174.0
2022-09,2022,9,3,362,LT,ลิทัวเนีย,1B,ทวีปยุโรป,1118477.0,6820.0
2022-09,2022,9,3,476,TZ,แทนซาเนีย,1E,ทวีปแอฟริกา,0.0,0.0
2022-09,2022,9,3,281,MV,มัลดีฟส์,1A,ทวีปเอเชีย,42090.0,446.0
2022-09,2022,9,3,312,AT,ออสเตรีย,1B,ทวีปยุโรป,0.0,0.0
2022-09,2022,9,3,376,AN,เนเธอร์แลนด์แอนทิลลีส,1C,ทวีปอเมริกาเหนือ,956474.0,6720.0
2022-09,2022,9,3,293,LB,เลบานอน,1A,ทวีปเอเชีย,1698609.0,3808.0
2022-09,2022,9,3,493,NC,นิวแคลีโดเนีย,1F,ทวีปออสเตรเลีย,609664.0,17864.0
2022-09,2022,9,3,407,AR,อาร์เจนตินา,1D,ทวีปอเมริกาใต้,1468787.0,3723.0
2022-09,2022,9,3,447,KE,เคนยา,1E,ทวีปแอฟริกา,0.0,0.0
2022-09,2022,9,3,321,GR,กรีซ,1B,ทวีปยุโรป,0.0,0.0
2022-09,2022,9,3,282,NP,เนปาล,1A,ทวีปเอเชีย,0.0,0.0
2022-09,2022,9,3,344,RO,โรมาเนีย,1B,ทวีปยุโรป,0.0,0.0
2022-09,2022,9,3,294,OM,โอมาน,1A,ทวีปเอเชีย,0.0,0.0
2022-09,2022,9,3,289,IQ,อิรัก,1A,ทวีปเอเชีย,0.0,0.0
2022-09,2022,9,3,326,PT,โปรตุเกส,1B,ทวีปยุโรป,0.0,0.0
2022-09,2022,9,3,397,PA,ปานามา,1C,ทวีปอเมริกาเหนือ,0.0,0.0
2022-09,2022,9,3,381,CR,คอสตาริกา,1C,ทวีปอเมริกาเหนือ,0.0,0.0
2022-09,2022,9,3,363,LV,ลัตเวีย,1B,ทวีปยุโรป,0.0,0.0
2022-09,2022,9,3,465,SC,เซเชลส์,1E,ทวีปแอฟริกา,0.0,0.0
2022-09,2022,9,3,415,GY,กายอานา,1D,ทวีปอเมริกาใต้,0.0,0.0
2022-09,2022,9,3,452,MA,โมร็อกโก,1E,ทวีปแอฟริกา,270903.0,447.0
2022-09,2022,9,3,360,IS,ไอซ์แลนด์,1B,ทวีปยุโรป,0.0,0.0
2022-09,2022,9,3,372,MX,เม็กซิโก,1C,ทวีปอเมริกาเหนือ,0.0,0.0
2022-09,2022,9,3,278,BT,ภูฎาน,1A,ทวีปเอเชีย,35622.0,475.0
2022-09,2022,9,3,361,LI,ลิกเตนสไตน์,1B,ทวีปยุโรป,180.0,0.0
2022-10,2022,10,4,373,US,สหรัฐอเมริกา,1C,ทวีปอเมริกาเหนือ,2324922091.0,12958779.0
2022-10,2022,10,4,304,JP,ญี่ปุ่น,1A,ทวีปเอเชีย,901883166.0,8926224.0
2022-10,2022,10,4,323,IT,อิตาลี,1B,ทวีปยุโรป,283968101.0,1545653.0
2022-10,2022,10,4,271,MY,มาเลเซีย,1A,ทวีปเอเชีย,398240734.0,7428943.0
2022-10,2022,10,4,483,AU,ออสเตรเลีย,1F,ทวีปออสเตรเลีย,409517935.0,3727229.0
2022-10,2022,10,4,272,PH,ฟิลิปปินส์,1A,ทวีปเอเชีย,343633351.0,7974367.0
2022-10,2022,10,4,309,TW,ไต้หวัน,1A,ทวีปเอเชีย,263974934.0,2533978.0
2022-10,2022,10,4,315,DE,เยอรมนี,1B,ทวีปยุโรป,272935662.0,1640905.0
2022-10,2022,10,4,267,ID,อินโดนีเซีย,1A,ทวีปเอเชีย,103644545.0,1802671.0
2022-10,2022,10,4,302,CN,จีน,1A,ทวีปเอเชีย,262075590.0,1679321.0
2022-10,2022,10,4,279,IN,อินเดีย,1A,ทวีปเอเชีย,166902152.0,2686273.0
2022-10,2022,10,4,320,GB,สหราชอาณาจักร,1B,ทวีปยุโรป,142661975.0,785772.0
2022-10,2022,10,4,371,CA,แคนาดา,1C,ทวีปอเมริกาเหนือ,120352723.0,712262.0
2022-10,2022,10,4,306,KR,เกาหลีใต้,1A,ทวีปเอเชีย,117709509.0,837274.0
2022-10,2022,10,4,497,NZ,นิวซีแลนด์,1F,ทวีปออสเตรเลีย,73512920.0,1006551.0
2022-10,2022,10,4,274,VN,เวียดนาม,1A,ทวีปเอเชีย,86538071.0,1235966.0
2022-10,2022,10,4,313,BE,เบลเยียม,1B,ทวีปยุโรป,23468806.0,136943.0
2022-10,2022,10,4,303,HK,ฮ่องกง,1A,ทวีปเอเชีย,49610258.0,367645.0
2022-10,2022,10,4,285,AE,สหรัฐอาหรับเอมิเรตส์,1A,ทวีปเอเชีย,89095936.0,1012092.0
2022-10,2022,10,4,273,SG,สิงคโปร์,1A,ทวีปเอเชีย,62914081.0,489303.0
2022-10,2022,10,4,296,SA,ซาอุดีอาระเบีย,1A,ทวีปเอเชีย,47038722.0,657829.0
2022-10,2022,10,4,319,FR,ฝรั่งเศส,1B,ทวีปยุโรป,28096147.0,151588.0
2022-10,2022,10,4,325,NL,เนเธอร์แลนด์,1B,ทวีปยุโรป,29564367.0,164052.0
2022-10,2022,10,4,270,MM,เมียนมา,1A,ทวีปเอเชีย,40837813.0,881455.0
2022-10,2022,10,4,345,RU,รัสเซีย,1B,ทวีปยุโรป,27475359.0,145466.0
2022-10,2022,10,4,410,CL,ชิลี,1D,ทวีปอเมริกาใต้,10882719.0,18160.0
2022-10,2022,10,4,266,BN,บรูไน,1A,ทวีปเอเชีย,26347443.0,513504.0
2022-10,2022,10,4,288,IL,อิสราเอล,1A,ทวีปเอเชีย,12172199.0,72299.0
2022-10,2022,10,4,327,SE,สวีเดน,1B,ทวีปยุโรป,10015086.0,56122.0
2022-10,2022,10,4,318,FI,ฟินแลนด์,1B,ทวีปยุโรป,11262173.0,63900.0
2022-10,2022,10,4,268,KH,กัมพูชา,1A,ทวีปเอเชีย,8723017.0,152878.0
2022-10,2022,10,4,478,ZA,แอฟริกาใต้,1E,ทวีปแอฟริกา,7666164.0,84547.0
2022-10,2022,10,4,292,KW,คูเวต,1A,ทวีปเอเชีย,6056305.0,48581.0
2022-10,2022,10,4,269,LA,สปป. ลาว,1A,ทวีปเอเชีย,5298146.0,97059.0
2022-10,2022,10,4,298,TR,ตุรกี,1A,ทวีปเอเชีย,4688816.0,29292.0
2022-10,2022,10,4,456,MU,มอริเชียส,1E,ทวีปแอฟริกา,4891618.0,91827.0
2022-10,2022,10,4,411,CO,โคลอมเบีย,1D,ทวีปอเมริกาใต้,10383573.0,16098.0
2022-10,2022,10,4,283,PK,ปากีสถาน,1A,ทวีปเอเชีย,6835389.0,117702.0
2022-10,2022,10,4,356,CH,สวิตเซอร์แลนด์,1B,ทวีปยุโรป,3832921.0,21366.0
2022-10,2022,10,4,365,MT,มอลตา,1B,ทวีปยุโรป,1893679.0,9838.0
2022-10,2022,10,4,343,PL,โปแลนด์,1B,ทวีปยุโรป,7295454.0,34988.0
2022-10,2022,10,4,351,UA,ยูเครน,1B,ทวีปยุโรป,7287850.0,37574.0
2022-10,2022,10,4,317,ES,สเปน,1B,ทวีปยุโรป,3784596.0,23423.0
2022-10,2022,10,4,417,PE,เปรู,1D,ทวีปอเมริกาใต้,2522841.0,4218.0
2022-10,2022,10,4,286,BH,บาห์เรน,1A,ทวีปเอเชีย,3138097.0,32877.0
2022-10,2022,10,4,277,BD,บังกลาเทศ,1A,ทวีปเอเชีย,0.0,0.0
2022-10,2022,10,4,316,DK,เดนมาร์ก,1B,ทวีปยุโรป,0.0,0.0
2022-10,2022,10,4,498,PF,เฟรนช์โปลีนีเซีย,1F,ทวีปออสเตรเลีย,1060093.0,27523.0
2022-10,2022,10,4,295,QA,กาตาร์,1A,ทวีปเอเชีย,0.0,0.0
2022-10,2022,10,4,341,KZ,คาซัคสถาน,1A,ทวีปเอเชีย,0.0,0.0
2022-10,2022,10,4,336,CZ,สาธารณรัฐเช็ก,1B,ทวีปยุโรป,0.0,0.0
2022-10,2022,10,4,291,JO,จอร์แดน,1A,ทวีปเอเชีย,0.0,0.0
2022-10,2022,10,4,280,LK,ศรีลังกา,1A,ทวีปเอเชีย,2009708.0,35846.0
2022-10,2022,10,4,362,LT,ลิทัวเนีย,1B,ทวีปยุโรป,1484833.0,9673.0
2022-10,2022,10,4,409,BR,บราซิล,1D,ทวีปอเมริกาใต้,0.0,0.0
2022-10,2022,10,4,281,MV,มัลดีฟส์,1A,ทวีปเอเชีย,1354042.0,14520.0
2022-10,2022,10,4,312,AT,ออสเตรีย,1B,ทวีปยุโรป,2185053.0,14784.0
2022-10,2022,10,4,376,AN,เนเธอร์แลนด์แอนทิลลีส,1C,ทวีปอเมริกาเหนือ,2185053.0,14784.0
2022-10,2022,10,4,476,TZ,แทนซาเนีย,1E,ทวีปแอฟริกา,0.0,0.0
2022-10,2022,10,4,293,LB,เลบานอน,1A,ทวีปเอเชีย,484395.0,8942.0
2022-10,2022,10,4,493,NC,นิวแคลีโดเนีย,1F,ทวีปออสเตรเลีย,647395.0,17656.0
2022-10,2022,10,4,407,AR,อาร์เจนตินา,1D,ทวีปอเมริกาใต้,802729.0,1971.0
2022-10,2022,10,4,321,GR,กรีซ,1B,ทวีปยุโรป,1291885.0,2601.0
2022-10,2022,10,4,344,RO,โรมาเนีย,1B,ทวีปยุโรป,1706822.0,10245.0
2022-10,2022,10,4,282,NP,เนปาล,1A,ทวีปเอเชีย,825748.0,7740.0
2022-10,2022,10,4,447,KE,เคนยา,1E,ทวีปแอฟริกา,0.0,0.0
2022-10,2022,10,4,381,CR,คอสตาริกา,1C,ทวีปอเมริกาเหนือ,1197526.0,2918.0
2022-10,2022,10,4,294,OM,โอมาน,1A,ทวีปเอเชีย,0.0,0.0
2022-10,2022,10,4,289,IQ,อิรัก,1A,ทวีปเอเชีย,0.0,0.0
2022-10,2022,10,4,326,PT,โปรตุเกส,1B,ทวีปยุโรป,0.0,0.0
2022-10,2022,10,4,397,PA,ปานามา,1C,ทวีปอเมริกาเหนือ,1281.0,3.0
2022-10,2022,10,4,363,LV,ลัตเวีย,1B,ทวีปยุโรป,0.0,0.0
2022-10,2022,10,4,465,SC,เซเชลส์,1E,ทวีปแอฟริกา,17300.0,76.0
2022-10,2022,10,4,415,GY,กายอานา,1D,ทวีปอเมริกาใต้,0.0,0.0
2022-10,2022,10,4,452,MA,โมร็อกโก,1E,ทวีปแอฟริกา,0.0,0.0
2022-10,2022,10,4,360,IS,ไอซ์แลนด์,1B,ทวีปยุโรป,0.0,0.0
2022-10,2022,10,4,372,MX,เม็กซิโก,1C,ทวีปอเมริกาเหนือ,0.0,0.0
2022-10,2022,10,4,278,BT,ภูฎาน,1A,ทวีปเอเชีย,0.0,0.0
2022-10,2022,10,4,461,NG,ไนจีเรีย,1E,ทวีปแอฟริกา,5888.0,300.0
2022-10,2022,10,4,526,WF,หมู่เกาะวาลลิสและฟุตูนา,1F,ทวีปออสเตรเลีย,3632.0,80.0
2022-10,2022,10,4,361,LI,ลิกเตนสไตน์,1B,ทวีปยุโรป,0.0,0.0
2022-11,2022,11,4,373,US,สหรัฐอเมริกา,1C,ทวีปอเมริกาเหนือ,2208831459.0,12156045.0
2022-11,2022,11,4,304,JP,ญี่ปุ่น,1A,ทวีปเอเชีย,988891660.0,10024079.0
2022-11,2022,11,4,323,IT,อิตาลี,1B,ทวีปยุโรป,287837784.0,1477500.0
2022-11,2022,11,4,271,MY,มาเลเซีย,1A,ทวีปเอเชีย,380487553.0,7040676.0
2022-11,2022,11,4,483,AU,ออสเตรเลีย,1F,ทวีปออสเตรเลีย,426765320.0,4653221.0
2022-11,2022,11,4,272,PH,ฟิลิปปินส์,1A,ทวีปเอเชีย,192451608.0,4120750.0
2022-11,2022,11,4,309,TW,ไต้หวัน,1A,ทวีปเอเชีย,300308788.0,2712010.0
2022-11,2022,11,4,315,DE,เยอรมนี,1B,ทวีปยุโรป,414523879.0,2313724.0
2022-11,2022,11,4,267,ID,อินโดนีเซีย,1A,ทวีปเอเชีย,172038362.0,3211232.0
2022-11,2022,11,4,302,CN,จีน,1A,ทวีปเอเชีย,183835984.0,1109862.0
2022-11,2022,11,4,279,IN,อินเดีย,1A,ทวีปเอเชีย,157609782.0,2390793.0
2022-11,2022,11,4,320,GB,สหราชอาณาจักร,1B,ทวีปยุโรป,134793167.0,804417.0
2022-11,2022,11,4,371,CA,แคนาดา,1C,ทวีปอเมริกาเหนือ,92988442.0,507658.0
2022-11,2022,11,4,306,KR,เกาหลีใต้,1A,ทวีปเอเชีย,102735059.0,786903.0
2022-11,2022,11,4,497,NZ,นิวซีแลนด์,1F,ทวีปออสเตรเลีย,87639556.0,1201833.0
2022-11,2022,11,4,313,BE,เบลเยียม,1B,ทวีปยุโรป,76560653.0,368162.0
2022-11,2022,11,4,274,VN,เวียดนาม,1A,ทวีปเอเชีย,64993634.0,1201852.0
2022-11,2022,11,4,303,HK,ฮ่องกง,1A,ทวีปเอเชีย,73331685.0,584019.0
2022-11,2022,11,4,285,AE,สหรัฐอาหรับเอมิเรตส์,1A,ทวีปเอเชีย,42088202.0,503136.0
2022-11,2022,11,4,273,SG,สิงคโปร์,1A,ทวีปเอเชีย,71488728.0,526581.0
2022-11,2022,11,4,296,SA,ซาอุดีอาระเบีย,1A,ทวีปเอเชีย,62466861.0,557845.0
2022-11,2022,11,4,325,NL,เนเธอร์แลนด์,1B,ทวีปยุโรป,78684027.0,425630.0
2022-11,2022,11,4,319,FR,ฝรั่งเศส,1B,ทวีปยุโรป,23267377.0,108060.0
2022-11,2022,11,4,270,MM,เมียนมา,1A,ทวีปเอเชีย,45619766.0,1000062.0
2022-11,2022,11,4,345,RU,รัสเซีย,1B,ทวีปยุโรป,53235993.0,262521.0
2022-11,2022,11,4,410,CL,ชิลี,1D,ทวีปอเมริกาใต้,26876354.0,42512.0
2022-11,2022,11,4,266,BN,บรูไน,1A,ทวีปเอเชีย,22535226.0,294288.0
2022-11,2022,11,4,288,IL,อิสราเอล,1A,ทวีปเอเชีย,8436361.0,61349.0
2022-11,2022,11,4,327,SE,สวีเดน,1B,ทวีปยุโรป,14732821.0,75695.0
2022-11,2022,11,4,318,FI,ฟินแลนด์,1B,ทวีปยุโรป,5831838.0,32726.0
2022-11,2022,11,4,268,KH,กัมพูชา,1A,ทวีปเอเชีย,6232824.0,103672.0
2022-11,2022,11,4,478,ZA,แอฟริกาใต้,1E,ทวีปแอฟริกา,2908653.0,28966.0
2022-11,2022,11,4,292,KW,คูเวต,1A,ทวีปเอเชีย,9261580.0,81657.0
2022-11,2022,11,4,269,LA,สปป. ลาว,1A,ทวีปเอเชีย,6238295.0,122730.0
2022-11,2022,11,4,298,TR,ตุรกี,1A,ทวีปเอเชีย,6664257.0,23922.0
2022-11,2022,11,4,456,MU,มอริเชียส,1E,ทวีปแอฟริกา,7021815.0,132413.0
2022-11,2022,11,4,411,CO,โคลอมเบีย,1D,ทวีปอเมริกาใต้,4178600.0,6636.0
2022-11,2022,11,4,356,CH,สวิตเซอร์แลนด์,1B,ทวีปยุโรป,4904834.0,22755.0
2022-11,2022,11,4,283,PK,ปากีสถาน,1A,ทวีปเอเชีย,191520.0,2850.0
2022-11,2022,11,4,365,MT,มอลตา,1B,ทวีปยุโรป,0.0,0.0
2022-11,2022,11,4,351,UA,ยูเครน,1B,ทวีปยุโรป,4091038.0,18236.0
2022-11,2022,11,4,343,PL,โปแลนด์,1B,ทวีปยุโรป,1612852.0,3422.0
2022-11,2022,11,4,317,ES,สเปน,1B,ทวีปยุโรป,900834.0,1557.0
2022-11,2022,11,4,286,BH,บาห์เรน,1A,ทวีปเอเชีย,1614615.0,30139.0
2022-11,2022,11,4,417,PE,เปรู,1D,ทวีปอเมริกาใต้,1352330.0,3239.0
2022-11,2022,11,4,316,DK,เดนมาร์ก,1B,ทวีปยุโรป,3657456.0,18679.0
2022-11,2022,11,4,498,PF,เฟรนช์โปลีนีเซีย,1F,ทวีปออสเตรเลีย,2289567.0,58548.0
2022-11,2022,11,4,277,BD,บังกลาเทศ,1A,ทวีปเอเชีย,75413.0,13254.0
2022-11,2022,11,4,341,KZ,คาซัคสถาน,1A,ทวีปเอเชีย,4207507.0,17370.0
2022-11,2022,11,4,295,QA,กาตาร์,1A,ทวีปเอเชีย,0.0,0.0
2022-11,2022,11,4,280,LK,ศรีลังกา,1A,ทวีปเอเชีย,1194391.0,16109.0
2022-11,2022,11,4,336,CZ,สาธารณรัฐเช็ก,1B,ทวีปยุโรป,0.0,0.0
2022-11,2022,11,4,291,JO,จอร์แดน,1A,ทวีปเอเชีย,0.0,0.0
2022-11,2022,11,4,362,LT,ลิทัวเนีย,1B,ทวีปยุโรป,0.0,0.0
2022-11,2022,11,4,312,AT,ออสเตรีย,1B,ทวีปยุโรป,1032398.0,6720.0
2022-11,2022,11,4,376,AN,เนเธอร์แลนด์แอนทิลลีส,1C,ทวีปอเมริกาเหนือ,1052585.0,6720.0
2022-11,2022,11,4,409,BR,บราซิล,1D,ทวีปอเมริกาใต้,0.0,0.0
2022-11,2022,11,4,281,MV,มัลดีฟส์,1A,ทวีปเอเชีย,42771.0,527.0
2022-11,2022,11,4,476,TZ,แทนซาเนีย,1E,ทวีปแอฟริกา,943648.0,23334.0
2022-11,2022,11,4,407,AR,อาร์เจนตินา,1D,ทวีปอเมริกาใต้,919303.0,2190.0
2022-11,2022,11,4,493,NC,นิวแคลีโดเนีย,1F,ทวีปออสเตรเลีย,664852.0,17948.0
2022-11,2022,11,4,293,LB,เลบานอน,1A,ทวีปเอเชีย,0.0,0.0
2022-11,2022,11,4,321,GR,กรีซ,1B,ทวีปยุโรป,786956.0,2535.0
2022-11,2022,11,4,326,PT,โปรตุเกส,1B,ทวีปยุโรป,1981216.0,9907.0
2022-11,2022,11,4,344,RO,โรมาเนีย,1B,ทวีปยุโรป,0.0,0.0
2022-11,2022,11,4,381,CR,คอสตาริกา,1C,ทวีปอเมริกาเหนือ,947680.0,3431.0
2022-11,2022,11,4,282,NP,เนปาล,1A,ทวีปเอเชีย,0.0,0.0
2022-11,2022,11,4,447,KE,เคนยา,1E,ทวีปแอฟริกา,0.0,0.0
2022-11,2022,11,4,294,OM,โอมาน,1A,ทวีปเอเชีย,565642.0,13440.0
2022-11,2022,11,4,289,IQ,อิรัก,1A,ทวีปเอเชีย,0.0,0.0
2022-11,2022,11,4,397,PA,ปานามา,1C,ทวีปอเมริกาเหนือ,0.0,0.0
2022-11,2022,11,4,363,LV,ลัตเวีย,1B,ทวีปยุโรป,0.0,0.0
2022-11,2022,11,4,388,GT,กัวเตมาลา,1C,ทวีปอเมริกาเหนือ,882150.0,1194.0
2022-11,2022,11,4,465,SC,เซเชลส์,1E,ทวีปแอฟริกา,45400.0,1500.0
2022-11,2022,11,4,415,GY,กายอานา,1D,ทวีปอเมริกาใต้,0.0,0.0
2022-11,2022,11,4,452,MA,โมร็อกโก,1E,ทวีปแอฟริกา,0.0,0.0
2022-11,2022,11,4,360,IS,ไอซ์แลนด์,1B,ทวีปยุโรป,0.0,0.0
2022-11,2022,11,4,494,NR,นาอูรู,1F,ทวีปออสเตรเลีย,114000.0,4000.0
2022-11,2022,11,4,372,MX,เม็กซิโก,1C,ทวีปอเมริกาเหนือ,0.0,0.0
2022-11,2022,11,4,278,BT,ภูฎาน,1A,ทวีปเอเชีย,0.0,0.0
2022-11,2022,11,4,461,NG,ไนจีเรีย,1E,ทวีปแอฟริกา,0.0,0.0
2022-11,2022,11,4,526,WF,หมู่เกาะวาลลิสและฟุตูนา,1F,ทวีปออสเตรเลีย,0.0,0.0
2022-11,2022,11,4,361,LI,ลิกเตนสไตน์,1B,ทวีปยุโรป,0.0,0.0
2022-12,2022,12,4,373,US,สหรัฐอเมริกา,1C,ทวีปอเมริกาเหนือ,1967203623.0,11374302.0
2022-12,2022,12,4,304,JP,ญี่ปุ่น,1A,ทวีปเอเชีย,843554092.0,8728222.0
2022-12,2022,12,4,323,IT,อิตาลี,1B,ทวีปยุโรป,305066350.0,1671641.0
2022-12,2022,12,4,271,MY,มาเลเซีย,1A,ทวีปเอเชีย,364883008.0,7134615.0
2022-12,2022,12,4,483,AU,ออสเตรเลีย,1F,ทวีปออสเตรเลีย,412795627.0,3930209.0
2022-12,2022,12,4,272,PH,ฟิลิปปินส์,1A,ทวีปเอเชีย,169082221.0,3453416.0
2022-12,2022,12,4,309,TW,ไต้หวัน,1A,ทวีปเอเชีย,303223738.0,2802962.0
2022-12,2022,12,4,315,DE,เยอรมนี,1B,ทวีปยุโรป,285621342.0,1626718.0
2022-12,2022,12,4,267,ID,อินโดนีเซีย,1A,ทวีปเอเชีย,79383088.0,1370293.0
2022-12,2022,12,4,302,CN,จีน,1A,ทวีปเอเชีย,152232043.0,893653.0
2022-12,2022,12,4,279,IN,อินเดีย,1A,ทวีปเอเชีย,168019919.0,2530335.0
2022-12,2022,12,4,320,GB,สหราชอาณาจักร,1B,ทวีปยุโรป,119832104.0,706713.0
2022-12,2022,12,4,371,CA,แคนาดา,1C,ทวีปอเมริกาเหนือ,132601258.0,771618.0
2022-12,2022,12,4,306,KR,เกาหลีใต้,1A,ทวีปเอเชีย,114167053.0,866907.0
2022-12,2022,12,4,313,BE,เบลเยียม,1B,ทวีปยุโรป,93902217.0,508983.0
2022-12,2022,12,4,497,NZ,นิวซีแลนด์,1F,ทวีปออสเตรเลีย,53614748.0,727775.0
2022-12,2022,12,4,274,VN,เวียดนาม,1A,ทวีปเอเชีย,80189096.0,1482401.0
2022-12,2022,12,4,303,HK,ฮ่องกง,1A,ทวีปเอเชีย,51296943.0,436035.0
2022-12,2022,12,4,273,SG,สิงคโปร์,1A,ทวีปเอเชีย,55719293.0,413464.0
2022-12,2022,12,4,285,AE,สหรัฐอาหรับเอมิเรตส์,1A,ทวีปเอเชีย,37299675.0,455426.0
2022-12,2022,12,4,296,SA,ซาอุดีอาระเบีย,1A,ทวีปเอเชีย,98686191.0,830502.0
2022-12,2022,12,4,319,FR,ฝรั่งเศส,1B,ทวีปยุโรป,32596359.0,152048.0
2022-12,2022,12,4,325,NL,เนเธอร์แลนด์,1B,ทวีปยุโรป,21468669.0,117728.0
2022-12,2022,12,4,345,RU,รัสเซีย,1B,ทวีปยุโรป,75808030.0,461087.0
2022-12,2022,12,4,270,MM,เมียนมา,1A,ทวีปเอเชีย,14252245.0,374758.0
2022-12,2022,12,4,410,CL,ชิลี,1D,ทวีปอเมริกาใต้,38697363.0,70326.0
2022-12,2022,12,4,266,BN,บรูไน,1A,ทวีปเอเชีย,24443014.0,492153.0
2022-12,2022,12,4,288,IL,อิสราเอล,1A,ทวีปเอเชีย,20015710.0,113374.0
2022-12,2022,12,4,327,SE,สวีเดน,1B,ทวีปยุโรป,13048289.0,82182.0
2022-12,2022,12,4,268,KH,กัมพูชา,1A,ทวีปเอเชีย,9809835.0,176703.0
2022-12,2022,12,4,318,FI,ฟินแลนด์,1B,ทวีปยุโรป,3100520.0,17030.0
2022-12,2022,12,4,292,KW,คูเวต,1A,ทวีปเอเชีย,7713531.0,52848.0
2022-12,2022,12,4,478,ZA,แอฟริกาใต้,1E,ทวีปแอฟริกา,1754401.0,15773.0
2022-12,2022,12,4,269,LA,สปป. ลาว,1A,ทวีปเอเชีย,5490209.0,96132.0
2022-12,2022,12,4,411,CO,โคลอมเบีย,1D,ทวีปอเมริกาใต้,15269839.0,26007.0
2022-12,2022,12,4,298,TR,ตุรกี,1A,ทวีปเอเชีย,0.0,0.0
2022-12,2022,12,4,456,MU,มอริเชียส,1E,ทวีปแอฟริกา,1599465.0,18517.0
2022-12,2022,12,4,356,CH,สวิตเซอร์แลนด์,1B,ทวีปยุโรป,3833858.0,17166.0
2022-12,2022,12,4,283,PK,ปากีสถาน,1A,ทวีปเอเชีย,2446264.0,21304.0
2022-12,2022,12,4,365,MT,มอลตา,1B,ทวีปยุโรป,1723755.0,15013.0
2022-12,2022,12,4,351,UA,ยูเครน,1B,ทวีปยุโรป,4364735.0,16128.0
2022-12,2022,12,4,343,PL,โปแลนด์,1B,ทวีปยุโรป,3260867.0,11760.0
2022-12,2022,12,4,317,ES,สเปน,1B,ทวีปยุโรป,2907319.0,18193.0
2022-12,2022,12,4,316,DK,เดนมาร์ก,1B,ทวีปยุโรป,3284407.0,14118.0
2022-12,2022,12,4,286,BH,บาห์เรน,1A,ทวีปเอเชีย,998494.0,18420.0
2022-12,2022,12,4,417,PE,เปรู,1D,ทวีปอเมริกาใต้,0.0,0.0
2022-12,2022,12,4,498,PF,เฟรนช์โปลีนีเซีย,1F,ทวีปออสเตรเลีย,612005.0,16653.0
2022-12,2022,12,4,295,QA,กาตาร์,1A,ทวีปเอเชีย,2959612.0,34101.0
2022-12,2022,12,4,277,BD,บังกลาเทศ,1A,ทวีปเอเชีย,0.0,0.0
2022-12,2022,12,4,341,KZ,คาซัคสถาน,1A,ทวีปเอเชีย,0.0,0.0
2022-12,2022,12,4,280,LK,ศรีลังกา,1A,ทวีปเอเชีย,2363647.0,38471.0
2022-12,2022,12,4,409,BR,บราซิล,1D,ทวีปอเมริกาใต้,3383412.0,9139.0
2022-12,2022,12,4,362,LT,ลิทัวเนีย,1B,ทวีปยุโรป,2962445.0,18091.0
2022-12,2022,12,4,291,JO,จอร์แดน,1A,ทวีปเอเชีย,233644.0,4464.0
2022-12,2022,12,4,336,CZ,สาธารณรัฐเช็ก,1B,ทวีปยุโรป,50328.0,220.0
2022-12,2022,12,4,312,AT,ออสเตรีย,1B,ทวีปยุโรป,1956906.0,8387.0
2022-12,2022,12,4,376,AN,เนเธอร์แลนด์แอนทิลลีส,1C,ทวีปอเมริกาเหนือ,0.0,0.0
2022-12,2022,12,4,281,MV,มัลดีฟส์,1A,ทวีปเอเชีย,12170.0,107.0
2022-12,2022,12,4,476,TZ,แทนซาเนีย,1E,ทวีปแอฟริกา,0.0,0.0
2022-12,2022,12,4,407,AR,อาร์เจนตินา,1D,ทวีปอเมริกาใต้,0.0,0.0
2022-12,2022,12,4,493,NC,นิวแคลีโดเนีย,1F,ทวีปออสเตรเลีย,0.0,0.0
2022-12,2022,12,4,293,LB,เลบานอน,1A,ทวีปเอเชีย,0.0,0.0
2022-12,2022,12,4,321,GR,กรีซ,1B,ทวีปยุโรป,0.0,0.0
2022-12,2022,12,4,326,PT,โปรตุเกส,1B,ทวีปยุโรป,0.0,0.0
2022-12,2022,12,4,344,RO,โรมาเนีย,1B,ทวีปยุโรป,0.0,0.0
2022-12,2022,12,4,381,CR,คอสตาริกา,1C,ทวีปอเมริกาเหนือ,0.0,0.0
2022-12,2022,12,4,282,NP,เนปาล,1A,ทวีปเอเชีย,0.0,0.0
2022-12,2022,12,4,447,KE,เคนยา,1E,ทวีปแอฟริกา,0.0,0.0
2022-12,2022,12,4,294,OM,โอมาน,1A,ทวีปเอเชีย,0.0,0.0
2022-12,2022,12,4,398,PR,เปอร์โตริโก,1C,ทวีปอเมริกาเหนือ,2111273.0,6617.0
2022-12,2022,12,4,289,IQ,อิรัก,1A,ทวีปเอเชีย,0.0,0.0
2022-12,2022,12,4,397,PA,ปานามา,1C,ทวีปอเมริกาเหนือ,0.0,0.0
2022-12,2022,12,4,363,LV,ลัตเวีย,1B,ทวีปยุโรป,0.0,0.0
2022-12,2022,12,4,388,GT,กัวเตมาลา,1C,ทวีปอเมริกาเหนือ,0.0,0.0
2022-12,2022,12,4,465,SC,เซเชลส์,1E,ทวีปแอฟริกา,34845.0,66.0
2022-12,2022,12,4,415,GY,กายอานา,1D,ทวีปอเมริกาใต้,0.0,0.0
2022-12,2022,12,4,452,MA,โมร็อกโก,1E,ทวีปแอฟริกา,0.0,0.0
2022-12,2022,12,4,360,IS,ไอซ์แลนด์,1B,ทวีปยุโรป,0.0,0.0
2022-12,2022,12,4,494,NR,นาอูรู,1F,ทวีปออสเตรเลีย,0.0,0.0
2022-12,2022,12,4,372,MX,เม็กซิโก,1C,ทวีปอเมริกาเหนือ,0.0,0.0
2022-12,2022,12,4,278,BT,ภูฎาน,1A,ทวีปเอเชีย,0.0,0.0
2022-12,2022,12,4,461,NG,ไนจีเรีย,1E,ทวีปแอฟริกา,0.0,0.0
2022-12,2022,12,4,526,WF,หมู่เกาะวาลลิสและฟุตูนา,1F,ทวีปออสเตรเลีย,0.0,0.0
2022-12,2022,12,4,361,LI,ลิกเตนสไตน์,1B,ทวีปยุโรป,1669.0,11.0
2023-01,2023,1,1,373,US,สหรัฐอเมริกา,1C,ทวีปอเมริกาเหนือ,1648362491.0,9678498.0
2023-01,2023,1,1,304,JP,ญี่ปุ่น,1A,ทวีปเอเชีย,867971656.0,9123344.0
2023-01,2023,1,1,271,MY,มาเลเซีย,1A,ทวีปเอเชีย,420139563.0,7772838.0
2023-01,2023,1,1,323,IT,อิตาลี,1B,ทวีปยุโรป,336961849.0,1898600.0
2023-01,2023,1,1,483,AU,ออสเตรเลีย,1F,ทวีปออสเตรเลีย,307602356.0,3699530.0
2023-01,2023,1,1,272,PH,ฟิลิปปินส์,1A,ทวีปเอเชีย,302582869.0,7385579.0
2023-01,2023,1,1,279,IN,อินเดีย,1A,ทวีปเอเชีย,182687349.0,2652170.0
2023-01,2023,1,1,315,DE,เยอรมนี,1B,ทวีปยุโรป,155294442.0,946722.0
2023-01,2023,1,1,309,TW,ไต้หวัน,1A,ทวีปเอเชีย,144322364.0,1796767.0
2023-01,2023,1,1,267,ID,อินโดนีเซีย,1A,ทวีปเอเชีย,127037241.0,2530521.0
2023-01,2023,1,1,320,GB,สหราชอาณาจักร,1B,ทวีปยุโรป,125152392.0,806686.0
2023-01,2023,1,1,302,CN,จีน,1A,ทวีปเอเชีย,95678839.0,527789.0
2023-01,2023,1,1,371,CA,แคนาดา,1C,ทวีปอเมริกาเหนือ,84496228.0,482068.0
2023-01,2023,1,1,306,KR,เกาหลีใต้,1A,ทวีปเอเชีย,81424503.0,733088.0
2023-01,2023,1,1,274,VN,เวียดนาม,1A,ทวีปเอเชีย,79898052.0,1100365.0
2023-01,2023,1,1,285,AE,สหรัฐอาหรับเอมิเรตส์,1A,ทวีปเอเชีย,78028779.0,1127464.0
2023-01,2023,1,1,319,FR,ฝรั่งเศส,1B,ทวีปยุโรป,60792003.0,309155.0
2023-01,2023,1,1,273,SG,สิงคโปร์,1A,ทวีปเอเชีย,56004880.0,451788.0
2023-01,2023,1,1,497,NZ,นิวซีแลนด์,1F,ทวีปออสเตรเลีย,52451818.0,747718.0
2023-01,2023,1,1,303,HK,ฮ่องกง,1A,ทวีปเอเชีย,49870754.0,426974.0
2023-01,2023,1,1,345,RU,รัสเซีย,1B,ทวีปยุโรป,46452128.0,227982.0
2023-01,2023,1,1,270,MM,เมียนมา,1A,ทวีปเอเชีย,40495147.0,828295.0
2023-01,2023,1,1,313,BE,เบลเยียม,1B,ทวีปยุโรป,38276509.0,226772.0
2023-01,2023,1,1,296,SA,ซาอุดีอาระเบีย,1A,ทวีปเอเชีย,36086803.0,369209.0
2023-01,2023,1,1,325,NL,เนเธอร์แลนด์,1B,ทวีปยุโรป,24152647.0,117201.0
2023-01,2023,1,1,266,BN,บรูไน,1A,ทวีปเอเชีย,14224606.0,272064.0
2023-01,2023,1,1,292,KW,คูเวต,1A,ทวีปเอเชีย,9607265.0,51084.0
2023-01,2023,1,1,268,KH,กัมพูชา,1A,ทวีปเอเชีย,8842262.0,160353.0
2023-01,2023,1,1,343,PL,โปแลนด์,1B,ทวีปยุโรป,7723527.0,36349.0
2023-01,2023,1,1,410,CL,ชิลี,1D,ทวีปอเมริกาใต้,7507718.0,22026.0
2023-01,2023,1,1,288,IL,อิสราเอล,1A,ทวีปเอเชีย,6886540.0,29852.0
2023-01,2023,1,1,356,CH,สวิตเซอร์แลนด์,1B,ทวีปยุโรป,6503801.0,29292.0
2023-01,2023,1,1,298,TR,ตุรกี,1A,ทวีปเอเชีย,5404432.0,29986.0
2023-01,2023,1,1,478,ZA,แอฟริกาใต้,1E,ทวีปแอฟริกา,5052109.0,58376.0
2023-01,2023,1,1,417,PE,เปรู,1D,ทวีปอเมริกาใต้,5027377.0,8531.0
2023-01,2023,1,1,269,LA,สปป. ลาว,1A,ทวีปเอเชีย,4505910.0,81121.0
2023-01,2023,1,1,327,SE,สวีเดน,1B,ทวีปยุโรป,4280081.0,28973.0
2023-01,2023,1,1,411,CO,โคลอมเบีย,1D,ทวีปอเมริกาใต้,4041242.0,8443.0
2023-01,2023,1,1,456,MU,มอริเชียส,1E,ทวีปแอฟริกา,3805011.0,69034.0
2023-01,2023,1,1,316,DK,เดนมาร์ก,1B,ทวีปยุโรป,3459135.0,18451.0
2023-01,2023,1,1,409,BR,บราซิล,1D,ทวีปอเมริกาใต้,3272731.0,9138.0
2023-01,2023,1,1,362,LT,ลิทัวเนีย,1B,ทวีปยุโรป,3154284.0,17521.0
2023-01,2023,1,1,283,PK,ปากีสถาน,1A,ทวีปเอเชีย,3120263.0,36896.0
2023-01,2023,1,1,277,BD,บังกลาเทศ,1A,ทวีปเอเชีย,3017397.0,48252.0
2023-01,2023,1,1,280,LK,ศรีลังกา,1A,ทวีปเอเชีย,3006215.0,55617.0
2023-01,2023,1,1,318,FI,ฟินแลนด์,1B,ทวีปยุโรป,2901456.0,14031.0
2023-01,2023,1,1,286,BH,บาห์เรน,1A,ทวีปเอเชีย,2645163.0,36394.0
2023-01,2023,1,1,312,AT,ออสเตรีย,1B,ทวีปยุโรป,2136684.0,13440.0
2023-01,2023,1,1,376,AN,เนเธอร์แลนด์แอนทิลลีส,1C,ทวีปอเมริกาเหนือ,2046508.0,13440.0
2023-01,2023,1,1,352,UZ,อุซเบกิสถาน,1A,ทวีปเอเชีย,2018320.0,22525.0
2023-01,2023,1,1,372,MX,เม็กซิโก,1C,ทวีปอเมริกาเหนือ,1741795.0,4275.0
2023-01,2023,1,1,317,ES,สเปน,1B,ทวีปยุโรป,1640582.0,11993.0
2023-01,2023,1,1,344,RO,โรมาเนีย,1B,ทวีปยุโรป,1480070.0,9041.0
2023-01,2023,1,1,282,NP,เนปาล,1A,ทวีปเอเชีย,1036795.0,16987.0
2023-01,2023,1,1,365,MT,มอลตา,1B,ทวีปยุโรป,742584.0,14280.0
2023-01,2023,1,1,293,LB,เลบานอน,1A,ทวีปเอเชีย,610857.0,11390.0
2023-01,2023,1,1,447,KE,เคนยา,1E,ทวีปแอฟริกา,368155.0,7815.0
2023-01,2023,1,1,294,OM,โอมาน,1A,ทวีปเอเชีย,364645.0,8755.0
2023-01,2023,1,1,336,CZ,สาธารณรัฐเช็ก,1B,ทวีปยุโรป,330244.0,1901.0
2023-01,2023,1,1,398,PR,เปอร์โตริโก,1C,ทวีปอเมริกาเหนือ,280135.0,7875.0
2023-01,2023,1,1,281,MV,มัลดีฟส์,1A,ทวีปเอเชีย,54424.0,1232.0
2023-01,2023,1,1,287,CY,ไซปรัส,1A,ทวีปเอเชีย,40085.0,344.0
2023-01,2023,1,1,295,QA,กาตาร์,1A,ทวีปเอเชีย,39461.0,250.0
2023-01,2023,1,1,361,LI,ลิกเตนสไตน์,1B,ทวีปยุโรป,218.0,5.0
2023-02,2023,2,1,373,US,สหรัฐอเมริกา,1C,ทวีปอเมริกาเหนือ,1320422228.0,8054818.0
2023-02,2023,2,1,304,JP,ญี่ปุ่น,1A,ทวีปเอเชีย,894301191.0,9299760.0
2023-02,2023,2,1,271,MY,มาเลเซีย,1A,ทวีปเอเชีย,336893922.0,6737480.0
2023-02,2023,2,1,483,AU,ออสเตรเลีย,1F,ทวีปออสเตรเลีย,384014399.0,4595510.0
2023-02,2023,2,1,323,IT,อิตาลี,1B,ทวีปยุโรป,243515845.0,1493688.0
2023-02,2023,2,1,272,PH,ฟิลิปปินส์,1A,ทวีปเอเชีย,243789851.0,6045055.0
2023-02,2023,2,1,279,IN,อินเดีย,1A,ทวีปเอเชีย,204654907.0,3330388.0
2023-02,2023,2,1,309,TW,ไต้หวัน,1A,ทวีปเอเชีย,155802249.0,2266922.0
2023-02,2023,2,1,315,DE,เยอรมนี,1B,ทวีปยุโรป,136857328.0,858096.0
2023-02,2023,2,1,267,ID,อินโดนีเซีย,1A,ทวีปเอเชีย,159678862.0,3216561.0
2023-02,2023,2,1,320,GB,สหราชอาณาจักร,1B,ทวีปยุโรป,123378726.0,804211.0
2023-02,2023,2,1,302,CN,จีน,1A,ทวีปเอเชีย,104742158.0,681785.0
2023-02,2023,2,1,306,KR,เกาหลีใต้,1A,ทวีปเอเชีย,115482491.0,1025545.0
2023-02,2023,2,1,371,CA,แคนาดา,1C,ทวีปอเมริกาเหนือ,89931616.0,495369.0
2023-02,2023,2,1,274,VN,เวียดนาม,1A,ทวีปเอเชีย,77529987.0,1555393.0
2023-02,2023,2,1,285,AE,สหรัฐอาหรับเอมิเรตส์,1A,ทวีปเอเชีย,61003913.0,928287.0
2023-02,2023,2,1,319,FR,ฝรั่งเศส,1B,ทวีปยุโรป,64282180.0,334215.0
2023-02,2023,2,1,497,NZ,นิวซีแลนด์,1F,ทวีปออสเตรเลีย,61901229.0,844425.0
2023-02,2023,2,1,273,SG,สิงคโปร์,1A,ทวีปเอเชีย,50898536.0,410614.0
2023-02,2023,2,1,303,HK,ฮ่องกง,1A,ทวีปเอเชีย,49653410.0,481461.0
2023-02,2023,2,1,296,SA,ซาอุดีอาระเบีย,1A,ทวีปเอเชีย,42218288.0,436182.0
2023-02,2023,2,1,325,NL,เนเธอร์แลนด์,1B,ทวีปยุโรป,51013842.0,281436.0
2023-02,2023,2,1,270,MM,เมียนมา,1A,ทวีปเอเชีย,32880237.0,718277.0
2023-02,2023,2,1,313,BE,เบลเยียม,1B,ทวีปยุโรป,33330634.0,187459.0
2023-02,2023,2,1,345,RU,รัสเซีย,1B,ทวีปยุโรป,21341459.0,148589.0
2023-02,2023,2,1,266,BN,บรูไน,1A,ทวีปเอเชีย,16698877.0,361753.0
2023-02,2023,2,1,410,CL,ชิลี,1D,ทวีปอเมริกาใต้,17024740.0,38774.0
2023-02,2023,2,1,268,KH,กัมพูชา,1A,ทวีปเอเชีย,6556681.0,135949.0
2023-02,2023,2,1,292,KW,คูเวต,1A,ทวีปเอเชีย,5345964.0,54361.0
2023-02,2023,2,1,327,SE,สวีเดน,1B,ทวีปยุโรป,9392718.0,38518.0
2023-02,2023,2,1,288,IL,อิสราเอล,1A,ทวีปเอเชีย,6222748.0,46054.0
2023-02,2023,2,1,269,LA,สปป. ลาว,1A,ทวีปเอเชีย,5564562.0,113242.0
2023-02,2023,2,1,298,TR,ตุรกี,1A,ทวีปเอเชีย,4253716.0,16296.0
2023-02,2023,2,1,356,CH,สวิตเซอร์แลนด์,1B,ทวีปยุโรป,1892610.0,9068.0
2023-02,2023,2,1,478,ZA,แอฟริกาใต้,1E,ทวีปแอฟริกา,2989237.0,38260.0
2023-02,2023,2,1,343,PL,โปแลนด์,1B,ทวีปยุโรป,0.0,0.0
2023-02,2023,2,1,411,CO,โคลอมเบีย,1D,ทวีปอเมริกาใต้,3497459.0,8909.0
2023-02,2023,2,1,456,MU,มอริเชียส,1E,ทวีปแอฟริกา,3673176.0,54309.0
2023-02,2023,2,1,417,PE,เปรู,1D,ทวีปอเมริกาใต้,1993981.0,3651.0
2023-02,2023,2,1,280,LK,ศรีลังกา,1A,ทวีปเอเชีย,3209844.0,64927.0
2023-02,2023,2,1,318,FI,ฟินแลนด์,1B,ทวีปยุโรป,2203490.0,20852.0
2023-02,2023,2,1,351,UA,ยูเครน,1B,ทวีปยุโรป,4747984.0,23886.0
2023-02,2023,2,1,312,AT,ออสเตรีย,1B,ทวีปยุโรป,2135322.0,13440.0
2023-02,2023,2,1,316,DK,เดนมาร์ก,1B,ทวีปยุโรป,0.0,0.0
2023-02,2023,2,1,409,BR,บราซิล,1D,ทวีปอเมริกาใต้,0.0,0.0
2023-02,2023,2,1,362,LT,ลิทัวเนีย,1B,ทวีปยุโรป,0.0,0.0
2023-02,2023,2,1,283,PK,ปากีสถาน,1A,ทวีปเอเชีย,0.0,0.0
2023-02,2023,2,1,277,BD,บังกลาเทศ,1A,ทวีปเอเชีย,56480.0,11540.0
2023-02,2023,2,1,286,BH,บาห์เรน,1A,ทวีปเอเชีย,214688.0,5952.0
2023-02,2023,2,1,376,AN,เนเธอร์แลนด์แอนทิลลีส,1C,ทวีปอเมริกาเหนือ,0.0,0.0
2023-02,2023,2,1,352,UZ,อุซเบกิสถาน,1A,ทวีปเอเชีย,0.0,0.0
2023-02,2023,2,1,295,QA,กาตาร์,1A,ทวีปเอเชีย,1968125.0,18843.0
2023-02,2023,2,1,372,MX,เม็กซิโก,1C,ทวีปอเมริกาเหนือ,13275.0,24.0
2023-02,2023,2,1,317,ES,สเปน,1B,ทวีปยุโรป,392.0,0.0
2023-02,2023,2,1,344,RO,โรมาเนีย,1B,ทวีปยุโรป,0.0,0.0
2023-02,2023,2,1,282,NP,เนปาล,1A,ทวีปเอเชีย,389269.0,10015.0
2023-02,2023,2,1,281,MV,มัลดีฟส์,1A,ทวีปเอเชีย,973849.0,14742.0
2023-02,2023,2,1,447,KE,เคนยา,1E,ทวีปแอฟริกา,621396.0,17280.0
2023-02,2023,2,1,476,TZ,แทนซาเนีย,1E,ทวีปแอฟริกา,903953.0,23511.0
2023-02,2023,2,1,407,AR,อาร์เจนตินา,1D,ทวีปอเมริกาใต้,790790.0,2190.0
2023-02,2023,2,1,337,GE,จอร์เจีย,1A,ทวีปเอเชีย,780500.0,8221.0
2023-02,2023,2,1,397,PA,ปานามา,1C,ทวีปอเมริกาเหนือ,765706.0,2492.0
2023-02,2023,2,1,365,MT,มอลตา,1B,ทวีปยุโรป,0.0,0.0
2023-02,2023,2,1,493,NC,นิวแคลีโดเนีย,1F,ทวีปออสเตรเลีย,651541.0,16394.0
2023-02,2023,2,1,293,LB,เลบานอน,1A,ทวีปเอเชีย,0.0,0.0
2023-02,2023,2,1,294,OM,โอมาน,1A,ทวีปเอเชีย,0.0,0.0
2023-02,2023,2,1,336,CZ,สาธารณรัฐเช็ก,1B,ทวีปยุโรป,0.0,0.0
2023-02,2023,2,1,341,KZ,คาซัคสถาน,1A,ทวีปเอเชีย,323365.0,717.0
2023-02,2023,2,1,398,PR,เปอร์โตริโก,1C,ทวีปอเมริกาเหนือ,0.0,0.0
2023-02,2023,2,1,287,CY,ไซปรัส,1A,ทวีปเอเชีย,0.0,0.0
2023-02,2023,2,1,278,BT,ภูฎาน,1A,ทวีปเอเชีย,14850.0,283.0
2023-02,2023,2,1,465,SC,เซเชลส์,1E,ทวีปแอฟริกา,8000.0,630.0
2023-02,2023,2,1,361,LI,ลิกเตนสไตน์,1B,ทวีปยุโรป,0.0,0.0
2023-03,2023,3,1,373,US,สหรัฐอเมริกา,1C,ทวีปอเมริกาเหนือ,1450928264.0,8059992.0
2023-03,2023,3,1,304,JP,ญี่ปุ่น,1A,ทวีปเอเชีย,917261973.0,9316781.0
2023-03,2023,3,1,271,MY,มาเลเซีย,1A,ทวีปเอเชีย,394086151.0,8077753.0
2023-03,2023,3,1,483,AU,ออสเตรเลีย,1F,ทวีปออสเตรเลีย,360729829.0,4227453.0
2023-03,2023,3,1,323,IT,อิตาลี,1B,ทวีปยุโรป,318459258.0,1798616.0
2023-03,2023,3,1,272,PH,ฟิลิปปินส์,1A,ทวีปเอเชีย,284476713.0,6249750.0
2023-03,2023,3,1,279,IN,อินเดีย,1A,ทวีปเอเชีย,216459237.0,3298877.0
2023-03,2023,3,1,309,TW,ไต้หวัน,1A,ทวีปเอเชีย,209113888.0,2808745.0
2023-03,2023,3,1,267,ID,อินโดนีเซีย,1A,ทวีปเอเชีย,193242124.0,3843798.0
2023-03,2023,3,1,315,DE,เยอรมนี,1B,ทวีปยุโรป,120731818.0,760470.0
2023-03,2023,3,1,320,GB,สหราชอาณาจักร,1B,ทวีปยุโรป,145652533.0,865556.0
2023-03,2023,3,1,306,KR,เกาหลีใต้,1A,ทวีปเอเชีย,112387511.0,913823.0
2023-03,2023,3,1,371,CA,แคนาดา,1C,ทวีปอเมริกาเหนือ,112051013.0,571043.0
2023-03,2023,3,1,274,VN,เวียดนาม,1A,ทวีปเอเชีย,115577275.0,2165764.0
2023-03,2023,3,1,302,CN,จีน,1A,ทวีปเอเชีย,60197802.0,395318.0
2023-03,2023,3,1,285,AE,สหรัฐอาหรับเอมิเรตส์,1A,ทวีปเอเชีย,60056131.0,917908.0
2023-03,2023,3,1,319,FR,ฝรั่งเศส,1B,ทวีปยุโรป,69063477.0,322555.0
2023-03,2023,3,1,497,NZ,นิวซีแลนด์,1F,ทวีปออสเตรเลีย,64181698.0,854973.0
2023-03,2023,3,1,303,HK,ฮ่องกง,1A,ทวีปเอเชีย,68410593.0,663339.0
2023-03,2023,3,1,273,SG,สิงคโปร์,1A,ทวีปเอเชีย,56334842.0,450447.0
2023-03,2023,3,1,345,RU,รัสเซีย,1B,ทวีปยุโรป,93220565.0,463557.0
2023-03,2023,3,1,313,BE,เบลเยียม,1B,ทวีปยุโรป,50988248.0,320819.0
2023-03,2023,3,1,270,MM,เมียนมา,1A,ทวีปเอเชีย,27933272.0,589370.0
2023-03,2023,3,1,296,SA,ซาอุดีอาระเบีย,1A,ทวีปเอเชีย,21315775.0,266220.0
2023-03,2023,3,1,325,NL,เนเธอร์แลนด์,1B,ทวีปยุโรป,20243074.0,134809.0
2023-03,2023,3,1,410,CL,ชิลี,1D,ทวีปอเมริกาใต้,21954563.0,39799.0
2023-03,2023,3,1,266,BN,บรูไน,1A,ทวีปเอเชีย,9431231.0,230665.0
2023-03,2023,3,1,327,SE,สวีเดน,1B,ทวีปยุโรป,13113538.0,71876.0
2023-03,2023,3,1,268,KH,กัมพูชา,1A,ทวีปเอเชีย,10123839.0,166477.0
2023-03,2023,3,1,288,IL,อิสราเอล,1A,ทวีปเอเชีย,10756771.0,66961.0
2023-03,2023,3,1,292,KW,คูเวต,1A,ทวีปเอเชีย,8862938.0,70346.0
2023-03,2023,3,1,269,LA,สปป. ลาว,1A,ทวีปเอเชีย,8021853.0,136516.0
2023-03,2023,3,1,343,PL,โปแลนด์,1B,ทวีปยุโรป,7074688.0,38864.0
2023-03,2023,3,1,356,CH,สวิตเซอร์แลนด์,1B,ทวีปยุโรป,5859961.0,29856.0
2023-03,2023,3,1,411,CO,โคลอมเบีย,1D,ทวีปอเมริกาใต้,6683531.0,14655.0
2023-03,2023,3,1,298,TR,ตุรกี,1A,ทวีปเอเชีย,3913980.0,25938.0
2023-03,2023,3,1,318,FI,ฟินแลนด์,1B,ทวีปยุโรป,8150963.0,48961.0
2023-03,2023,3,1,478,ZA,แอฟริกาใต้,1E,ทวีปแอฟริกา,4542269.0,34395.0
2023-03,2023,3,1,456,MU,มอริเชียส,1E,ทวีปแอฟริกา,4919375.0,93621.0
2023-03,2023,3,1,283,PK,ปากีสถาน,1A,ทวีปเอเชีย,8592844.0,142379.0
2023-03,2023,3,1,316,DK,เดนมาร์ก,1B,ทวีปยุโรป,5564433.0,33870.0
2023-03,2023,3,1,280,LK,ศรีลังกา,1A,ทวีปเอเชีย,2704452.0,56309.0
2023-03,2023,3,1,312,AT,ออสเตรีย,1B,ทวีปยุโรป,3060810.0,15107.0
2023-03,2023,3,1,417,PE,เปรู,1D,ทวีปอเมริกาใต้,61375.0,137.0
2023-03,2023,3,1,351,UA,ยูเครน,1B,ทวีปยุโรป,1829320.0,10693.0
2023-03,2023,3,1,409,BR,บราซิล,1D,ทวีปอเมริกาใต้,3227514.0,9139.0
2023-03,2023,3,1,295,QA,กาตาร์,1A,ทวีปเอเชีย,4396319.0,38360.0
2023-03,2023,3,1,277,BD,บังกลาเทศ,1A,ทวีปเอเชีย,3298037.0,21309.0
2023-03,2023,3,1,365,MT,มอลตา,1B,ทวีปยุโรป,4750826.0,34248.0
2023-03,2023,3,1,286,BH,บาห์เรน,1A,ทวีปเอเชีย,2358483.0,34021.0
2023-03,2023,3,1,321,GR,กรีซ,1B,ทวีปยุโรป,4463835.0,13039.0
2023-03,2023,3,1,317,ES,สเปน,1B,ทวีปยุโรป,1670526.0,12160.0
2023-03,2023,3,1,362,LT,ลิทัวเนีย,1B,ทวีปยุโรป,230.0,0.0
2023-03,2023,3,1,282,NP,เนปาล,1A,ทวีปเอเชีย,992380.0,3995.0
2023-03,2023,3,1,293,LB,เลบานอน,1A,ทวีปเอเชีย,1676799.0,3386.0
2023-03,2023,3,1,281,MV,มัลดีฟส์,1A,ทวีปเอเชีย,1182354.0,24653.0
2023-03,2023,3,1,376,AN,เนเธอร์แลนด์แอนทิลลีส,1C,ทวีปอเมริกาเหนือ,0.0,0.0
2023-03,2023,3,1,352,UZ,อุซเบกิสถาน,1A,ทวีปเอเชีย,0.0,0.0
2023-03,2023,3,1,476,TZ,แทนซาเนีย,1E,ทวีปแอฟริกา,888716.0,23356.0
2023-03,2023,3,1,372,MX,เม็กซิโก,1C,ทวีปอเมริกาเหนือ,0.0,0.0
2023-03,2023,3,1,447,KE,เคนยา,1E,ทวีปแอฟริกา,759232.0,9058.0
2023-03,2023,3,1,407,AR,อาร์เจนตินา,1D,ทวีปอเมริกาใต้,826364.0,2190.0
2023-03,2023,3,1,344,RO,โรมาเนีย,1B,ทวีปยุโรป,0.0,0.0
2023-03,2023,3,1,498,PF,เฟรนช์โปลีนีเซีย,1F,ทวีปออสเตรเลีย,1314264.0,31747.0
2023-03,2023,3,1,289,IQ,อิรัก,1A,ทวีปเอเชีย,1141857.0,17974.0
2023-03,2023,3,1,336,CZ,สาธารณรัฐเช็ก,1B,ทวีปยุโรป,591375.0,2980.0
2023-03,2023,3,1,294,OM,โอมาน,1A,ทวีปเอเชีย,509141.0,13440.0
2023-03,2023,3,1,337,GE,จอร์เจีย,1A,ทวีปเอเชีย,0.0,0.0
2023-03,2023,3,1,397,PA,ปานามา,1C,ทวีปอเมริกาเหนือ,0.0,0.0
2023-03,2023,3,1,493,NC,นิวแคลีโดเนีย,1F,ทวีปออสเตรเลีย,0.0,0.0
2023-03,2023,3,1,341,KZ,คาซัคสถาน,1A,ทวีปเอเชีย,0.0,0.0
2023-03,2023,3,1,398,PR,เปอร์โตริโก,1C,ทวีปอเมริกาเหนือ,0.0,0.0
2023-03,2023,3,1,465,SC,เซเชลส์,1E,ทวีปแอฟริกา,77500.0,5000.0
2023-03,2023,3,1,287,CY,ไซปรัส,1A,ทวีปเอเชีย,0.0,0.0
2023-03,2023,3,1,278,BT,ภูฎาน,1A,ทวีปเอเชีย,21665.0,432.0
2023-03,2023,3,1,361,LI,ลิกเตนสไตน์,1B,ทวีปยุโรป,1303.0,17.0
2023-04,2023,4,2,373,US,สหรัฐอเมริกา,1C,ทวีปอเมริกาเหนือ,984917808.0,5785958.0
2023-04,2023,4,2,304,JP,ญี่ปุ่น,1A,ทวีปเอเชีย,667585031.0,7029437.0
2023-04,2023,4,2,271,MY,มาเลเซีย,1A,ทวีปเอเชีย,350071781.0,7137671.0
2023-04,2023,4,2,483,AU,ออสเตรเลีย,1F,ทวีปออสเตรเลีย,244070206.0,2885859.0
2023-04,2023,4,2,323,IT,อิตาลี,1B,ทวีปยุโรป,318559443.0,1916172.0
2023-04,2023,4,2,272,PH,ฟิลิปปินส์,1A,ทวีปเอเชีย,155539623.0,3210166.0
2023-04,2023,4,2,279,IN,อินเดีย,1A,ทวีปเอเชีย,168556635.0,3029288.0
2023-04,2023,4,2,309,TW,ไต้หวัน,1A,ทวีปเอเชีย,219403145.0,2876768.0
2023-04,2023,4,2,267,ID,อินโดนีเซีย,1A,ทวีปเอเชีย,185709370.0,3338249.0
2023-04,2023,4,2,320,GB,สหราชอาณาจักร,1B,ทวีปยุโรป,117136440.0,714050.0
2023-04,2023,4,2,315,DE,เยอรมนี,1B,ทวีปยุโรป,84352661.0,566154.0
2023-04,2023,4,2,306,KR,เกาหลีใต้,1A,ทวีปเอเชีย,74655759.0,551790.0
2023-04,2023,4,2,371,CA,แคนาดา,1C,ทวีปอเมริกาเหนือ,71547880.0,388113.0
2023-04,2023,4,2,302,CN,จีน,1A,ทวีปเอเชีย,91735277.0,589980.0
2023-04,2023,4,2,274,VN,เวียดนาม,1A,ทวีปเอเชีย,70391793.0,1392745.0
2023-04,2023,4,2,319,FR,ฝรั่งเศส,1B,ทวีปยุโรป,53486218.0,255810.0
2023-04,2023,4,2,497,NZ,นิวซีแลนด์,1F,ทวีปออสเตรเลีย,66350289.0,941865.0
2023-04,2023,4,2,285,AE,สหรัฐอาหรับเอมิเรตส์,1A,ทวีปเอเชีย,43618106.0,685683.0
2023-04,2023,4,2,303,HK,ฮ่องกง,1A,ทวีปเอเชีย,45867683.0,405866.0
2023-04,2023,4,2,273,SG,สิงคโปร์,1A,ทวีปเอเชีย,44399640.0,356091.0
2023-04,2023,4,2,313,BE,เบลเยียม,1B,ทวีปยุโรป,78627735.0,425772.0
2023-04,2023,4,2,345,RU,รัสเซีย,1B,ทวีปยุโรป,22641429.0,217373.0
2023-04,2023,4,2,270,MM,เมียนมา,1A,ทวีปเอเชีย,22263507.0,496988.0
2023-04,2023,4,2,296,SA,ซาอุดีอาระเบีย,1A,ทวีปเอเชีย,12994586.0,168218.0
2023-04,2023,4,2,325,NL,เนเธอร์แลนด์,1B,ทวีปยุโรป,7231828.0,40692.0
2023-04,2023,4,2,410,CL,ชิลี,1D,ทวีปอเมริกาใต้,12176953.0,22188.0
2023-04,2023,4,2,266,BN,บรูไน,1A,ทวีปเอเชีย,13942430.0,236208.0
2023-04,2023,4,2,268,KH,กัมพูชา,1A,ทวีปเอเชีย,9355667.0,150434.0
2023-04,2023,4,2,327,SE,สวีเดน,1B,ทวีปยุโรป,7772199.0,39015.0
2023-04,2023,4,2,288,IL,อิสราเอล,1A,ทวีปเอเชีย,9133219.0,84466.0
2023-04,2023,4,2,292,KW,คูเวต,1A,ทวีปเอเชีย,4673235.0,40587.0
2023-04,2023,4,2,411,CO,โคลอมเบีย,1D,ทวีปอเมริกาใต้,10993373.0,28080.0
2023-04,2023,4,2,269,LA,สปป. ลาว,1A,ทวีปเอเชีย,6132785.0,96300.0
2023-04,2023,4,2,283,PK,ปากีสถาน,1A,ทวีปเอเชีย,8558346.0,142346.0
2023-04,2023,4,2,298,TR,ตุรกี,1A,ทวีปเอเชีย,5358120.0,23512.0
2023-04,2023,4,2,456,MU,มอริเชียส,1E,ทวีปแอฟริกา,4272160.0,73363.0
2023-04,2023,4,2,409,BR,บราซิล,1D,ทวีปอเมริกาใต้,9644434.0,27420.0
2023-04,2023,4,2,478,ZA,แอฟริกาใต้,1E,ทวีปแอฟริกา,2342097.0,37032.0
2023-04,2023,4,2,343,PL,โปแลนด์,1B,ทวีปยุโรป,0.0,0.0
2023-04,2023,4,2,318,FI,ฟินแลนด์,1B,ทวีปยุโรป,1440906.0,6985.0
2023-04,2023,4,2,356,CH,สวิตเซอร์แลนด์,1B,ทวีปยุโรป,0.0,0.0
2023-04,2023,4,2,280,LK,ศรีลังกา,1A,ทวีปเอเชีย,4614446.0,88466.0
2023-04,2023,4,2,351,UA,ยูเครน,1B,ทวีปยุโรป,4120526.0,19433.0
2023-04,2023,4,2,365,MT,มอลตา,1B,ทวีปยุโรป,4275306.0,26353.0
2023-04,2023,4,2,372,MX,เม็กซิโก,1C,ทวีปอเมริกาเหนือ,7274897.0,12796.0
2023-04,2023,4,2,316,DK,เดนมาร์ก,1B,ทวีปยุโรป,0.0,0.0
2023-04,2023,4,2,286,BH,บาห์เรน,1A,ทวีปเอเชีย,3724719.0,63990.0
2023-04,2023,4,2,312,AT,ออสเตรีย,1B,ทวีปยุโรป,1069841.0,6720.0
2023-04,2023,4,2,277,BD,บังกลาเทศ,1A,ทวีปเอเชีย,1414601.0,43115.0
2023-04,2023,4,2,417,PE,เปรู,1D,ทวีปอเมริกาใต้,0.0,0.0
2023-04,2023,4,2,295,QA,กาตาร์,1A,ทวีปเอเชีย,371964.0,8325.0
2023-04,2023,4,2,321,GR,กรีซ,1B,ทวีปยุโรป,0.0,0.0
2023-04,2023,4,2,341,KZ,คาซัคสถาน,1A,ทวีปเอเชีย,3677337.0,17946.0
2023-04,2023,4,2,317,ES,สเปน,1B,ทวีปยุโรป,0.0,0.0
2023-04,2023,4,2,376,AN,เนเธอร์แลนด์แอนทิลลีส,1C,ทวีปอเมริกาเหนือ,1164301.0,6720.0
2023-04,2023,4,2,362,LT,ลิทัวเนีย,1B,ทวีปยุโรป,0.0,0.0
2023-04,2023,4,2,282,NP,เนปาล,1A,ทวีปเอเชีย,372565.0,7543.0
2023-04,2023,4,2,281,MV,มัลดีฟส์,1A,ทวีปเอเชีย,185334.0,4373.0
2023-04,2023,4,2,293,LB,เลบานอน,1A,ทวีปเอเชีย,0.0,0.0
2023-04,2023,4,2,289,IQ,อิรัก,1A,ทวีปเอเชีย,1118015.0,18740.0
2023-04,2023,4,2,352,UZ,อุซเบกิสถาน,1A,ทวีปเอเชีย,0.0,0.0
2023-04,2023,4,2,336,CZ,สาธารณรัฐเช็ก,1B,ทวีปยุโรป,981296.0,5278.0
2023-04,2023,4,2,476,TZ,แทนซาเนีย,1E,ทวีปแอฟริกา,0.0,0.0
2023-04,2023,4,2,447,KE,เคนยา,1E,ทวีปแอฟริกา,0.0,0.0
2023-04,2023,4,2,407,AR,อาร์เจนตินา,1D,ทวีปอเมริกาใต้,0.0,0.0
2023-04,2023,4,2,344,RO,โรมาเนีย,1B,ทวีปยุโรป,0.0,0.0
2023-04,2023,4,2,498,PF,เฟรนช์โปลีนีเซีย,1F,ทวีปออสเตรเลีย,0.0,0.0
2023-04,2023,4,2,397,PA,ปานามา,1C,ทวีปอเมริกาเหนือ,417458.0,1229.0
2023-04,2023,4,2,363,LV,ลัตเวีย,1B,ทวีปยุโรป,1048612.0,5850.0
2023-04,2023,4,2,291,JO,จอร์แดน,1A,ทวีปเอเชีย,908114.0,7650.0
2023-04,2023,4,2,294,OM,โอมาน,1A,ทวีปเอเชีย,0.0,0.0
2023-04,2023,4,2,388,GT,กัวเตมาลา,1C,ทวีปอเมริกาเหนือ,789846.0,1194.0
2023-04,2023,4,2,337,GE,จอร์เจีย,1A,ทวีปเอเชีย,0.0,0.0
2023-04,2023,4,2,493,NC,นิวแคลีโดเนีย,1F,ทวีปออสเตรเลีย,0.0,0.0
2023-04,2023,4,2,398,PR,เปอร์โตริโก,1C,ทวีปอเมริกาเหนือ,0.0,0.0
2023-04,2023,4,2,465,SC,เซเชลส์,1E,ทวีปแอฟริกา,24945.0,277.0
2023-04,2023,4,2,278,BT,ภูฎาน,1A,ทวีปเอเชีย,26398.0,408.0
2023-04,2023,4,2,287,CY,ไซปรัส,1A,ทวีปเอเชีย,0.0,0.0
2023-04,2023,4,2,381,CR,คอสตาริกา,1C,ทวีปอเมริกาเหนือ,2445.0,6.0
2023-04,2023,4,2,361,LI,ลิกเตนสไตน์,1B,ทวีปยุโรป,0.0,0.0
2023-05,2023,5,2,373,US,สหรัฐอเมริกา,1C,ทวีปอเมริกาเหนือ,1536241459.0,8584463.0
2023-05,2023,5,2,304,JP,ญี่ปุ่น,1A,ทวีปเอเชีย,889603394.0,9229282.0
2023-05,2023,5,2,271,MY,มาเลเซีย,1A,ทวีปเอเชีย,427230702.0,8771810.0
2023-05,2023,5,2,323,IT,อิตาลี,1B,ทวีปยุโรป,416199806.0,2498291.0
2023-05,2023,5,2,483,AU,ออสเตรเลีย,1F,ทวีปออสเตรเลีย,249760782.0,2861076.0
2023-05,2023,5,2,272,PH,ฟิลิปปินส์,1A,ทวีปเอเชีย,278870720.0,6493394.0
2023-05,2023,5,2,309,TW,ไต้หวัน,1A,ทวีปเอเชีย,196137892.0,2959386.0
2023-05,2023,5,2,279,IN,อินเดีย,1A,ทวีปเอเชีย,135758572.0,1868796.0
2023-05,2023,5,2,267,ID,อินโดนีเซีย,1A,ทวีปเอเชีย,216491168.0,3435003.0
2023-05,2023,5,2,320,GB,สหราชอาณาจักร,1B,ทวีปยุโรป,162604399.0,945098.0
2023-05,2023,5,2,315,DE,เยอรมนี,1B,ทวีปยุโรป,74846499.0,442580.0
2023-05,2023,5,2,371,CA,แคนาดา,1C,ทวีปอเมริกาเหนือ,108143072.0,591728.0
2023-05,2023,5,2,306,KR,เกาหลีใต้,1A,ทวีปเอเชีย,78568640.0,650894.0
2023-05,2023,5,2,302,CN,จีน,1A,ทวีปเอเชีย,91774236.0,528417.0
2023-05,2023,5,2,274,VN,เวียดนาม,1A,ทวีปเอเชีย,62390986.0,1048348.0
2023-05,2023,5,2,497,NZ,นิวซีแลนด์,1F,ทวีปออสเตรเลีย,104449095.0,1463919.0
2023-05,2023,5,2,285,AE,สหรัฐอาหรับเอมิเรตส์,1A,ทวีปเอเชีย,50994868.0,664108.0
2023-05,2023,5,2,319,FR,ฝรั่งเศส,1B,ทวีปยุโรป,36585450.0,159881.0
2023-05,2023,5,2,303,HK,ฮ่องกง,1A,ทวีปเอเชีย,54238877.0,526051.0
2023-05,2023,5,2,273,SG,สิงคโปร์,1A,ทวีปเอเชีย,51605730.0,423717.0
2023-05,2023,5,2,313,BE,เบลเยียม,1B,ทวีปยุโรป,50133016.0,267986.0
2023-05,2023,5,2,345,RU,รัสเซีย,1B,ทวีปยุโรป,35581047.0,205952.0
2023-05,2023,5,2,270,MM,เมียนมา,1A,ทวีปเอเชีย,38551143.0,787648.0
2023-05,2023,5,2,296,SA,ซาอุดีอาระเบีย,1A,ทวีปเอเชีย,45303969.0,284565.0
2023-05,2023,5,2,325,NL,เนเธอร์แลนด์,1B,ทวีปยุโรป,15219921.0,88726.0
2023-05,2023,5,2,410,CL,ชิลี,1D,ทวีปอเมริกาใต้,43569831.0,76892.0
2023-05,2023,5,2,266,BN,บรูไน,1A,ทวีปเอเชีย,23725125.0,374684.0
2023-05,2023,5,2,268,KH,กัมพูชา,1A,ทวีปเอเชีย,7381084.0,130115.0
2023-05,2023,5,2,288,IL,อิสราเอล,1A,ทวีปเอเชีย,6916369.0,37883.0
2023-05,2023,5,2,327,SE,สวีเดน,1B,ทวีปยุโรป,4541505.0,15599.0
2023-05,2023,5,2,269,LA,สปป. ลาว,1A,ทวีปเอเชีย,7771679.0,89321.0
2023-05,2023,5,2,409,BR,บราซิล,1D,ทวีปอเมริกาใต้,12917660.0,36557.0
2023-05,2023,5,2,292,KW,คูเวต,1A,ทวีปเอเชีย,266290.0,1970.0
2023-05,2023,5,2,411,CO,โคลอมเบีย,1D,ทวีปอเมริกาใต้,1633541.0,2548.0
2023-05,2023,5,2,283,PK,ปากีสถาน,1A,ทวีปเอเชีย,4744690.0,30671.0
2023-05,2023,5,2,298,TR,ตุรกี,1A,ทวีปเอเชีย,5184056.0,24872.0
2023-05,2023,5,2,456,MU,มอริเชียส,1E,ทวีปแอฟริกา,4000605.0,74902.0
2023-05,2023,5,2,318,FI,ฟินแลนด์,1B,ทวีปยุโรป,4938651.0,30601.0
2023-05,2023,5,2,343,PL,โปแลนด์,1B,ทวีปยุโรป,2133295.0,3685.0
2023-05,2023,5,2,356,CH,สวิตเซอร์แลนด์,1B,ทวีปยุโรป,1167257.0,6720.0
2023-05,2023,5,2,280,LK,ศรีลังกา,1A,ทวีปเอเชีย,1878284.0,36621.0
2023-05,2023,5,2,478,ZA,แอฟริกาใต้,1E,ทวีปแอฟริกา,0.0,0.0
2023-05,2023,5,2,351,UA,ยูเครน,1B,ทวีปยุโรป,3265036.0,12673.0
2023-05,2023,5,2,365,MT,มอลตา,1B,ทวีปยุโรป,3545328.0,22733.0
2023-05,2023,5,2,372,MX,เม็กซิโก,1C,ทวีปอเมริกาเหนือ,4175970.0,7312.0
2023-05,2023,5,2,295,QA,กาตาร์,1A,ทวีปเอเชีย,3653745.0,41208.0
2023-05,2023,5,2,286,BH,บาห์เรน,1A,ทวีปเอเชีย,1402866.0,22278.0
2023-05,2023,5,2,277,BD,บังกลาเทศ,1A,ทวีปเอเชีย,2161816.0,38664.0
2023-05,2023,5,2,316,DK,เดนมาร์ก,1B,ทวีปยุโรป,0.0,0.0
2023-05,2023,5,2,276,AF,อัฟกานิสถาน,1A,ทวีปเอเชีย,8644258.0,141491.0
2023-05,2023,5,2,312,AT,ออสเตรีย,1B,ทวีปยุโรป,0.0,0.0
2023-05,2023,5,2,317,ES,สเปน,1B,ทวีปยุโรป,4273652.0,28851.0
2023-05,2023,5,2,417,PE,เปรู,1D,ทวีปอเมริกาใต้,0.0,0.0
2023-05,2023,5,2,321,GR,กรีซ,1B,ทวีปยุโรป,0.0,0.0
2023-05,2023,5,2,341,KZ,คาซัคสถาน,1A,ทวีปเอเชีย,0.0,0.0
2023-05,2023,5,2,376,AN,เนเธอร์แลนด์แอนทิลลีส,1C,ทวีปอเมริกาเหนือ,0.0,0.0
2023-05,2023,5,2,362,LT,ลิทัวเนีย,1B,ทวีปยุโรป,0.0,0.0
2023-05,2023,5,2,476,TZ,แทนซาเนีย,1E,ทวีปแอฟริกา,1059257.0,24469.0
2023-05,2023,5,2,282,NP,เนปาล,1A,ทวีปเอเชีย,0.0,0.0
2023-05,2023,5,2,281,MV,มัลดีฟส์,1A,ทวีปเอเชีย,135637.0,236.0
2023-05,2023,5,2,447,KE,เคนยา,1E,ทวีปแอฟริกา,724654.0,17280.0
2023-05,2023,5,2,407,AR,อาร์เจนตินา,1D,ทวีปอเมริกาใต้,743525.0,2190.0
2023-05,2023,5,2,293,LB,เลบานอน,1A,ทวีปเอเชีย,0.0,0.0
2023-05,2023,5,2,289,IQ,อิรัก,1A,ทวีปเอเชีย,0.0,0.0
2023-05,2023,5,2,352,UZ,อุซเบกิสถาน,1A,ทวีปเอเชีย,0.0,0.0
2023-05,2023,5,2,498,PF,เฟรนช์โปลีนีเซีย,1F,ทวีปออสเตรเลีย,659106.0,14862.0
2023-05,2023,5,2,294,OM,โอมาน,1A,ทวีปเอเชีย,1074443.0,17310.0
2023-05,2023,5,2,336,CZ,สาธารณรัฐเช็ก,1B,ทวีปยุโรป,0.0,0.0
2023-05,2023,5,2,344,RO,โรมาเนีย,1B,ทวีปยุโรป,0.0,0.0
2023-05,2023,5,2,493,NC,นิวแคลีโดเนีย,1F,ทวีปออสเตรเลีย,773138.0,18838.0
2023-05,2023,5,2,397,PA,ปานามา,1C,ทวีปอเมริกาเหนือ,0.0,0.0
2023-05,2023,5,2,363,LV,ลัตเวีย,1B,ทวีปยุโรป,0.0,0.0
2023-05,2023,5,2,291,JO,จอร์แดน,1A,ทวีปเอเชีย,0.0,0.0
2023-05,2023,5,2,388,GT,กัวเตมาลา,1C,ทวีปอเมริกาเหนือ,0.0,0.0
2023-05,2023,5,2,337,GE,จอร์เจีย,1A,ทวีปเอเชีย,0.0,0.0
2023-05,2023,5,2,398,PR,เปอร์โตริโก,1C,ทวีปอเมริกาเหนือ,0.0,0.0
2023-05,2023,5,2,465,SC,เซเชลส์,1E,ทวีปแอฟริกา,0.0,0.0
2023-05,2023,5,2,278,BT,ภูฎาน,1A,ทวีปเอเชีย,0.0,0.0
2023-05,2023,5,2,287,CY,ไซปรัส,1A,ทวีปเอเชีย,0.0,0.0
2023-05,2023,5,2,381,CR,คอสตาริกา,1C,ทวีปอเมริกาเหนือ,0.0,0.0
2023-05,2023,5,2,432,CM,แคเมอรูน,1E,ทวีปแอฟริกา,1706.0,50.0
2023-05,2023,5,2,361,LI,ลิกเตนสไตน์,1B,ทวีปยุโรป,0.0,0.0
2023-06,2023,6,2,373,US,สหรัฐอเมริกา,1C,ทวีปอเมริกาเหนือ,1716563448.0,9322591.0
2023-06,2023,6,2,304,JP,ญี่ปุ่น,1A,ทวีปเอเชีย,914760297.0,9529545.0
2023-06,2023,6,2,271,MY,มาเลเซีย,1A,ทวีปเอเชีย,359967705.0,7052034.0
2023-06,2023,6,2,323,IT,อิตาลี,1B,ทวีปยุโรป,255360802.0,1390769.0
2023-06,2023,6,2,483,AU,ออสเตรเลีย,1F,ทวีปออสเตรเลีย,264520306.0,2783364.0
2023-06,2023,6,2,272,PH,ฟิลิปปินส์,1A,ทวีปเอเชีย,316009663.0,6615420.0
2023-06,2023,6,2,309,TW,ไต้หวัน,1A,ทวีปเอเชีย,326293555.0,4545924.0
2023-06,2023,6,2,279,IN,อินเดีย,1A,ทวีปเอเชีย,162330739.0,2588251.0
2023-06,2023,6,2,267,ID,อินโดนีเซีย,1A,ทวีปเอเชีย,186498361.0,3393257.0
2023-06,2023,6,2,320,GB,สหราชอาณาจักร,1B,ทวีปยุโรป,213834766.0,1272923.0
2023-06,2023,6,2,315,DE,เยอรมนี,1B,ทวีปยุโรป,88472470.0,477137.0
2023-06,2023,6,2,371,CA,แคนาดา,1C,ทวีปอเมริกาเหนือ,122246661.0,601622.0
2023-06,2023,6,2,306,KR,เกาหลีใต้,1A,ทวีปเอเชีย,89206989.0,707459.0
2023-06,2023,6,2,302,CN,จีน,1A,ทวีปเอเชีย,93011984.0,522300.0
2023-06,2023,6,2,274,VN,เวียดนาม,1A,ทวีปเอเชีย,77583073.0,1346156.0
2023-06,2023,6,2,497,NZ,นิวซีแลนด์,1F,ทวีปออสเตรเลีย,57112821.0,873855.0
2023-06,2023,6,2,303,HK,ฮ่องกง,1A,ทวีปเอเชีย,75662022.0,692089.0
2023-06,2023,6,2,285,AE,สหรัฐอาหรับเอมิเรตส์,1A,ทวีปเอเชีย,45212040.0,646577.0
2023-06,2023,6,2,313,BE,เบลเยียม,1B,ทวีปยุโรป,80956467.0,455291.0
2023-06,2023,6,2,319,FR,ฝรั่งเศส,1B,ทวีปยุโรป,27650019.0,123469.0
2023-06,2023,6,2,273,SG,สิงคโปร์,1A,ทวีปเอเชีย,52598945.0,454115.0
2023-06,2023,6,2,345,RU,รัสเซีย,1B,ทวีปยุโรป,71283579.0,372933.0
2023-06,2023,6,2,270,MM,เมียนมา,1A,ทวีปเอเชีย,32924495.0,712137.0
2023-06,2023,6,2,296,SA,ซาอุดีอาระเบีย,1A,ทวีปเอเชีย,28898846.0,406275.0
2023-06,2023,6,2,410,CL,ชิลี,1D,ทวีปอเมริกาใต้,35161668.0,63520.0
2023-06,2023,6,2,325,NL,เนเธอร์แลนด์,1B,ทวีปยุโรป,13428477.0,97502.0
2023-06,2023,6,2,266,BN,บรูไน,1A,ทวีปเอเชีย,19666965.0,394221.0
2023-06,2023,6,2,288,IL,อิสราเอล,1A,ทวีปเอเชีย,14808146.0,102978.0
2023-06,2023,6,2,268,KH,กัมพูชา,1A,ทวีปเอเชีย,5417392.0,73229.0
2023-06,2023,6,2,327,SE,สวีเดน,1B,ทวีปยุโรป,4693658.0,17920.0
2023-06,2023,6,2,269,LA,สปป. ลาว,1A,ทวีปเอเชีย,10695588.0,138148.0
2023-06,2023,6,2,292,KW,คูเวต,1A,ทวีปเอเชีย,13310374.0,126124.0
2023-06,2023,6,2,298,TR,ตุรกี,1A,ทวีปเอเชีย,16754676.0,85387.0
2023-06,2023,6,2,409,BR,บราซิล,1D,ทวีปอเมริกาใต้,3236763.0,9137.0
2023-06,2023,6,2,411,CO,โคลอมเบีย,1D,ทวีปอเมริกาใต้,3645075.0,6236.0
2023-06,2023,6,2,456,MU,มอริเชียส,1E,ทวีปแอฟริกา,6981532.0,126262.0
2023-06,2023,6,2,283,PK,ปากีสถาน,1A,ทวีปเอเชีย,0.0,0.0
2023-06,2023,6,2,318,FI,ฟินแลนด์,1B,ทวีปยุโรป,3628301.0,18222.0
2023-06,2023,6,2,478,ZA,แอฟริกาใต้,1E,ทวีปแอฟริกา,6934238.0,80362.0
2023-06,2023,6,2,372,MX,เม็กซิโก,1C,ทวีปอเมริกาเหนือ,7121331.0,13415.0
2023-06,2023,6,2,356,CH,สวิตเซอร์แลนด์,1B,ทวีปยุโรป,2089588.0,7926.0
2023-06,2023,6,2,343,PL,โปแลนด์,1B,ทวีปยุโรป,0.0,0.0
2023-06,2023,6,2,365,MT,มอลตา,1B,ทวีปยุโรป,3030683.0,28569.0
2023-06,2023,6,2,280,LK,ศรีลังกา,1A,ทวีปเอเชีย,0.0,0.0
2023-06,2023,6,2,351,UA,ยูเครน,1B,ทวีปยุโรป,0.0,0.0
2023-06,2023,6,2,286,BH,บาห์เรน,1A,ทวีปเอเชีย,1776761.0,40084.0
2023-06,2023,6,2,312,AT,ออสเตรีย,1B,ทวีปยุโรป,3614368.0,15107.0
2023-06,2023,6,2,277,BD,บังกลาเทศ,1A,ทวีปเอเชีย,1009640.0,16163.0
2023-06,2023,6,2,295,QA,กาตาร์,1A,ทวีปเอเชีย,188219.0,612.0
2023-06,2023,6,2,316,DK,เดนมาร์ก,1B,ทวีปยุโรป,0.0,0.0
2023-06,2023,6,2,276,AF,อัฟกานิสถาน,1A,ทวีปเอเชีย,0.0,0.0
2023-06,2023,6,2,317,ES,สเปน,1B,ทวีปยุโรป,675727.0,13600.0
2023-06,2023,6,2,417,PE,เปรู,1D,ทวีปอเมริกาใต้,0.0,0.0
2023-06,2023,6,2,362,LT,ลิทัวเนีย,1B,ทวีปยุโรป,1811714.0,9676.0
2023-06,2023,6,2,321,GR,กรีซ,1B,ทวีปยุโรป,0.0,0.0
2023-06,2023,6,2,341,KZ,คาซัคสถาน,1A,ทวีปเอเชีย,0.0,0.0
2023-06,2023,6,2,376,AN,เนเธอร์แลนด์แอนทิลลีส,1C,ทวีปอเมริกาเหนือ,0.0,0.0
2023-06,2023,6,2,336,CZ,สาธารณรัฐเช็ก,1B,ทวีปยุโรป,975268.0,4627.0
2023-06,2023,6,2,294,OM,โอมาน,1A,ทวีปเอเชีย,916562.0,22667.0
2023-06,2023,6,2,476,TZ,แทนซาเนีย,1E,ทวีปแอฟริกา,0.0,0.0
2023-06,2023,6,2,282,NP,เนปาล,1A,ทวีปเอเชีย,0.0,0.0
2023-06,2023,6,2,281,MV,มัลดีฟส์,1A,ทวีปเอเชีย,223020.0,4395.0
2023-06,2023,6,2,447,KE,เคนยา,1E,ทวีปแอฟริกา,0.0,0.0
2023-06,2023,6,2,407,AR,อาร์เจนตินา,1D,ทวีปอเมริกาใต้,0.0,0.0
2023-06,2023,6,2,293,LB,เลบานอน,1A,ทวีปเอเชีย,0.0,0.0
2023-06,2023,6,2,289,IQ,อิรัก,1A,ทวีปเอเชีย,0.0,0.0
2023-06,2023,6,2,352,UZ,อุซเบกิสถาน,1A,ทวีปเอเชีย,0.0,0.0
2023-06,2023,6,2,498,PF,เฟรนช์โปลีนีเซีย,1F,ทวีปออสเตรเลีย,0.0,0.0
2023-06,2023,6,2,326,PT,โปรตุเกส,1B,ทวีปยุโรป,1837514.0,12726.0
2023-06,2023,6,2,422,VE,เวเนซุเอลา,1D,ทวีปอเมริกาใต้,1686502.0,2808.0
2023-06,2023,6,2,344,RO,โรมาเนีย,1B,ทวีปยุโรป,0.0,0.0
2023-06,2023,6,2,493,NC,นิวแคลีโดเนีย,1F,ทวีปออสเตรเลีย,0.0,0.0
2023-06,2023,6,2,291,JO,จอร์แดน,1A,ทวีปเอเชีย,307901.0,5590.0
2023-06,2023,6,2,452,MA,โมร็อกโก,1E,ทวีปแอฟริกา,1185214.0,2130.0
2023-06,2023,6,2,397,PA,ปานามา,1C,ทวีปอเมริกาเหนือ,0.0,0.0
2023-06,2023,6,2,451,LY,ลิเบีย,1E,ทวีปแอฟริกา,1133436.0,18884.0
2023-06,2023,6,2,363,LV,ลัตเวีย,1B,ทวีปยุโรป,0.0,0.0
2023-06,2023,6,2,388,GT,กัวเตมาลา,1C,ทวีปอเมริกาเหนือ,0.0,0.0
2023-06,2023,6,2,337,GE,จอร์เจีย,1A,ทวีปเอเชีย,0.0,0.0
2023-06,2023,6,2,398,PR,เปอร์โตริโก,1C,ทวีปอเมริกาเหนือ,0.0,0.0
2023-06,2023,6,2,465,SC,เซเชลส์,1E,ทวีปแอฟริกา,8155.0,81.0
2023-06,2023,6,2,278,BT,ภูฎาน,1A,ทวีปเอเชีย,0.0,0.0
2023-06,2023,6,2,287,CY,ไซปรัส,1A,ทวีปเอเชีย,0.0,0.0
2023-06,2023,6,2,381,CR,คอสตาริกา,1C,ทวีปอเมริกาเหนือ,0.0,0.0
2023-06,2023,6,2,432,CM,แคเมอรูน,1E,ทวีปแอฟริกา,0.0,0.0
2023-06,2023,6,2,361,LI,ลิกเตนสไตน์,1B,ทวีปยุโรป,0.0,0.0
2023-06,2023,6,2,526,WF,หมู่เกาะวาลลิสและฟุตูนา,1F,ทวีปออสเตรเลีย,1495.0,30.0
2023-07,2023,7,3,373,US,สหรัฐอเมริกา,1C,ทวีปอเมริกาเหนือ,1713870850.0,8939164.0
2023-07,2023,7,3,304,JP,ญี่ปุ่น,1A,ทวีปเอเชีย,1011115608.0,10042548.0
2023-07,2023,7,3,271,MY,มาเลเซีย,1A,ทวีปเอเชีย,384824579.0,7360216.0
2023-07,2023,7,3,483,AU,ออสเตรเลีย,1F,ทวีปออสเตรเลีย,423428767.0,4389848.0
2023-07,2023,7,3,323,IT,อิตาลี,1B,ทวีปยุโรป,323643602.0,1981012.0
2023-07,2023,7,3,272,PH,ฟิลิปปินส์,1A,ทวีปเอเชีย,324109612.0,6790712.0
2023-07,2023,7,3,309,TW,ไต้หวัน,1A,ทวีปเอเชีย,260502722.0,3236375.0
2023-07,2023,7,3,279,IN,อินเดีย,1A,ทวีปเอเชีย,259050417.0,3626102.0
2023-07,2023,7,3,267,ID,อินโดนีเซีย,1A,ทวีปเอเชีย,179319917.0,2579946.0
2023-07,2023,7,3,320,GB,สหราชอาณาจักร,1B,ทวีปยุโรป,208928941.0,1300224.0
2023-07,2023,7,3,315,DE,เยอรมนี,1B,ทวีปยุโรป,125087024.0,660426.0
2023-07,2023,7,3,371,CA,แคนาดา,1C,ทวีปอเมริกาเหนือ,104734077.0,437292.0
2023-07,2023,7,3,302,CN,จีน,1A,ทวีปเอเชีย,143158334.0,806608.0
2023-07,2023,7,3,306,KR,เกาหลีใต้,1A,ทวีปเอเชีย,71736253.0,572185.0
2023-07,2023,7,3,274,VN,เวียดนาม,1A,ทวีปเอเชีย,49878608.0,949934.0
2023-07,2023,7,3,497,NZ,นิวซีแลนด์,1F,ทวีปออสเตรเลีย,86543486.0,1338450.0
2023-07,2023,7,3,303,HK,ฮ่องกง,1A,ทวีปเอเชีย,58178247.0,484000.0
2023-07,2023,7,3,313,BE,เบลเยียม,1B,ทวีปยุโรป,61626642.0,327670.0
2023-07,2023,7,3,285,AE,สหรัฐอาหรับเอมิเรตส์,1A,ทวีปเอเชีย,54951893.0,784064.0
2023-07,2023,7,3,273,SG,สิงคโปร์,1A,ทวีปเอเชีย,57517227.0,465438.0
2023-07,2023,7,3,319,FR,ฝรั่งเศส,1B,ทวีปยุโรป,29724942.0,129300.0
2023-07,2023,7,3,345,RU,รัสเซีย,1B,ทวีปยุโรป,27391270.0,155446.0
2023-07,2023,7,3,270,MM,เมียนมา,1A,ทวีปเอเชีย,26349967.0,575050.0
2023-07,2023,7,3,296,SA,ซาอุดีอาระเบีย,1A,ทวีปเอเชีย,31068670.0,325369.0
2023-07,2023,7,3,410,CL,ชิลี,1D,ทวีปอเมริกาใต้,39104432.0,68489.0
2023-07,2023,7,3,325,NL,เนเธอร์แลนด์,1B,ทวีปยุโรป,13455238.0,69349.0
2023-07,2023,7,3,266,BN,บรูไน,1A,ทวีปเอเชีย,20842291.0,377919.0
2023-07,2023,7,3,288,IL,อิสราเอล,1A,ทวีปเอเชีย,6356058.0,19735.0
2023-07,2023,7,3,268,KH,กัมพูชา,1A,ทวีปเอเชีย,6950212.0,124692.0
2023-07,2023,7,3,327,SE,สวีเดน,1B,ทวีปยุโรป,9339975.0,50706.0
2023-07,2023,7,3,409,BR,บราซิล,1D,ทวีปอเมริกาใต้,16338895.0,45685.0
2023-07,2023,7,3,269,LA,สปป. ลาว,1A,ทวีปเอเชีย,5931470.0,103053.0
2023-07,2023,7,3,292,KW,คูเวต,1A,ทวีปเอเชีย,5349601.0,47768.0
2023-07,2023,7,3,298,TR,ตุรกี,1A,ทวีปเอเชีย,5601511.0,26245.0
2023-07,2023,7,3,411,CO,โคลอมเบีย,1D,ทวีปอเมริกาใต้,14064568.0,27651.0
2023-07,2023,7,3,456,MU,มอริเชียส,1E,ทวีปแอฟริกา,6079834.0,95434.0
2023-07,2023,7,3,318,FI,ฟินแลนด์,1B,ทวีปยุโรป,8448586.0,58922.0
2023-07,2023,7,3,478,ZA,แอฟริกาใต้,1E,ทวีปแอฟริกา,6644331.0,58770.0
2023-07,2023,7,3,372,MX,เม็กซิโก,1C,ทวีปอเมริกาเหนือ,5300572.0,9155.0
2023-07,2023,7,3,283,PK,ปากีสถาน,1A,ทวีปเอเชีย,0.0,0.0
2023-07,2023,7,3,356,CH,สวิตเซอร์แลนด์,1B,ทวีปยุโรป,6678135.0,35820.0
2023-07,2023,7,3,365,MT,มอลตา,1B,ทวีปยุโรป,2621055.0,29855.0
2023-07,2023,7,3,343,PL,โปแลนด์,1B,ทวีปยุโรป,1193105.0,3685.0
2023-07,2023,7,3,351,UA,ยูเครน,1B,ทวีปยุโรป,3322292.0,12672.0
2023-07,2023,7,3,280,LK,ศรีลังกา,1A,ทวีปเอเชีย,996617.0,19060.0
2023-07,2023,7,3,286,BH,บาห์เรน,1A,ทวีปเอเชีย,3302678.0,64321.0
2023-07,2023,7,3,312,AT,ออสเตรีย,1B,ทวีปยุโรป,3347751.0,10223.0
2023-07,2023,7,3,277,BD,บังกลาเทศ,1A,ทวีปเอเชีย,3818201.0,29292.0
2023-07,2023,7,3,317,ES,สเปน,1B,ทวีปยุโรป,6164997.0,46898.0
2023-07,2023,7,3,295,QA,กาตาร์,1A,ทวีปเอเชีย,2055942.0,26067.0
2023-07,2023,7,3,316,DK,เดนมาร์ก,1B,ทวีปยุโรป,3399454.0,18354.0
2023-07,2023,7,3,417,PE,เปรู,1D,ทวีปอเมริกาใต้,3299955.0,11668.0
2023-07,2023,7,3,276,AF,อัฟกานิสถาน,1A,ทวีปเอเชีย,0.0,0.0
2023-07,2023,7,3,362,LT,ลิทัวเนีย,1B,ทวีปยุโรป,0.0,0.0
2023-07,2023,7,3,376,AN,เนเธอร์แลนด์แอนทิลลีส,1C,ทวีปอเมริกาเหนือ,1603106.0,6720.0
2023-07,2023,7,3,294,OM,โอมาน,1A,ทวีปเอเชีย,1815904.0,20480.0
2023-07,2023,7,3,321,GR,กรีซ,1B,ทวีปยุโรป,0.0,0.0
2023-07,2023,7,3,341,KZ,คาซัคสถาน,1A,ทวีปเอเชีย,0.0,0.0
2023-07,2023,7,3,476,TZ,แทนซาเนีย,1E,ทวีปแอฟริกา,1022523.0,23348.0
2023-07,2023,7,3,282,NP,เนปาล,1A,ทวีปเอเชีย,382993.0,5929.0
2023-07,2023,7,3,336,CZ,สาธารณรัฐเช็ก,1B,ทวีปยุโรป,0.0,0.0
2023-07,2023,7,3,289,IQ,อิรัก,1A,ทวีปเอเชีย,598558.0,9775.0
2023-07,2023,7,3,281,MV,มัลดีฟส์,1A,ทวีปเอเชีย,12000.0,80.0
2023-07,2023,7,3,498,PF,เฟรนช์โปลีนีเซีย,1F,ทวีปออสเตรเลีย,625330.0,12807.0
2023-07,2023,7,3,447,KE,เคนยา,1E,ทวีปแอฟริกา,0.0,0.0
2023-07,2023,7,3,398,PR,เปอร์โตริโก,1C,ทวีปอเมริกาเหนือ,2096483.0,24399.0
2023-07,2023,7,3,407,AR,อาร์เจนตินา,1D,ทวีปอเมริกาใต้,0.0,0.0
2023-07,2023,7,3,293,LB,เลบานอน,1A,ทวีปเอเชีย,0.0,0.0
2023-07,2023,7,3,493,NC,นิวแคลีโดเนีย,1F,ทวีปออสเตรเลีย,808304.0,18531.0
2023-07,2023,7,3,352,UZ,อุซเบกิสถาน,1A,ทวีปเอเชีย,0.0,0.0
2023-07,2023,7,3,326,PT,โปรตุเกส,1B,ทวีปยุโรป,0.0,0.0
2023-07,2023,7,3,422,VE,เวเนซุเอลา,1D,ทวีปอเมริกาใต้,0.0,0.0
2023-07,2023,7,3,397,PA,ปานามา,1C,ทวีปอเมริกาเหนือ,469653.0,1371.0
2023-07,2023,7,3,344,RO,โรมาเนีย,1B,ทวีปยุโรป,0.0,0.0
2023-07,2023,7,3,291,JO,จอร์แดน,1A,ทวีปเอเชีย,0.0,0.0
2023-07,2023,7,3,452,MA,โมร็อกโก,1E,ทวีปแอฟริกา,0.0,0.0
2023-07,2023,7,3,451,LY,ลิเบีย,1E,ทวีปแอฟริกา,0.0,0.0
2023-07,2023,7,3,363,LV,ลัตเวีย,1B,ทวีปยุโรป,0.0,0.0
2023-07,2023,7,3,388,GT,กัวเตมาลา,1C,ทวีปอเมริกาเหนือ,0.0,0.0
2023-07,2023,7,3,337,GE,จอร์เจีย,1A,ทวีปเอเชีย,0.0,0.0
2023-07,2023,7,3,465,SC,เซเชลส์,1E,ทวีปแอฟริกา,0.0,0.0
2023-07,2023,7,3,278,BT,ภูฎาน,1A,ทวีปเอเชีย,0.0,0.0
2023-07,2023,7,3,287,CY,ไซปรัส,1A,ทวีปเอเชีย,0.0,0.0
2023-07,2023,7,3,381,CR,คอสตาริกา,1C,ทวีปอเมริกาเหนือ,0.0,0.0
2023-07,2023,7,3,432,CM,แคเมอรูน,1E,ทวีปแอฟริกา,0.0,0.0
2023-07,2023,7,3,361,LI,ลิกเตนสไตน์,1B,ทวีปยุโรป,0.0,0.0
2023-07,2023,7,3,526,WF,หมู่เกาะวาลลิสและฟุตูนา,1F,ทวีปออสเตรเลีย,0.0,0.0
2023-08,2023,8,3,373,US,สหรัฐอเมริกา,1C,ทวีปอเมริกาเหนือ,1843410031.0,9561832.0
2023-08,2023,8,3,304,JP,ญี่ปุ่น,1A,ทวีปเอเชีย,1035198313.0,10710158.0
2023-08,2023,8,3,271,MY,มาเลเซีย,1A,ทวีปเอเชีย,341457578.0,6702721.0
2023-08,2023,8,3,483,AU,ออสเตรเลีย,1F,ทวีปออสเตรเลีย,346516339.0,3426959.0
2023-08,2023,8,3,323,IT,อิตาลี,1B,ทวีปยุโรป,333575690.0,1981282.0
2023-08,2023,8,3,272,PH,ฟิลิปปินส์,1A,ทวีปเอเชีย,356576663.0,8118309.0
2023-08,2023,8,3,309,TW,ไต้หวัน,1A,ทวีปเอเชีย,222409942.0,2695895.0
2023-08,2023,8,3,279,IN,อินเดีย,1A,ทวีปเอเชีย,174277166.0,2750131.0
2023-08,2023,8,3,267,ID,อินโดนีเซีย,1A,ทวีปเอเชีย,137649153.0,1949775.0
2023-08,2023,8,3,320,GB,สหราชอาณาจักร,1B,ทวีปยุโรป,205833537.0,1285403.0
2023-08,2023,8,3,315,DE,เยอรมนี,1B,ทวีปยุโรป,201627922.0,1188413.0
2023-08,2023,8,3,302,CN,จีน,1A,ทวีปเอเชีย,166642601.0,918435.0
2023-08,2023,8,3,371,CA,แคนาดา,1C,ทวีปอเมริกาเหนือ,149816373.0,786417.0
2023-08,2023,8,3,306,KR,เกาหลีใต้,1A,ทวีปเอเชีย,97966830.0,778747.0
2023-08,2023,8,3,274,VN,เวียดนาม,1A,ทวีปเอเชีย,84653638.0,1580947.0
2023-08,2023,8,3,497,NZ,นิวซีแลนด์,1F,ทวีปออสเตรเลีย,88300764.0,1394458.0
2023-08,2023,8,3,303,HK,ฮ่องกง,1A,ทวีปเอเชีย,63584271.0,485984.0
2023-08,2023,8,3,285,AE,สหรัฐอาหรับเอมิเรตส์,1A,ทวีปเอเชีย,54862877.0,683628.0
2023-08,2023,8,3,313,BE,เบลเยียม,1B,ทวีปยุโรป,42834204.0,242155.0
2023-08,2023,8,3,273,SG,สิงคโปร์,1A,ทวีปเอเชีย,49701018.0,426338.0
2023-08,2023,8,3,345,RU,รัสเซีย,1B,ทวีปยุโรป,77942149.0,457568.0
2023-08,2023,8,3,319,FR,ฝรั่งเศส,1B,ทวีปยุโรป,30337960.0,129577.0
2023-08,2023,8,3,296,SA,ซาอุดีอาระเบีย,1A,ทวีปเอเชีย,32855554.0,316888.0
2023-08,2023,8,3,270,MM,เมียนมา,1A,ทวีปเอเชีย,25738550.0,507471.0
2023-08,2023,8,3,410,CL,ชิลี,1D,ทวีปอเมริกาใต้,35881670.0,70586.0
2023-08,2023,8,3,325,NL,เนเธอร์แลนด์,1B,ทวีปยุโรป,30990620.0,184033.0
2023-08,2023,8,3,266,BN,บรูไน,1A,ทวีปเอเชีย,17521673.0,348858.0
2023-08,2023,8,3,288,IL,อิสราเอล,1A,ทวีปเอเชีย,7430774.0,102218.0
2023-08,2023,8,3,409,BR,บราซิล,1D,ทวีปอเมริกาใต้,16080448.0,45688.0
2023-08,2023,8,3,268,KH,กัมพูชา,1A,ทวีปเอเชีย,10048199.0,156107.0
2023-08,2023,8,3,327,SE,สวีเดน,1B,ทวีปยุโรป,10283052.0,60447.0
2023-08,2023,8,3,292,KW,คูเวต,1A,ทวีปเอเชีย,8809403.0,87005.0
2023-08,2023,8,3,411,CO,โคลอมเบีย,1D,ทวีปอเมริกาใต้,11623009.0,31015.0
2023-08,2023,8,3,269,LA,สปป. ลาว,1A,ทวีปเอเชีย,6112532.0,109399.0
2023-08,2023,8,3,298,TR,ตุรกี,1A,ทวีปเอเชีย,1303750.0,10539.0
2023-08,2023,8,3,456,MU,มอริเชียส,1E,ทวีปแอฟริกา,4221583.0,72246.0
2023-08,2023,8,3,478,ZA,แอฟริกาใต้,1E,ทวีปแอฟริกา,8608689.0,102704.0
2023-08,2023,8,3,318,FI,ฟินแลนด์,1B,ทวีปยุโรป,4370616.0,23923.0
2023-08,2023,8,3,356,CH,สวิตเซอร์แลนด์,1B,ทวีปยุโรป,7592756.0,31342.0
2023-08,2023,8,3,283,PK,ปากีสถาน,1A,ทวีปเอเชีย,3756467.0,43122.0
2023-08,2023,8,3,372,MX,เม็กซิโก,1C,ทวีปอเมริกาเหนือ,1877428.0,4278.0
2023-08,2023,8,3,343,PL,โปแลนด์,1B,ทวีปยุโรป,5588042.0,29129.0
2023-08,2023,8,3,365,MT,มอลตา,1B,ทวีปยุโรป,4532944.0,25913.0
2023-08,2023,8,3,286,BH,บาห์เรน,1A,ทวีปเอเชีย,3074867.0,38677.0
2023-08,2023,8,3,277,BD,บังกลาเทศ,1A,ทวีปเอเชีย,2858393.0,58643.0
2023-08,2023,8,3,351,UA,ยูเครน,1B,ทวีปยุโรป,0.0,0.0
2023-08,2023,8,3,280,LK,ศรีลังกา,1A,ทวีปเอเชีย,118160.0,1702.0
2023-08,2023,8,3,316,DK,เดนมาร์ก,1B,ทวีปยุโรป,3121137.0,13490.0
2023-08,2023,8,3,312,AT,ออสเตรีย,1B,ทวีปยุโรป,0.0,0.0
2023-08,2023,8,3,317,ES,สเปน,1B,ทวีปยุโรป,0.0,0.0
2023-08,2023,8,3,276,AF,อัฟกานิสถาน,1A,ทวีปเอเชีย,5508930.0,79757.0
2023-08,2023,8,3,417,PE,เปรู,1D,ทวีปอเมริกาใต้,2445570.0,4094.0
2023-08,2023,8,3,295,QA,กาตาร์,1A,ทวีปเอเชีย,0.0,0.0
2023-08,2023,8,3,321,GR,กรีซ,1B,ทวีปยุโรป,5228475.0,16935.0
2023-08,2023,8,3,341,KZ,คาซัคสถาน,1A,ทวีปเอเชีย,2925643.0,18341.0
2023-08,2023,8,3,376,AN,เนเธอร์แลนด์แอนทิลลีส,1C,ทวีปอเมริกาเหนือ,1570459.0,6720.0
2023-08,2023,8,3,294,OM,โอมาน,1A,ทวีปเอเชีย,653892.0,7342.0
2023-08,2023,8,3,362,LT,ลิทัวเนีย,1B,ทวีปยุโรป,0.0,0.0
2023-08,2023,8,3,336,CZ,สาธารณรัฐเช็ก,1B,ทวีปยุโรป,2011256.0,10106.0
2023-08,2023,8,3,476,TZ,แทนซาเนีย,1E,ทวีปแอฟริกา,0.0,0.0
2023-08,2023,8,3,281,MV,มัลดีฟส์,1A,ทวีปเอเชีย,1044537.0,9706.0
2023-08,2023,8,3,282,NP,เนปาล,1A,ทวีปเอเชีย,250913.0,6152.0
2023-08,2023,8,3,498,PF,เฟรนช์โปลีนีเซีย,1F,ทวีปออสเตรเลีย,657059.0,14214.0
2023-08,2023,8,3,493,NC,นิวแคลีโดเนีย,1F,ทวีปออสเตรเลีย,807668.0,19250.0
2023-08,2023,8,3,293,LB,เลบานอน,1A,ทวีปเอเชีย,621369.0,11593.0
2023-08,2023,8,3,289,IQ,อิรัก,1A,ทวีปเอเชีย,0.0,0.0
2023-08,2023,8,3,447,KE,เคนยา,1E,ทวีปแอฟริกา,326370.0,7072.0
2023-08,2023,8,3,398,PR,เปอร์โตริโก,1C,ทวีปอเมริกาเหนือ,0.0,0.0
2023-08,2023,8,3,407,AR,อาร์เจนตินา,1D,ทวีปอเมริกาใต้,0.0,0.0
2023-08,2023,8,3,352,UZ,อุซเบกิสถาน,1A,ทวีปเอเชีย,0.0,0.0
2023-08,2023,8,3,326,PT,โปรตุเกส,1B,ทวีปยุโรป,0.0,0.0
2023-08,2023,8,3,422,VE,เวเนซุเอลา,1D,ทวีปอเมริกาใต้,0.0,0.0
2023-08,2023,8,3,397,PA,ปานามา,1C,ทวีปอเมริกาเหนือ,0.0,0.0
2023-08,2023,8,3,344,RO,โรมาเนีย,1B,ทวีปยุโรป,0.0,0.0
2023-08,2023,8,3,291,JO,จอร์แดน,1A,ทวีปเอเชีย,0.0,0.0
2023-08,2023,8,3,452,MA,โมร็อกโก,1E,ทวีปแอฟริกา,0.0,0.0
2023-08,2023,8,3,451,LY,ลิเบีย,1E,ทวีปแอฟริกา,0.0,0.0
2023-08,2023,8,3,363,LV,ลัตเวีย,1B,ทวีปยุโรป,0.0,0.0
2023-08,2023,8,3,388,GT,กัวเตมาลา,1C,ทวีปอเมริกาเหนือ,0.0,0.0
2023-08,2023,8,3,337,GE,จอร์เจีย,1A,ทวีปเอเชีย,0.0,0.0
2023-08,2023,8,3,278,BT,ภูฎาน,1A,ทวีปเอเชีย,80712.0,546.0
2023-08,2023,8,3,465,SC,เซเชลส์,1E,ทวีปแอฟริกา,19500.0,94.0
2023-08,2023,8,3,287,CY,ไซปรัส,1A,ทวีปเอเชีย,0.0,0.0
2023-08,2023,8,3,381,CR,คอสตาริกา,1C,ทวีปอเมริกาเหนือ,0.0,0.0
2023-08,2023,8,3,432,CM,แคเมอรูน,1E,ทวีปแอฟริกา,0.0,0.0
2023-08,2023,8,3,361,LI,ลิกเตนสไตน์,1B,ทวีปยุโรป,0.0,0.0
2023-08,2023,8,3,526,WF,หมู่เกาะวาลลิสและฟุตูนา,1F,ทวีปออสเตรเลีย,0.0,0.0
2023-09,2023,9,3,373,US,สหรัฐอเมริกา,1C,ทวีปอเมริกาเหนือ,1758257513.0,8941759.0
2023-09,2023,9,3,304,JP,ญี่ปุ่น,1A,ทวีปเอเชีย,1063294401.0,10316471.0
2023-09,2023,9,3,271,MY,มาเลเซีย,1A,ทวีปเอเชีย,336122776.0,6159246.0
2023-09,2023,9,3,323,IT,อิตาลี,1B,ทวีปยุโรป,521931354.0,2956092.0
2023-09,2023,9,3,483,AU,ออสเตรเลีย,1F,ทวีปออสเตรเลีย,310870288.0,3237803.0
2023-09,2023,9,3,272,PH,ฟิลิปปินส์,1A,ทวีปเอเชีย,295965395.0,5951537.0
2023-09,2023,9,3,309,TW,ไต้หวัน,1A,ทวีปเอเชีย,235641290.0,2471177.0
2023-09,2023,9,3,279,IN,อินเดีย,1A,ทวีปเอเชีย,190010889.0,2913325.0
2023-09,2023,9,3,267,ID,อินโดนีเซีย,1A,ทวีปเอเชีย,220458956.0,3622933.0
2023-09,2023,9,3,320,GB,สหราชอาณาจักร,1B,ทวีปยุโรป,211891427.0,1231308.0
2023-09,2023,9,3,315,DE,เยอรมนี,1B,ทวีปยุโรป,259578658.0,1501297.0
2023-09,2023,9,3,371,CA,แคนาดา,1C,ทวีปอเมริกาเหนือ,143456804.0,705079.0
2023-09,2023,9,3,302,CN,จีน,1A,ทวีปเอเชีย,99906330.0,520537.0
2023-09,2023,9,3,306,KR,เกาหลีใต้,1A,ทวีปเอเชีย,88877775.0,640940.0
2023-09,2023,9,3,274,VN,เวียดนาม,1A,ทวีปเอเชีย,68386362.0,1242641.0
2023-09,2023,9,3,497,NZ,นิวซีแลนด์,1F,ทวีปออสเตรเลีย,63894923.0,860695.0
2023-09,2023,9,3,303,HK,ฮ่องกง,1A,ทวีปเอเชีย,90104977.0,584216.0
2023-09,2023,9,3,313,BE,เบลเยียม,1B,ทวีปยุโรป,58782135.0,323123.0
2023-09,2023,9,3,285,AE,สหรัฐอาหรับเอมิเรตส์,1A,ทวีปเอเชีย,46107552.0,600878.0
2023-09,2023,9,3,273,SG,สิงคโปร์,1A,ทวีปเอเชีย,43865284.0,342132.0
2023-09,2023,9,3,345,RU,รัสเซีย,1B,ทวีปยุโรป,35657500.0,209418.0
2023-09,2023,9,3,319,FR,ฝรั่งเศส,1B,ทวีปยุโรป,54592536.0,243345.0
2023-09,2023,9,3,270,MM,เมียนมา,1A,ทวีปเอเชีย,38305918.0,791666.0
2023-09,2023,9,3,296,SA,ซาอุดีอาระเบีย,1A,ทวีปเอเชีย,22248398.0,256066.0
2023-09,2023,9,3,410,CL,ชิลี,1D,ทวีปอเมริกาใต้,38357315.0,66212.0
2023-09,2023,9,3,325,NL,เนเธอร์แลนด์,1B,ทวีปยุโรป,26475939.0,158792.0
2023-09,2023,9,3,266,BN,บรูไน,1A,ทวีปเอเชีย,8963776.0,156658.0
2023-09,2023,9,3,409,BR,บราซิล,1D,ทวีปอเมริกาใต้,19810800.0,54822.0
2023-09,2023,9,3,288,IL,อิสราเอล,1A,ทวีปเอเชีย,12612373.0,93132.0
2023-09,2023,9,3,268,KH,กัมพูชา,1A,ทวีปเอเชีย,9152026.0,156900.0
2023-09,2023,9,3,327,SE,สวีเดน,1B,ทวีปยุโรป,7636841.0,41222.0
2023-09,2023,9,3,292,KW,คูเวต,1A,ทวีปเอเชีย,10439048.0,62187.0
2023-09,2023,9,3,411,CO,โคลอมเบีย,1D,ทวีปอเมริกาใต้,8714090.0,14096.0
2023-09,2023,9,3,269,LA,สปป. ลาว,1A,ทวีปเอเชีย,4505194.0,85103.0
2023-09,2023,9,3,298,TR,ตุรกี,1A,ทวีปเอเชีย,11116750.0,49213.0
2023-09,2023,9,3,372,MX,เม็กซิโก,1C,ทวีปอเมริกาเหนือ,18006085.0,31771.0
2023-09,2023,9,3,456,MU,มอริเชียส,1E,ทวีปแอฟริกา,7179585.0,101832.0
2023-09,2023,9,3,478,ZA,แอฟริกาใต้,1E,ทวีปแอฟริกา,4955308.0,81840.0
2023-09,2023,9,3,318,FI,ฟินแลนด์,1B,ทวีปยุโรป,5496831.0,38810.0
2023-09,2023,9,3,356,CH,สวิตเซอร์แลนด์,1B,ทวีปยุโรป,4222902.0,26886.0
2023-09,2023,9,3,283,PK,ปากีสถาน,1A,ทวีปเอเชีย,809614.0,7219.0
2023-09,2023,9,3,365,MT,มอลตา,1B,ทวีปยุโรป,1845787.0,13218.0
2023-09,2023,9,3,286,BH,บาห์เรน,1A,ทวีปเอเชีย,5617327.0,52094.0
2023-09,2023,9,3,343,PL,โปแลนด์,1B,ทวีปยุโรป,462.0,0.0
2023-09,2023,9,3,277,BD,บังกลาเทศ,1A,ทวีปเอเชีย,4449753.0,58113.0
2023-09,2023,9,3,417,PE,เปรู,1D,ทวีปอเมริกาใต้,6682224.0,11070.0
2023-09,2023,9,3,280,LK,ศรีลังกา,1A,ทวีปเอเชีย,2039688.0,35270.0
2023-09,2023,9,3,316,DK,เดนมาร์ก,1B,ทวีปยุโรป,2995937.0,19193.0
2023-09,2023,9,3,351,UA,ยูเครน,1B,ทวีปยุโรป,0.0,0.0
2023-09,2023,9,3,312,AT,ออสเตรีย,1B,ทวีปยุโรป,1196132.0,6720.0
2023-09,2023,9,3,295,QA,กาตาร์,1A,ทวีปเอเชีย,2869491.0,43554.0
2023-09,2023,9,3,317,ES,สเปน,1B,ทวีปยุโรป,1018126.0,3216.0
2023-09,2023,9,3,276,AF,อัฟกานิสถาน,1A,ทวีปเอเชีย,0.0,0.0
2023-09,2023,9,3,289,IQ,อิรัก,1A,ทวีปเอเชีย,8993004.0,40484.0
2023-09,2023,9,3,321,GR,กรีซ,1B,ทวีปยุโรป,1580994.0,12325.0
2023-09,2023,9,3,362,LT,ลิทัวเนีย,1B,ทวีปยุโรป,6194038.0,30813.0
2023-09,2023,9,3,341,KZ,คาซัคสถาน,1A,ทวีปเอเชีย,0.0,0.0
2023-09,2023,9,3,376,AN,เนเธอร์แลนด์แอนทิลลีส,1C,ทวีปอเมริกาเหนือ,0.0,0.0
2023-09,2023,9,3,294,OM,โอมาน,1A,ทวีปเอเชีย,752564.0,8501.0
2023-09,2023,9,3,336,CZ,สาธารณรัฐเช็ก,1B,ทวีปยุโรป,337613.0,1826.0
2023-09,2023,9,3,476,TZ,แทนซาเนีย,1E,ทวีปแอฟริกา,1044950.0,23843.0
2023-09,2023,9,3,407,AR,อาร์เจนตินา,1D,ทวีปอเมริกาใต้,2374942.0,6861.0
2023-09,2023,9,3,281,MV,มัลดีฟส์,1A,ทวีปเอเชีย,209.0,0.0
2023-09,2023,9,3,451,LY,ลิเบีย,1E,ทวีปแอฟริกา,2403368.0,21429.0
2023-09,2023,9,3,282,NP,เนปาล,1A,ทวีปเอเชีย,83126.0,453.0
2023-09,2023,9,3,498,PF,เฟรนช์โปลีนีเซีย,1F,ทวีปออสเตรเลีย,0.0,0.0
2023-09,2023,9,3,493,NC,นิวแคลีโดเนีย,1F,ทวีปออสเตรเลีย,0.0,0.0
2023-09,2023,9,3,398,PR,เปอร์โตริโก,1C,ทวีปอเมริกาเหนือ,565244.0,15750.0
2023-09,2023,9,3,293,LB,เลบานอน,1A,ทวีปเอเชีย,0.0,0.0
2023-09,2023,9,3,447,KE,เคนยา,1E,ทวีปแอฟริกา,0.0,0.0
2023-09,2023,9,3,397,PA,ปานามา,1C,ทวีปอเมริกาเหนือ,1072606.0,3093.0
2023-09,2023,9,3,352,UZ,อุซเบกิสถาน,1A,ทวีปเอเชีย,0.0,0.0
2023-09,2023,9,3,291,JO,จอร์แดน,1A,ทวีปเอเชีย,716864.0,6767.0
2023-09,2023,9,3,326,PT,โปรตุเกส,1B,ทวีปยุโรป,0.0,0.0
2023-09,2023,9,3,388,GT,กัวเตมาลา,1C,ทวีปอเมริกาเหนือ,1017563.0,2654.0
2023-09,2023,9,3,422,VE,เวเนซุเอลา,1D,ทวีปอเมริกาใต้,0.0,0.0
2023-09,2023,9,3,344,RO,โรมาเนีย,1B,ทวีปยุโรป,0.0,0.0
2023-09,2023,9,3,452,MA,โมร็อกโก,1E,ทวีปแอฟริกา,0.0,0.0
2023-09,2023,9,3,363,LV,ลัตเวีย,1B,ทวีปยุโรป,0.0,0.0
2023-09,2023,9,3,377,BB,บาร์เบโดส,1C,ทวีปอเมริกาเหนือ,863511.0,12289.0
2023-09,2023,9,3,337,GE,จอร์เจีย,1A,ทวีปเอเชีย,0.0,0.0
2023-09,2023,9,3,381,CR,คอสตาริกา,1C,ทวีปอเมริกาเหนือ,503299.0,1460.0
2023-09,2023,9,3,465,SC,เซเชลส์,1E,ทวีปแอฟริกา,13500.0,118.0
2023-09,2023,9,3,278,BT,ภูฎาน,1A,ทวีปเอเชีย,0.0,0.0
2023-09,2023,9,3,287,CY,ไซปรัส,1A,ทวีปเอเชีย,0.0,0.0
2023-09,2023,9,3,461,NG,ไนจีเรีย,1E,ทวีปแอฟริกา,8600.0,240.0
2023-09,2023,9,3,432,CM,แคเมอรูน,1E,ทวีปแอฟริกา,0.0,0.0
2023-09,2023,9,3,361,LI,ลิกเตนสไตน์,1B,ทวีปยุโรป,0.0,0.0
2023-09,2023,9,3,526,WF,หมู่เกาะวาลลิสและฟุตูนา,1F,ทวีปออสเตรเลีย,0.0,0.0
2023-10,2023,10,4,373,US,สหรัฐอเมริกา,1C,ทวีปอเมริกาเหนือ,2176980690.0,10626325.0
2023-10,2023,10,4,304,JP,ญี่ปุ่น,1A,ทวีปเอเชีย,1095007178.0,10527665.0
2023-10,2023,10,4,271,MY,มาเลเซีย,1A,ทวีปเอเชีย,390792023.0,7413018.0
2023-10,2023,10,4,323,IT,อิตาลี,1B,ทวีปยุโรป,399070943.0,2228198.0
2023-10,2023,10,4,483,AU,ออสเตรเลีย,1F,ทวีปออสเตรเลีย,339101646.0,3552367.0
2023-10,2023,10,4,272,PH,ฟิลิปปินส์,1A,ทวีปเอเชีย,298931795.0,6279822.0
2023-10,2023,10,4,309,TW,ไต้หวัน,1A,ทวีปเอเชีย,277075360.0,2781226.0
2023-10,2023,10,4,279,IN,อินเดีย,1A,ทวีปเอเชีย,156816415.0,2423047.0
2023-10,2023,10,4,267,ID,อินโดนีเซีย,1A,ทวีปเอเชีย,204630141.0,3239009.0
2023-10,2023,10,4,320,GB,สหราชอาณาจักร,1B,ทวีปยุโรป,253709696.0,1395430.0
2023-10,2023,10,4,315,DE,เยอรมนี,1B,ทวีปยุโรป,298093914.0,1681176.0
2023-10,2023,10,4,371,CA,แคนาดา,1C,ทวีปอเมริกาเหนือ,120421672.0,637595.0
2023-10,2023,10,4,302,CN,จีน,1A,ทวีปเอเชีย,144965740.0,813606.0
2023-10,2023,10,4,306,KR,เกาหลีใต้,1A,ทวีปเอเชีย,95649281.0,636102.0
2023-10,2023,10,4,274,VN,เวียดนาม,1A,ทวีปเอเชีย,91072147.0,1727775.0
2023-10,2023,10,4,497,NZ,นิวซีแลนด์,1F,ทวีปออสเตรเลีย,88089817.0,1179195.0
2023-10,2023,10,4,303,HK,ฮ่องกง,1A,ทวีปเอเชีย,54155447.0,421614.0
2023-10,2023,10,4,313,BE,เบลเยียม,1B,ทวีปยุโรป,64305363.0,335060.0
2023-10,2023,10,4,285,AE,สหรัฐอาหรับเอมิเรตส์,1A,ทวีปเอเชีย,64337337.0,682773.0
2023-10,2023,10,4,273,SG,สิงคโปร์,1A,ทวีปเอเชีย,67198082.0,531860.0
2023-10,2023,10,4,319,FR,ฝรั่งเศส,1B,ทวีปยุโรป,40666726.0,195249.0
2023-10,2023,10,4,345,RU,รัสเซีย,1B,ทวีปยุโรป,24704929.0,207849.0
2023-10,2023,10,4,270,MM,เมียนมา,1A,ทวีปเอเชีย,24993609.0,537077.0
2023-10,2023,10,4,296,SA,ซาอุดีอาระเบีย,1A,ทวีปเอเชีย,18591815.0,215887.0
2023-10,2023,10,4,410,CL,ชิลี,1D,ทวีปอเมริกาใต้,15808866.0,35958.0
2023-10,2023,10,4,325,NL,เนเธอร์แลนด์,1B,ทวีปยุโรป,31958408.0,155322.0
2023-10,2023,10,4,266,BN,บรูไน,1A,ทวีปเอเชีย,31372661.0,537974.0
2023-10,2023,10,4,409,BR,บราซิล,1D,ทวีปอเมริกาใต้,16888095.0,45694.0
2023-10,2023,10,4,288,IL,อิสราเอล,1A,ทวีปเอเชีย,16364905.0,129272.0
2023-10,2023,10,4,411,CO,โคลอมเบีย,1D,ทวีปอเมริกาใต้,17120474.0,33720.0
2023-10,2023,10,4,268,KH,กัมพูชา,1A,ทวีปเอเชีย,7205383.0,107146.0
2023-10,2023,10,4,327,SE,สวีเดน,1B,ทวีปยุโรป,7510711.0,31042.0
2023-10,2023,10,4,292,KW,คูเวต,1A,ทวีปเอเชีย,7905310.0,75550.0
2023-10,2023,10,4,269,LA,สปป. ลาว,1A,ทวีปเอเชีย,5474875.0,116721.0
2023-10,2023,10,4,298,TR,ตุรกี,1A,ทวีปเอเชีย,2447827.0,10547.0
2023-10,2023,10,4,456,MU,มอริเชียส,1E,ทวีปแอฟริกา,9006733.0,138189.0
2023-10,2023,10,4,478,ZA,แอฟริกาใต้,1E,ทวีปแอฟริกา,6461422.0,68170.0
2023-10,2023,10,4,318,FI,ฟินแลนด์,1B,ทวีปยุโรป,6115559.0,30953.0
2023-10,2023,10,4,372,MX,เม็กซิโก,1C,ทวีปอเมริกาเหนือ,4011.0,12.0
2023-10,2023,10,4,356,CH,สวิตเซอร์แลนด์,1B,ทวีปยุโรป,0.0,0.0
2023-10,2023,10,4,283,PK,ปากีสถาน,1A,ทวีปเอเชีย,2035075.0,17275.0
2023-10,2023,10,4,417,PE,เปรู,1D,ทวีปอเมริกาใต้,7592075.0,12538.0
2023-10,2023,10,4,365,MT,มอลตา,1B,ทวีปยุโรป,0.0,0.0
2023-10,2023,10,4,286,BH,บาห์เรน,1A,ทวีปเอเชีย,27775.0,333.0
2023-10,2023,10,4,343,PL,โปแลนด์,1B,ทวีปยุโรป,0.0,0.0
2023-10,2023,10,4,280,LK,ศรีลังกา,1A,ทวีปเอเชีย,5011297.0,90960.0
2023-10,2023,10,4,277,BD,บังกลาเทศ,1A,ทวีปเอเชีย,0.0,0.0
2023-10,2023,10,4,316,DK,เดนมาร์ก,1B,ทวีปยุโรป,0.0,0.0
2023-10,2023,10,4,317,ES,สเปน,1B,ทวีปยุโรป,3076656.0,11760.0
2023-10,2023,10,4,295,QA,กาตาร์,1A,ทวีปเอเชีย,2408074.0,19974.0
2023-10,2023,10,4,312,AT,ออสเตรีย,1B,ทวีปยุโรป,1220359.0,6720.0
2023-10,2023,10,4,351,UA,ยูเครน,1B,ทวีปยุโรป,0.0,0.0
2023-10,2023,10,4,362,LT,ลิทัวเนีย,1B,ทวีปยุโรป,3153418.0,15763.0
2023-10,2023,10,4,276,AF,อัฟกานิสถาน,1A,ทวีปเอเชีย,0.0,0.0
2023-10,2023,10,4,289,IQ,อิรัก,1A,ทวีปเอเชีย,856032.0,24000.0
2023-10,2023,10,4,321,GR,กรีซ,1B,ทวีปยุโรป,0.0,0.0
2023-10,2023,10,4,376,AN,เนเธอร์แลนด์แอนทิลลีส,1C,ทวีปอเมริกาเหนือ,1194920.0,6720.0
2023-10,2023,10,4,341,KZ,คาซัคสถาน,1A,ทวีปเอเชีย,0.0,0.0
2023-10,2023,10,4,294,OM,โอมาน,1A,ทวีปเอเชีย,108201.0,1295.0
2023-10,2023,10,4,476,TZ,แทนซาเนีย,1E,ทวีปแอฟริกา,1097217.0,23769.0
2023-10,2023,10,4,336,CZ,สาธารณรัฐเช็ก,1B,ทวีปยุโรป,0.0,0.0
2023-10,2023,10,4,407,AR,อาร์เจนตินา,1D,ทวีปอเมริกาใต้,0.0,0.0
2023-10,2023,10,4,493,NC,นิวแคลีโดเนีย,1F,ทวีปออสเตรเลีย,1563308.0,37596.0
2023-10,2023,10,4,498,PF,เฟรนช์โปลีนีเซีย,1F,ทวีปออสเตรเลีย,1266974.0,27226.0
2023-10,2023,10,4,281,MV,มัลดีฟส์,1A,ทวีปเอเชีย,6483.0,190.0
2023-10,2023,10,4,451,LY,ลิเบีย,1E,ทวีปแอฟริกา,0.0,0.0
2023-10,2023,10,4,282,NP,เนปาล,1A,ทวีปเอเชีย,0.0,0.0
2023-10,2023,10,4,397,PA,ปานามา,1C,ทวีปอเมริกาเหนือ,566234.0,1996.0
2023-10,2023,10,4,398,PR,เปอร์โตริโก,1C,ทวีปอเมริกาเหนือ,0.0,0.0
2023-10,2023,10,4,293,LB,เลบานอน,1A,ทวีปเอเชีย,0.0,0.0
2023-10,2023,10,4,447,KE,เคนยา,1E,ทวีปแอฟริกา,43748.0,134.0
2023-10,2023,10,4,352,UZ,อุซเบกิสถาน,1A,ทวีปเอเชีย,0.0,0.0
2023-10,2023,10,4,291,JO,จอร์แดน,1A,ทวีปเอเชีย,0.0,0.0
2023-10,2023,10,4,326,PT,โปรตุเกส,1B,ทวีปยุโรป,0.0,0.0
2023-10,2023,10,4,388,GT,กัวเตมาลา,1C,ทวีปอเมริกาเหนือ,0.0,0.0
2023-10,2023,10,4,422,VE,เวเนซุเอลา,1D,ทวีปอเมริกาใต้,0.0,0.0
2023-10,2023,10,4,344,RO,โรมาเนีย,1B,ทวีปยุโรป,0.0,0.0
2023-10,2023,10,4,452,MA,โมร็อกโก,1E,ทวีปแอฟริกา,0.0,0.0
2023-10,2023,10,4,363,LV,ลัตเวีย,1B,ทวีปยุโรป,0.0,0.0
2023-10,2023,10,4,377,BB,บาร์เบโดส,1C,ทวีปอเมริกาเหนือ,0.0,0.0
2023-10,2023,10,4,337,GE,จอร์เจีย,1A,ทวีปเอเชีย,0.0,0.0
2023-10,2023,10,4,381,CR,คอสตาริกา,1C,ทวีปอเมริกาเหนือ,0.0,0.0
2023-10,2023,10,4,465,SC,เซเชลส์,1E,ทวีปแอฟริกา,5000.0,1000.0
2023-10,2023,10,4,278,BT,ภูฎาน,1A,ทวีปเอเชีย,0.0,0.0
2023-10,2023,10,4,287,CY,ไซปรัส,1A,ทวีปเอเชีย,0.0,0.0
2023-10,2023,10,4,461,NG,ไนจีเรีย,1E,ทวีปแอฟริกา,0.0,0.0
2023-10,2023,10,4,432,CM,แคเมอรูน,1E,ทวีปแอฟริกา,0.0,0.0
2023-10,2023,10,4,361,LI,ลิกเตนสไตน์,1B,ทวีปยุโรป,0.0,0.0
2023-10,2023,10,4,526,WF,หมู่เกาะวาลลิสและฟุตูนา,1F,ทวีปออสเตรเลีย,0.0,0.0
2023-11,2023,11,4,373,US,สหรัฐอเมริกา,1C,ทวีปอเมริกาเหนือ,2243663342.0,10563766.0
2023-11,2023,11,4,304,JP,ญี่ปุ่น,1A,ทวีปเอเชีย,1094570125.0,10440166.0
2023-11,2023,11,4,271,MY,มาเลเซีย,1A,ทวีปเอเชีย,350830177.0,6949465.0
2023-11,2023,11,4,323,IT,อิตาลี,1B,ทวีปยุโรป,348850426.0,1861483.0
2023-11,2023,11,4,483,AU,ออสเตรเลีย,1F,ทวีปออสเตรเลีย,373450574.0,3909055.0
2023-11,2023,11,4,272,PH,ฟิลิปปินส์,1A,ทวีปเอเชีย,285432766.0,5771583.0
2023-11,2023,11,4,309,TW,ไต้หวัน,1A,ทวีปเอเชีย,257804692.0,2559958.0
2023-11,2023,11,4,267,ID,อินโดนีเซีย,1A,ทวีปเอเชีย,194060159.0,3195717.0
2023-11,2023,11,4,279,IN,อินเดีย,1A,ทวีปเอเชีย,147233594.0,2025848.0
2023-11,2023,11,4,320,GB,สหราชอาณาจักร,1B,ทวีปยุโรป,227265925.0,1463937.0
2023-11,2023,11,4,315,DE,เยอรมนี,1B,ทวีปยุโรป,280007245.0,1564067.0
2023-11,2023,11,4,371,CA,แคนาดา,1C,ทวีปอเมริกาเหนือ,149797561.0,751667.0
2023-11,2023,11,4,302,CN,จีน,1A,ทวีปเอเชีย,100571571.0,770743.0
2023-11,2023,11,4,306,KR,เกาหลีใต้,1A,ทวีปเอเชีย,96685801.0,791386.0
2023-11,2023,11,4,274,VN,เวียดนาม,1A,ทวีปเอเชีย,84680243.0,1646580.0
2023-11,2023,11,4,497,NZ,นิวซีแลนด์,1F,ทวีปออสเตรเลีย,69705606.0,903190.0
2023-11,2023,11,4,303,HK,ฮ่องกง,1A,ทวีปเอเชีย,64217926.0,472699.0
2023-11,2023,11,4,285,AE,สหรัฐอาหรับเอมิเรตส์,1A,ทวีปเอเชีย,54256740.0,689142.0
2023-11,2023,11,4,273,SG,สิงคโปร์,1A,ทวีปเอเชีย,62500499.0,443391.0
2023-11,2023,11,4,313,BE,เบลเยียม,1B,ทวีปยุโรป,21398302.0,96697.0
2023-11,2023,11,4,319,FR,ฝรั่งเศส,1B,ทวีปยุโรป,62198174.0,279484.0
2023-11,2023,11,4,345,RU,รัสเซีย,1B,ทวีปยุโรป,37101096.0,193360.0
2023-11,2023,11,4,296,SA,ซาอุดีอาระเบีย,1A,ทวีปเอเชีย,53921744.0,417396.0
2023-11,2023,11,4,270,MM,เมียนมา,1A,ทวีปเอเชีย,28676984.0,660758.0
2023-11,2023,11,4,410,CL,ชิลี,1D,ทวีปอเมริกาใต้,24009332.0,59188.0
2023-11,2023,11,4,325,NL,เนเธอร์แลนด์,1B,ทวีปยุโรป,21144892.0,109172.0
2023-11,2023,11,4,266,BN,บรูไน,1A,ทวีปเอเชีย,24834903.0,545099.0
2023-11,2023,11,4,288,IL,อิสราเอล,1A,ทวีปเอเชีย,17270315.0,177172.0
2023-11,2023,11,4,409,BR,บราซิล,1D,ทวีปอเมริกาใต้,10249655.0,27417.0
2023-11,2023,11,4,411,CO,โคลอมเบีย,1D,ทวีปอเมริกาใต้,18746357.0,39140.0
2023-11,2023,11,4,327,SE,สวีเดน,1B,ทวีปยุโรป,9877559.0,41580.0
2023-11,2023,11,4,268,KH,กัมพูชา,1A,ทวีปเอเชีย,5221644.0,89191.0
2023-11,2023,11,4,292,KW,คูเวต,1A,ทวีปเอเชีย,10925861.0,90027.0
2023-11,2023,11,4,269,LA,สปป. ลาว,1A,ทวีปเอเชีย,5744276.0,105527.0
2023-11,2023,11,4,298,TR,ตุรกี,1A,ทวีปเอเชีย,4026837.0,16586.0
2023-11,2023,11,4,456,MU,มอริเชียส,1E,ทวีปแอฟริกา,7267303.0,123147.0
2023-11,2023,11,4,318,FI,ฟินแลนด์,1B,ทวีปยุโรป,3933916.0,27331.0
2023-11,2023,11,4,478,ZA,แอฟริกาใต้,1E,ทวีปแอฟริกา,1704147.0,30012.0
2023-11,2023,11,4,372,MX,เม็กซิโก,1C,ทวีปอเมริกาเหนือ,1727117.0,3052.0
2023-11,2023,11,4,356,CH,สวิตเซอร์แลนด์,1B,ทวีปยุโรป,3550739.0,14646.0
2023-11,2023,11,4,283,PK,ปากีสถาน,1A,ทวีปเอเชีย,4528755.0,38413.0
2023-11,2023,11,4,365,MT,มอลตา,1B,ทวีปยุโรป,3969780.0,18395.0
2023-11,2023,11,4,286,BH,บาห์เรน,1A,ทวีปเอเชีย,4636666.0,81205.0
2023-11,2023,11,4,417,PE,เปรู,1D,ทวีปอเมริกาใต้,0.0,0.0
2023-11,2023,11,4,277,BD,บังกลาเทศ,1A,ทวีปเอเชีย,4852047.0,88188.0
2023-11,2023,11,4,280,LK,ศรีลังกา,1A,ทวีปเอเชีย,2615310.0,48357.0
2023-11,2023,11,4,317,ES,สเปน,1B,ทวีปยุโรป,7466779.0,38982.0
2023-11,2023,11,4,295,QA,กาตาร์,1A,ทวีปเอเชีย,6965269.0,62848.0
2023-11,2023,11,4,343,PL,โปแลนด์,1B,ทวีปยุโรป,0.0,0.0
2023-11,2023,11,4,351,UA,ยูเครน,1B,ทวีปยุโรป,5132891.0,20593.0
2023-11,2023,11,4,316,DK,เดนมาร์ก,1B,ทวีปยุโรป,3230147.0,13701.0
2023-11,2023,11,4,312,AT,ออสเตรีย,1B,ทวีปยุโรป,3750663.0,11890.0
2023-11,2023,11,4,362,LT,ลิทัวเนีย,1B,ทวีปยุโรป,0.0,0.0
2023-11,2023,11,4,276,AF,อัฟกานิสถาน,1A,ทวีปเอเชีย,0.0,0.0
2023-11,2023,11,4,289,IQ,อิรัก,1A,ทวีปเอเชีย,774259.0,11886.0
2023-11,2023,11,4,321,GR,กรีซ,1B,ทวีปยุโรป,0.0,0.0
2023-11,2023,11,4,294,OM,โอมาน,1A,ทวีปเอเชีย,2835150.0,45409.0
2023-11,2023,11,4,376,AN,เนเธอร์แลนด์แอนทิลลีส,1C,ทวีปอเมริกาเหนือ,1231975.0,6720.0
2023-11,2023,11,4,476,TZ,แทนซาเนีย,1E,ทวีปแอฟริกา,1095072.0,23623.0
2023-11,2023,11,4,341,KZ,คาซัคสถาน,1A,ทวีปเอเชีย,0.0,0.0
2023-11,2023,11,4,336,CZ,สาธารณรัฐเช็ก,1B,ทวีปยุโรป,1203530.0,5063.0
2023-11,2023,11,4,493,NC,นิวแคลีโดเนีย,1F,ทวีปออสเตรเลีย,1746368.0,39592.0
2023-11,2023,11,4,498,PF,เฟรนช์โปลีนีเซีย,1F,ทวีปออสเตรเลีย,1316719.0,28448.0
2023-11,2023,11,4,281,MV,มัลดีฟส์,1A,ทวีปเอเชีย,1348001.0,17478.0
2023-11,2023,11,4,293,LB,เลบานอน,1A,ทวีปเอเชีย,2021615.0,4560.0
2023-11,2023,11,4,407,AR,อาร์เจนตินา,1D,ทวีปอเมริกาใต้,0.0,0.0
2023-11,2023,11,4,282,NP,เนปาล,1A,ทวีปเอเชีย,644114.0,9653.0
2023-11,2023,11,4,451,LY,ลิเบีย,1E,ทวีปแอฟริกา,0.0,0.0
2023-11,2023,11,4,397,PA,ปานามา,1C,ทวีปอเมริกาเหนือ,1299.0,3.0
2023-11,2023,11,4,326,PT,โปรตุเกส,1B,ทวีปยุโรป,1228246.0,5852.0
2023-11,2023,11,4,398,PR,เปอร์โตริโก,1C,ทวีปอเมริกาเหนือ,0.0,0.0
2023-11,2023,11,4,447,KE,เคนยา,1E,ทวีปแอฟริกา,0.0,0.0
2023-11,2023,11,4,388,GT,กัวเตมาลา,1C,ทวีปอเมริกาเหนือ,883590.0,1462.0
2023-11,2023,11,4,344,RO,โรมาเนีย,1B,ทวีปยุโรป,1122972.0,3936.0
2023-11,2023,11,4,291,JO,จอร์แดน,1A,ทวีปเอเชีย,293922.0,2113.0
2023-11,2023,11,4,352,UZ,อุซเบกิสถาน,1A,ทวีปเอเชีย,0.0,0.0
2023-11,2023,11,4,422,VE,เวเนซุเอลา,1D,ทวีปอเมริกาใต้,0.0,0.0
2023-11,2023,11,4,452,MA,โมร็อกโก,1E,ทวีปแอฟริกา,0.0,0.0
2023-11,2023,11,4,363,LV,ลัตเวีย,1B,ทวีปยุโรป,0.0,0.0
2023-11,2023,11,4,377,BB,บาร์เบโดส,1C,ทวีปอเมริกาเหนือ,0.0,0.0
2023-11,2023,11,4,337,GE,จอร์เจีย,1A,ทวีปเอเชีย,0.0,0.0
2023-11,2023,11,4,381,CR,คอสตาริกา,1C,ทวีปอเมริกาเหนือ,0.0,0.0
2023-11,2023,11,4,300,YE,เยเมน,1A,ทวีปเอเชีย,443104.0,3157.0
2023-11,2023,11,4,408,BO,โบลิเวีย,1D,ทวีปอเมริกาใต้,441796.0,732.0
2023-11,2023,11,4,465,SC,เซเชลส์,1E,ทวีปแอฟริกา,21000.0,260.0
2023-11,2023,11,4,278,BT,ภูฎาน,1A,ทวีปเอเชีย,8003.0,228.0
2023-11,2023,11,4,287,CY,ไซปรัส,1A,ทวีปเอเชีย,0.0,0.0
2023-11,2023,11,4,461,NG,ไนจีเรีย,1E,ทวีปแอฟริกา,0.0,0.0
2023-11,2023,11,4,389,HN,ฮอนดูรัส,1C,ทวีปอเมริกาเหนือ,1747.0,27.0
2023-11,2023,11,4,432,CM,แคเมอรูน,1E,ทวีปแอฟริกา,0.0,0.0
2023-11,2023,11,4,361,LI,ลิกเตนสไตน์,1B,ทวีปยุโรป,0.0,0.0
2023-11,2023,11,4,526,WF,หมู่เกาะวาลลิสและฟุตูนา,1F,ทวีปออสเตรเลีย,0.0,0.0
2023-12,2023,12,4,373,US,สหรัฐอเมริกา,1C,ทวีปอเมริกาเหนือ,2178412319.0,10689607.0
2023-12,2023,12,4,304,JP,ญี่ปุ่น,1A,ทวีปเอเชีย,946888362.0,9539287.0
2023-12,2023,12,4,271,MY,มาเลเซีย,1A,ทวีปเอเชีย,352167664.0,7314226.0
2023-12,2023,12,4,323,IT,อิตาลี,1B,ทวีปยุโรป,457818135.0,2593714.0
2023-12,2023,12,4,483,AU,ออสเตรเลีย,1F,ทวีปออสเตรเลีย,395833610.0,3833717.0
2023-12,2023,12,4,272,PH,ฟิลิปปินส์,1A,ทวีปเอเชีย,278486992.0,5873952.0
2023-12,2023,12,4,309,TW,ไต้หวัน,1A,ทวีปเอเชีย,331870317.0,3051464.0
2023-12,2023,12,4,320,GB,สหราชอาณาจักร,1B,ทวีปยุโรป,234826815.0,1369046.0
2023-12,2023,12,4,279,IN,อินเดีย,1A,ทวีปเอเชีย,186099921.0,2878881.0
2023-12,2023,12,4,315,DE,เยอรมนี,1B,ทวีปยุโรป,313451994.0,1701161.0
2023-12,2023,12,4,267,ID,อินโดนีเซีย,1A,ทวีปเอเชีย,118430920.0,2037904.0
2023-12,2023,12,4,371,CA,แคนาดา,1C,ทวีปอเมริกาเหนือ,139188715.0,694373.0
2023-12,2023,12,4,302,CN,จีน,1A,ทวีปเอเชีย,117838426.0,692276.0
2023-12,2023,12,4,306,KR,เกาหลีใต้,1A,ทวีปเอเชีย,108160794.0,794820.0
2023-12,2023,12,4,274,VN,เวียดนาม,1A,ทวีปเอเชีย,89543676.0,1625763.0
2023-12,2023,12,4,497,NZ,นิวซีแลนด์,1F,ทวีปออสเตรเลีย,75238729.0,1129331.0
2023-12,2023,12,4,303,HK,ฮ่องกง,1A,ทวีปเอเชีย,75553024.0,634195.0
2023-12,2023,12,4,285,AE,สหรัฐอาหรับเอมิเรตส์,1A,ทวีปเอเชีย,64692016.0,612654.0
2023-12,2023,12,4,273,SG,สิงคโปร์,1A,ทวีปเอเชีย,54081558.0,379580.0
2023-12,2023,12,4,313,BE,เบลเยียม,1B,ทวีปยุโรป,62479344.0,312212.0
2023-12,2023,12,4,319,FR,ฝรั่งเศส,1B,ทวีปยุโรป,43306097.0,201780.0
2023-12,2023,12,4,345,RU,รัสเซีย,1B,ทวีปยุโรป,50003991.0,310537.0
2023-12,2023,12,4,296,SA,ซาอุดีอาระเบีย,1A,ทวีปเอเชีย,33229357.0,327077.0
2023-12,2023,12,4,270,MM,เมียนมา,1A,ทวีปเอเชีย,16029412.0,360099.0
2023-12,2023,12,4,325,NL,เนเธอร์แลนด์,1B,ทวีปยุโรป,44223797.0,229196.0
2023-12,2023,12,4,410,CL,ชิลี,1D,ทวีปอเมริกาใต้,4366906.0,7859.0
2023-12,2023,12,4,266,BN,บรูไน,1A,ทวีปเอเชีย,29074336.0,494914.0
2023-12,2023,12,4,411,CO,โคลอมเบีย,1D,ทวีปอเมริกาใต้,21717375.0,36199.0
2023-12,2023,12,4,409,BR,บราซิล,1D,ทวีปอเมริกาใต้,9915452.0,27419.0
2023-12,2023,12,4,288,IL,อิสราเอล,1A,ทวีปเอเชีย,1234194.0,18356.0
2023-12,2023,12,4,327,SE,สวีเดน,1B,ทวีปยุโรป,13002793.0,52911.0
2023-12,2023,12,4,268,KH,กัมพูชา,1A,ทวีปเอเชีย,8004072.0,129905.0
2023-12,2023,12,4,292,KW,คูเวต,1A,ทวีปเอเชีย,5144353.0,36208.0
2023-12,2023,12,4,269,LA,สปป. ลาว,1A,ทวีปเอเชีย,5636304.0,134021.0
2023-12,2023,12,4,298,TR,ตุรกี,1A,ทวีปเอเชีย,3813975.0,37381.0
2023-12,2023,12,4,456,MU,มอริเชียส,1E,ทวีปแอฟริกา,3773078.0,60286.0
2023-12,2023,12,4,372,MX,เม็กซิโก,1C,ทวีปอเมริกาเหนือ,13479406.0,27450.0
2023-12,2023,12,4,318,FI,ฟินแลนด์,1B,ทวีปยุโรป,6709985.0,35070.0
2023-12,2023,12,4,478,ZA,แอฟริกาใต้,1E,ทวีปแอฟริกา,930249.0,11707.0
2023-12,2023,12,4,356,CH,สวิตเซอร์แลนด์,1B,ทวีปยุโรป,5763133.0,30948.0
2023-12,2023,12,4,283,PK,ปากีสถาน,1A,ทวีปเอเชีย,76005.0,599.0
2023-12,2023,12,4,286,BH,บาห์เรน,1A,ทวีปเอเชีย,6393545.0,105385.0
2023-12,2023,12,4,365,MT,มอลตา,1B,ทวีปยุโรป,4192543.0,27097.0
2023-12,2023,12,4,277,BD,บังกลาเทศ,1A,ทวีปเอเชีย,5059727.0,75693.0
2023-12,2023,12,4,317,ES,สเปน,1B,ทวีปยุโรป,5093985.0,27831.0
2023-12,2023,12,4,417,PE,เปรู,1D,ทวีปอเมริกาใต้,2791802.0,5280.0
2023-12,2023,12,4,295,QA,กาตาร์,1A,ทวีปเอเชีย,2398643.0,21026.0
2023-12,2023,12,4,280,LK,ศรีลังกา,1A,ทวีปเอเชีย,660221.0,11195.0
2023-12,2023,12,4,351,UA,ยูเครน,1B,ทวีปยุโรป,3295305.0,12672.0
2023-12,2023,12,4,343,PL,โปแลนด์,1B,ทวีปยุโรป,1348127.0,1147.0
2023-12,2023,12,4,312,AT,ออสเตรีย,1B,ทวีปยุโรป,3266973.0,15107.0
2023-12,2023,12,4,316,DK,เดนมาร์ก,1B,ทวีปยุโรป,2993921.0,19141.0
2023-12,2023,12,4,362,LT,ลิทัวเนีย,1B,ทวีปยุโรป,0.0,0.0
2023-12,2023,12,4,276,AF,อัฟกานิสถาน,1A,ทวีปเอเชีย,0.0,0.0
2023-12,2023,12,4,289,IQ,อิรัก,1A,ทวีปเอเชีย,0.0,0.0
2023-12,2023,12,4,321,GR,กรีซ,1B,ทวีปยุโรป,0.0,0.0
2023-12,2023,12,4,376,AN,เนเธอร์แลนด์แอนทิลลีส,1C,ทวีปอเมริกาเหนือ,1227782.0,6720.0
2023-12,2023,12,4,294,OM,โอมาน,1A,ทวีปเอเชีย,923030.0,8324.0
2023-12,2023,12,4,476,TZ,แทนซาเนีย,1E,ทวีปแอฟริกา,965697.0,23680.0
2023-12,2023,12,4,336,CZ,สาธารณรัฐเช็ก,1B,ทวีปยุโรป,829495.0,3902.0
2023-12,2023,12,4,341,KZ,คาซัคสถาน,1A,ทวีปเอเชีย,0.0,0.0
2023-12,2023,12,4,493,NC,นิวแคลีโดเนีย,1F,ทวีปออสเตรเลีย,0.0,0.0
2023-12,2023,12,4,498,PF,เฟรนช์โปลีนีเซีย,1F,ทวีปออสเตรเลีย,0.0,0.0
2023-12,2023,12,4,281,MV,มัลดีฟส์,1A,ทวีปเอเชีย,590.0,1.0
2023-12,2023,12,4,293,LB,เลบานอน,1A,ทวีปเอเชีย,0.0,0.0
2023-12,2023,12,4,407,AR,อาร์เจนตินา,1D,ทวีปอเมริกาใต้,0.0,0.0
2023-12,2023,12,4,282,NP,เนปาล,1A,ทวีปเอเชีย,0.0,0.0
2023-12,2023,12,4,291,JO,จอร์แดน,1A,ทวีปเอเชีย,1849363.0,3771.0
2023-12,2023,12,4,452,MA,โมร็อกโก,1E,ทวีปแอฟริกา,2772970.0,5298.0
2023-12,2023,12,4,451,LY,ลิเบีย,1E,ทวีปแอฟริกา,0.0,0.0
2023-12,2023,12,4,397,PA,ปานามา,1C,ทวีปอเมริกาเหนือ,0.0,0.0
2023-12,2023,12,4,326,PT,โปรตุเกส,1B,ทวีปยุโรป,0.0,0.0
2023-12,2023,12,4,398,PR,เปอร์โตริโก,1C,ทวีปอเมริกาเหนือ,0.0,0.0
2023-12,2023,12,4,447,KE,เคนยา,1E,ทวีปแอฟริกา,0.0,0.0
2023-12,2023,12,4,388,GT,กัวเตมาลา,1C,ทวีปอเมริกาเหนือ,0.0,0.0
2023-12,2023,12,4,344,RO,โรมาเนีย,1B,ทวีปยุโรป,0.0,0.0
2023-12,2023,12,4,352,UZ,อุซเบกิสถาน,1A,ทวีปเอเชีย,0.0,0.0
2023-12,2023,12,4,422,VE,เวเนซุเอลา,1D,ทวีปอเมริกาใต้,0.0,0.0
2023-12,2023,12,4,363,LV,ลัตเวีย,1B,ทวีปยุโรป,0.0,0.0
2023-12,2023,12,4,408,BO,โบลิเวีย,1D,ทวีปอเมริกาใต้,427390.0,732.0
2023-12,2023,12,4,377,BB,บาร์เบโดส,1C,ทวีปอเมริกาเหนือ,0.0,0.0
2023-12,2023,12,4,337,GE,จอร์เจีย,1A,ทวีปเอเชีย,0.0,0.0
2023-12,2023,12,4,381,CR,คอสตาริกา,1C,ทวีปอเมริกาเหนือ,0.0,0.0
2023-12,2023,12,4,300,YE,เยเมน,1A,ทวีปเอเชีย,0.0,0.0
2023-12,2023,12,4,278,BT,ภูฎาน,1A,ทวีปเอเชีย,86268.0,359.0
2023-12,2023,12,4,465,SC,เซเชลส์,1E,ทวีปแอฟริกา,0.0,0.0
2023-12,2023,12,4,287,CY,ไซปรัส,1A,ทวีปเอเชีย,0.0,0.0
2023-12,2023,12,4,461,NG,ไนจีเรีย,1E,ทวีปแอฟริกา,0.0,0.0
2023-12,2023,12,4,389,HN,ฮอนดูรัส,1C,ทวีปอเมริกาเหนือ,0.0,0.0
2023-12,2023,12,4,432,CM,แคเมอรูน,1E,ทวีปแอฟริกา,0.0,0.0
2023-12,2023,12,4,361,LI,ลิกเตนสไตน์,1B,ทวีปยุโรป,0.0,0.0
2023-12,2023,12,4,526,WF,หมู่เกาะวาลลิสและฟุตูนา,1F,ทวีปออสเตรเลีย,0.0,0.0
2024-01,2024,1,1,373,US,สหรัฐอเมริกา,1C,ทวีปอเมริกาเหนือ,1982703118.0,9548458.0
2024-01,2024,1,1,304,JP,ญี่ปุ่น,1A,ทวีปเอเชีย,964183948.0,9725901.0
2024-01,2024,1,1,323,IT,อิตาลี,1B,ทวีปยุโรป,498046039.0,2861521.0
2024-01,2024,1,1,272,PH,ฟิลิปปินส์,1A,ทวีปเอเชีย,326241450.0,7184309.0
2024-01,2024,1,1,271,MY,มาเลเซีย,1A,ทวีปเอเชีย,305936740.0,5924774.0
2024-01,2024,1,1,483,AU,ออสเตรเลีย,1F,ทวีปออสเตรเลีย,282950704.0,2901483.0
2024-01,2024,1,1,315,DE,เยอรมนี,1B,ทวีปยุโรป,270330617.0,1632804.0
2024-01,2024,1,1,320,GB,สหราชอาณาจักร,1B,ทวีปยุโรป,241345849.0,1501720.0
2024-01,2024,1,1,279,IN,อินเดีย,1A,ทวีปเอเชีย,233495772.0,3490936.0
2024-01,2024,1,1,309,TW,ไต้หวัน,1A,ทวีปเอเชีย,163089133.0,1671631.0
2024-01,2024,1,1,371,CA,แคนาดา,1C,ทวีปอเมริกาเหนือ,116914641.0,549665.0
2024-01,2024,1,1,267,ID,อินโดนีเซีย,1A,ทวีปเอเชีย,116203193.0,1985511.0
2024-01,2024,1,1,497,NZ,นิวซีแลนด์,1F,ทวีปออสเตรเลีย,108183524.0,1467829.0
2024-01,2024,1,1,306,KR,เกาหลีใต้,1A,ทวีปเอเชีย,104208542.0,795379.0
2024-01,2024,1,1,302,CN,จีน,1A,ทวีปเอเชีย,79880238.0,526701.0
2024-01,2024,1,1,285,AE,สหรัฐอาหรับเอมิเรตส์,1A,ทวีปเอเชีย,77822741.0,952810.0
2024-01,2024,1,1,303,HK,ฮ่องกง,1A,ทวีปเอเชีย,71133942.0,655099.0
2024-01,2024,1,1,313,BE,เบลเยียม,1B,ทวีปยุโรป,69312617.0,366097.0
2024-01,2024,1,1,273,SG,สิงคโปร์,1A,ทวีปเอเชีย,59065879.0,440060.0
2024-01,2024,1,1,274,VN,เวียดนาม,1A,ทวีปเอเชีย,56344029.0,1095358.0
2024-01,2024,1,1,296,SA,ซาอุดีอาระเบีย,1A,ทวีปเอเชีย,41847531.0,398102.0
2024-01,2024,1,1,319,FR,ฝรั่งเศส,1B,ทวีปยุโรป,41292296.0,199330.0
2024-01,2024,1,1,325,NL,เนเธอร์แลนด์,1B,ทวีปยุโรป,37011283.0,198432.0
2024-01,2024,1,1,345,RU,รัสเซีย,1B,ทวีปยุโรป,36393009.0,177432.0
2024-01,2024,1,1,270,MM,เมียนมา,1A,ทวีปเอเชีย,24154394.0,575495.0
2024-01,2024,1,1,298,TR,ตุรกี,1A,ทวีปเอเชีย,17307806.0,79388.0
2024-01,2024,1,1,410,CL,ชิลี,1D,ทวีปอเมริกาใต้,13452204.0,25722.0
2024-01,2024,1,1,288,IL,อิสราเอล,1A,ทวีปเอเชีย,13164401.0,57327.0
2024-01,2024,1,1,327,SE,สวีเดน,1B,ทวีปยุโรป,13075167.0,59786.0
2024-01,2024,1,1,318,FI,ฟินแลนด์,1B,ทวีปยุโรป,10780561.0,66420.0
2024-01,2024,1,1,268,KH,กัมพูชา,1A,ทวีปเอเชีย,8798152.0,157788.0
2024-01,2024,1,1,351,UA,ยูเครน,1B,ทวีปยุโรป,8394642.0,41704.0
2024-01,2024,1,1,292,KW,คูเวต,1A,ทวีปเอเชีย,8281221.0,67100.0
2024-01,2024,1,1,266,BN,บรูไน,1A,ทวีปเอเชีย,7172564.0,111996.0
2024-01,2024,1,1,295,QA,กาตาร์,1A,ทวีปเอเชีย,7143453.0,77964.0
2024-01,2024,1,1,344,RO,โรมาเนีย,1B,ทวีปยุโรป,6775108.0,41738.0
2024-01,2024,1,1,409,BR,บราซิล,1D,ทวีปอเมริกาใต้,6557673.0,18278.0
2024-01,2024,1,1,269,LA,สปป. ลาว,1A,ทวีปเอเชีย,6090088.0,109231.0
2024-01,2024,1,1,411,CO,โคลอมเบีย,1D,ทวีปอเมริกาใต้,5244075.0,8695.0
2024-01,2024,1,1,456,MU,มอริเชียส,1E,ทวีปแอฟริกา,4153198.0,75326.0
2024-01,2024,1,1,289,IQ,อิรัก,1A,ทวีปเอเชีย,3301542.0,9706.0
2024-01,2024,1,1,478,ZA,แอฟริกาใต้,1E,ทวีปแอฟริกา,3005386.0,27218.0
2024-01,2024,1,1,283,PK,ปากีสถาน,1A,ทวีปเอเชีย,2633876.0,40694.0
2024-01,2024,1,1,280,LK,ศรีลังกา,1A,ทวีปเอเชีย,2621763.0,52584.0
2024-01,2024,1,1,281,MV,มัลดีฟส์,1A,ทวีปเอเชีย,2545830.0,37062.0
2024-01,2024,1,1,476,TZ,แทนซาเนีย,1E,ทวีปแอฟริกา,2096581.0,48273.0
2024-01,2024,1,1,294,OM,โอมาน,1A,ทวีปเอเชีย,2079171.0,22185.0
2024-01,2024,1,1,356,CH,สวิตเซอร์แลนด์,1B,ทวีปยุโรป,1934644.0,7926.0
2024-01,2024,1,1,321,GR,กรีซ,1B,ทวีปยุโรป,1914179.0,11612.0
2024-01,2024,1,1,277,BD,บังกลาเทศ,1A,ทวีปเอเชีย,1758028.0,41695.0
2024-01,2024,1,1,362,LT,ลิทัวเนีย,1B,ทวีปยุโรป,1707256.0,10035.0
2024-01,2024,1,1,336,CZ,สาธารณรัฐเช็ก,1B,ทวีปยุโรป,1702438.0,8394.0
2024-01,2024,1,1,498,PF,เฟรนช์โปลีนีเซีย,1F,ทวีปออสเตรเลีย,1386511.0,33117.0
2024-01,2024,1,1,412,EC,เอกวาดอร์,1D,ทวีปอเมริกาใต้,1377960.0,2378.0
2024-01,2024,1,1,293,LB,เลบานอน,1A,ทวีปเอเชีย,1342339.0,10656.0
2024-01,2024,1,1,286,BH,บาห์เรน,1A,ทวีปเอเชีย,1254033.0,20721.0
2024-01,2024,1,1,417,PE,เปรู,1D,ทวีปอเมริกาใต้,1238789.0,2478.0
2024-01,2024,1,1,317,ES,สเปน,1B,ทวีปยุโรป,1198740.0,7904.0
2024-01,2024,1,1,381,CR,คอสตาริกา,1C,ทวีปอเมริกาเหนือ,753599.0,1491.0
2024-01,2024,1,1,398,PR,เปอร์โตริโก,1C,ทวีปอเมริกาเหนือ,740756.0,24906.0
2024-01,2024,1,1,447,KE,เคนยา,1E,ทวีปแอฟริกา,659676.0,17280.0
2024-01,2024,1,1,291,JO,จอร์แดน,1A,ทวีปเอเชีย,384397.0,5645.0
2024-01,2024,1,1,486,FJ,ฟิจิ,1F,ทวีปออสเตรเลีย,35.0,1.0
2024-02,2024,2,1,373,US,สหรัฐอเมริกา,1C,ทวีปอเมริกาเหนือ,2197721116.0,10168837.0
2024-02,2024,2,1,304,JP,ญี่ปุ่น,1A,ทวีปเอเชีย,929504894.0,9600898.0
2024-02,2024,2,1,323,IT,อิตาลี,1B,ทวีปยุโรป,502967704.0,2818991.0
2024-02,2024,2,1,483,AU,ออสเตรเลีย,1F,ทวีปออสเตรเลีย,411182527.0,4113901.0
2024-02,2024,2,1,271,MY,มาเลเซีย,1A,ทวีปเอเชีย,383499634.0,6898112.0
2024-02,2024,2,1,315,DE,เยอรมนี,1B,ทวีปยุโรป,404149255.0,2266938.0
2024-02,2024,2,1,272,PH,ฟิลิปปินส์,1A,ทวีปเอเชีย,327840851.0,7309797.0
2024-02,2024,2,1,279,IN,อินเดีย,1A,ทวีปเอเชีย,249692297.0,3631085.0
2024-02,2024,2,1,320,GB,สหราชอาณาจักร,1B,ทวีปยุโรป,217566982.0,1160309.0
2024-02,2024,2,1,309,TW,ไต้หวัน,1A,ทวีปเอเชีย,269920034.0,3490362.0
2024-02,2024,2,1,267,ID,อินโดนีเซีย,1A,ทวีปเอเชีย,174871443.0,2719846.0
2024-02,2024,2,1,371,CA,แคนาดา,1C,ทวีปอเมริกาเหนือ,123941525.0,613030.0
2024-02,2024,2,1,306,KR,เกาหลีใต้,1A,ทวีปเอเชีย,90988845.0,724713.0
2024-02,2024,2,1,497,NZ,นิวซีแลนด์,1F,ทวีปออสเตรเลีย,86827220.0,1078920.0
2024-02,2024,2,1,313,BE,เบลเยียม,1B,ทวีปยุโรป,115663557.0,612955.0
2024-02,2024,2,1,302,CN,จีน,1A,ทวีปเอเชีย,85557180.0,496109.0
2024-02,2024,2,1,285,AE,สหรัฐอาหรับเอมิเรตส์,1A,ทวีปเอเชีย,78868743.0,937996.0
2024-02,2024,2,1,303,HK,ฮ่องกง,1A,ทวีปเอเชีย,70634747.0,568391.0
2024-02,2024,2,1,274,VN,เวียดนาม,1A,ทวีปเอเชีย,78392930.0,1583628.0
2024-02,2024,2,1,273,SG,สิงคโปร์,1A,ทวีปเอเชีย,69617314.0,520837.0
2024-02,2024,2,1,345,RU,รัสเซีย,1B,ทวีปยุโรป,52759796.0,286727.0
2024-02,2024,2,1,296,SA,ซาอุดีอาระเบีย,1A,ทวีปเอเชีย,45629124.0,543746.0
2024-02,2024,2,1,319,FR,ฝรั่งเศส,1B,ทวีปยุโรป,37169830.0,170194.0
2024-02,2024,2,1,325,NL,เนเธอร์แลนด์,1B,ทวีปยุโรป,31962430.0,159124.0
2024-02,2024,2,1,270,MM,เมียนมา,1A,ทวีปเอเชีย,30442895.0,718708.0
2024-02,2024,2,1,409,BR,บราซิล,1D,ทวีปอเมริกาใต้,23437189.0,63972.0
2024-02,2024,2,1,266,BN,บรูไน,1A,ทวีปเอเชีย,22187906.0,425036.0
2024-02,2024,2,1,288,IL,อิสราเอล,1A,ทวีปเอเชีย,14702547.0,80951.0
2024-02,2024,2,1,410,CL,ชิลี,1D,ทวีปอเมริกาใต้,10478335.0,23138.0
2024-02,2024,2,1,327,SE,สวีเดน,1B,ทวีปยุโรป,9642833.0,44845.0
2024-02,2024,2,1,298,TR,ตุรกี,1A,ทวีปเอเชีย,3306099.0,18618.0
2024-02,2024,2,1,411,CO,โคลอมเบีย,1D,ทวีปอเมริกาใต้,13468506.0,22535.0
2024-02,2024,2,1,292,KW,คูเวต,1A,ทวีปเอเชีย,9000911.0,86694.0
2024-02,2024,2,1,268,KH,กัมพูชา,1A,ทวีปเอเชีย,6818128.0,111801.0
2024-02,2024,2,1,295,QA,กาตาร์,1A,ทวีปเอเชีย,8312647.0,75024.0
2024-02,2024,2,1,318,FI,ฟินแลนด์,1B,ทวีปยุโรป,2737162.0,18891.0
2024-02,2024,2,1,269,LA,สปป. ลาว,1A,ทวีปเอเชีย,5249786.0,110301.0
2024-02,2024,2,1,456,MU,มอริเชียส,1E,ทวีปแอฟริกา,6013604.0,100742.0
2024-02,2024,2,1,351,UA,ยูเครน,1B,ทวีปยุโรป,1744522.0,7681.0
2024-02,2024,2,1,356,CH,สวิตเซอร์แลนด์,1B,ทวีปยุโรป,7960562.0,36341.0
2024-02,2024,2,1,283,PK,ปากีสถาน,1A,ทวีปเอเชีย,5589576.0,66099.0
2024-02,2024,2,1,286,BH,บาห์เรน,1A,ทวีปเอเชีย,6063481.0,78242.0
2024-02,2024,2,1,277,BD,บังกลาเทศ,1A,ทวีปเอเชีย,5090678.0,166379.0
2024-02,2024,2,1,344,RO,โรมาเนีย,1B,ทวีปยุโรป,0.0,0.0
2024-02,2024,2,1,478,ZA,แอฟริกาใต้,1E,ทวีปแอฟริกา,3667234.0,34435.0
2024-02,2024,2,1,294,OM,โอมาน,1A,ทวีปเอเชีย,3871975.0,37018.0
2024-02,2024,2,1,317,ES,สเปน,1B,ทวีปยุโรป,4545983.0,28121.0
2024-02,2024,2,1,321,GR,กรีซ,1B,ทวีปยุโรป,3577771.0,10815.0
2024-02,2024,2,1,289,IQ,อิรัก,1A,ทวีปเอเชีย,1057694.0,15800.0
2024-02,2024,2,1,365,MT,มอลตา,1B,ทวีปยุโรป,4095434.0,26429.0
2024-02,2024,2,1,280,LK,ศรีลังกา,1A,ทวีปเอเชีย,974538.0,16745.0
2024-02,2024,2,1,417,PE,เปรู,1D,ทวีปอเมริกาใต้,2232571.0,10383.0
2024-02,2024,2,1,362,LT,ลิทัวเนีย,1B,ทวีปยุโรป,1458234.0,9678.0
2024-02,2024,2,1,498,PF,เฟรนช์โปลีนีเซีย,1F,ทวีปออสเตรเลีย,1178496.0,23999.0
2024-02,2024,2,1,281,MV,มัลดีฟส์,1A,ทวีปเอเชีย,0.0,0.0
2024-02,2024,2,1,341,KZ,คาซัคสถาน,1A,ทวีปเอเชีย,2388073.0,21726.0
2024-02,2024,2,1,476,TZ,แทนซาเนีย,1E,ทวีปแอฟริกา,0.0,0.0
2024-02,2024,2,1,293,LB,เลบานอน,1A,ทวีปเอเชีย,646436.0,10618.0
2024-02,2024,2,1,372,MX,เม็กซิโก,1C,ทวีปอเมริกาเหนือ,1712462.0,7375.0
2024-02,2024,2,1,336,CZ,สาธารณรัฐเช็ก,1B,ทวีปยุโรป,0.0,0.0
2024-02,2024,2,1,447,KE,เคนยา,1E,ทวีปแอฟริกา,858537.0,9871.0
2024-02,2024,2,1,412,EC,เอกวาดอร์,1D,ทวีปอเมริกาใต้,0.0,0.0
2024-02,2024,2,1,312,AT,ออสเตรีย,1B,ทวีปยุโรป,1240052.0,6720.0
2024-02,2024,2,1,376,AN,เนเธอร์แลนด์แอนทิลลีส,1C,ทวีปอเมริกาเหนือ,1222954.0,6720.0
2024-02,2024,2,1,388,GT,กัวเตมาลา,1C,ทวีปอเมริกาเหนือ,865875.0,1462.0
2024-02,2024,2,1,493,NC,นิวแคลีโดเนีย,1F,ทวีปออสเตรเลีย,781597.0,17157.0
2024-02,2024,2,1,381,CR,คอสตาริกา,1C,ทวีปอเมริกาเหนือ,0.0,0.0
2024-02,2024,2,1,398,PR,เปอร์โตริโก,1C,ทวีปอเมริกาเหนือ,0.0,0.0
2024-02,2024,2,1,282,NP,เนปาล,1A,ทวีปเอเชีย,644765.0,2709.0
2024-02,2024,2,1,291,JO,จอร์แดน,1A,ทวีปเอเชีย,258500.0,750.0
2024-02,2024,2,1,278,BT,ภูฎาน,1A,ทวีปเอเชีย,17975.0,510.0
2024-02,2024,2,1,465,SC,เซเชลส์,1E,ทวีปแอฟริกา,17500.0,68.0
2024-02,2024,2,1,397,PA,ปานามา,1C,ทวีปอเมริกาเหนือ,42.0,0.0
2024-02,2024,2,1,486,FJ,ฟิจิ,1F,ทวีปออสเตรเลีย,0.0,0.0
2024-03,2024,3,1,373,US,สหรัฐอเมริกา,1C,ทวีปอเมริกาเหนือ,2562484485.0,11772462.0
2024-03,2024,3,1,304,JP,ญี่ปุ่น,1A,ทวีปเอเชีย,1072851227.0,11126400.0
2024-03,2024,3,1,323,IT,อิตาลี,1B,ทวีปยุโรป,568370412.0,3193582.0
2024-03,2024,3,1,483,AU,ออสเตรเลีย,1F,ทวีปออสเตรเลีย,474933451.0,4430203.0
2024-03,2024,3,1,271,MY,มาเลเซีย,1A,ทวีปเอเชีย,421663843.0,7764740.0
2024-03,2024,3,1,272,PH,ฟิลิปปินส์,1A,ทวีปเอเชีย,372896008.0,7862127.0
2024-03,2024,3,1,315,DE,เยอรมนี,1B,ทวีปยุโรป,245871933.0,1439084.0
2024-03,2024,3,1,309,TW,ไต้หวัน,1A,ทวีปเอเชีย,330902339.0,3626954.0
2024-03,2024,3,1,279,IN,อินเดีย,1A,ทวีปเอเชีย,265411878.0,3859196.0
2024-03,2024,3,1,320,GB,สหราชอาณาจักร,1B,ทวีปยุโรป,208630276.0,1160605.0
2024-03,2024,3,1,267,ID,อินโดนีเซีย,1A,ทวีปเอเชีย,192126363.0,3506462.0
2024-03,2024,3,1,371,CA,แคนาดา,1C,ทวีปอเมริกาเหนือ,211659013.0,1025858.0
2024-03,2024,3,1,302,CN,จีน,1A,ทวีปเอเชีย,166402683.0,1110398.0
2024-03,2024,3,1,306,KR,เกาหลีใต้,1A,ทวีปเอเชีย,116057018.0,839020.0
2024-03,2024,3,1,497,NZ,นิวซีแลนด์,1F,ทวีปออสเตรเลีย,113843767.0,1643203.0
2024-03,2024,3,1,285,AE,สหรัฐอาหรับเอมิเรตส์,1A,ทวีปเอเชีย,99849895.0,1211194.0
2024-03,2024,3,1,274,VN,เวียดนาม,1A,ทวีปเอเชีย,121652466.0,2328156.0
2024-03,2024,3,1,313,BE,เบลเยียม,1B,ทวีปยุโรป,62482387.0,324950.0
2024-03,2024,3,1,303,HK,ฮ่องกง,1A,ทวีปเอเชีย,75292384.0,546425.0
2024-03,2024,3,1,273,SG,สิงคโปร์,1A,ทวีปเอเชีย,65661845.0,486926.0
2024-03,2024,3,1,345,RU,รัสเซีย,1B,ทวีปยุโรป,57209806.0,296440.0
2024-03,2024,3,1,296,SA,ซาอุดีอาระเบีย,1A,ทวีปเอเชีย,50906116.0,664594.0
2024-03,2024,3,1,319,FR,ฝรั่งเศส,1B,ทวีปยุโรป,40526031.0,193020.0
2024-03,2024,3,1,325,NL,เนเธอร์แลนด์,1B,ทวีปยุโรป,35684245.0,189126.0
2024-03,2024,3,1,270,MM,เมียนมา,1A,ทวีปเอเชีย,47243961.0,1007397.0
2024-03,2024,3,1,288,IL,อิสราเอล,1A,ทวีปเอเชีย,21879110.0,142744.0
2024-03,2024,3,1,266,BN,บรูไน,1A,ทวีปเอเชีย,18405372.0,311281.0
2024-03,2024,3,1,409,BR,บราซิล,1D,ทวีปอเมริกาใต้,16918813.0,45695.0
2024-03,2024,3,1,298,TR,ตุรกี,1A,ทวีปเอเชีย,22610768.0,90788.0
2024-03,2024,3,1,327,SE,สวีเดน,1B,ทวีปยุโรป,15674311.0,74161.0
2024-03,2024,3,1,410,CL,ชิลี,1D,ทวีปอเมริกาใต้,14266553.0,30097.0
2024-03,2024,3,1,292,KW,คูเวต,1A,ทวีปเอเชีย,19301189.0,174529.0
2024-03,2024,3,1,411,CO,โคลอมเบีย,1D,ทวีปอเมริกาใต้,11491848.0,20287.0
2024-03,2024,3,1,268,KH,กัมพูชา,1A,ทวีปเอเชีย,11243990.0,186324.0
2024-03,2024,3,1,295,QA,กาตาร์,1A,ทวีปเอเชีย,10152639.0,112665.0
2024-03,2024,3,1,456,MU,มอริเชียส,1E,ทวีปแอฟริกา,10799948.0,147606.0
2024-03,2024,3,1,318,FI,ฟินแลนด์,1B,ทวีปยุโรป,5746150.0,42167.0
2024-03,2024,3,1,417,PE,เปรู,1D,ทวีปอเมริกาใต้,15622256.0,38161.0
2024-03,2024,3,1,277,BD,บังกลาเทศ,1A,ทวีปเอเชีย,10898019.0,255114.0
2024-03,2024,3,1,269,LA,สปป. ลาว,1A,ทวีปเอเชีย,6075177.0,119988.0
2024-03,2024,3,1,351,UA,ยูเครน,1B,ทวีปยุโรป,3833973.0,12672.0
2024-03,2024,3,1,478,ZA,แอฟริกาใต้,1E,ทวีปแอฟริกา,7072130.0,65284.0
2024-03,2024,3,1,356,CH,สวิตเซอร์แลนด์,1B,ทวีปยุโรป,2963399.0,20166.0
2024-03,2024,3,1,286,BH,บาห์เรน,1A,ทวีปเอเชีย,5416161.0,62430.0
2024-03,2024,3,1,283,PK,ปากีสถาน,1A,ทวีปเอเชีย,3978569.0,34377.0
2024-03,2024,3,1,365,MT,มอลตา,1B,ทวีปยุโรป,7363896.0,34779.0
2024-03,2024,3,1,294,OM,โอมาน,1A,ทวีปเอเชีย,4164893.0,56083.0
2024-03,2024,3,1,344,RO,โรมาเนีย,1B,ทวีปยุโรป,1519101.0,10007.0
2024-03,2024,3,1,317,ES,สเปน,1B,ทวีปยุโรป,2451368.0,14713.0
2024-03,2024,3,1,280,LK,ศรีลังกา,1A,ทวีปเอเชีย,2456611.0,47989.0
2024-03,2024,3,1,321,GR,กรีซ,1B,ทวีปยุโรป,0.0,0.0
2024-03,2024,3,1,343,PL,โปแลนด์,1B,ทวีปยุโรป,4450576.0,31360.0
2024-03,2024,3,1,312,AT,ออสเตรีย,1B,ทวีปยุโรป,3167500.0,15107.0
2024-03,2024,3,1,289,IQ,อิรัก,1A,ทวีปเอเชีย,0.0,0.0
2024-03,2024,3,1,293,LB,เลบานอน,1A,ทวีปเอเชีย,1815238.0,4195.0
2024-03,2024,3,1,336,CZ,สาธารณรัฐเช็ก,1B,ทวีปยุโรป,1732738.0,8885.0
2024-03,2024,3,1,281,MV,มัลดีฟส์,1A,ทวีปเอเชีย,771354.0,4503.0
2024-03,2024,3,1,316,DK,เดนมาร์ก,1B,ทวีปยุโรป,3255728.0,18863.0
2024-03,2024,3,1,362,LT,ลิทัวเนีย,1B,ทวีปยุโรป,0.0,0.0
2024-03,2024,3,1,498,PF,เฟรนช์โปลีนีเซีย,1F,ทวีปออสเตรเลีย,592310.0,13117.0
2024-03,2024,3,1,341,KZ,คาซัคสถาน,1A,ทวีปเอเชีย,0.0,0.0
2024-03,2024,3,1,447,KE,เคนยา,1E,ทวีปแอฟริกา,733171.0,16002.0
2024-03,2024,3,1,476,TZ,แทนซาเนีย,1E,ทวีปแอฟริกา,0.0,0.0
2024-03,2024,3,1,372,MX,เม็กซิโก,1C,ทวีปอเมริกาเหนือ,0.0,0.0
2024-03,2024,3,1,398,PR,เปอร์โตริโก,1C,ทวีปอเมริกาเหนือ,681256.0,18144.0
2024-03,2024,3,1,412,EC,เอกวาดอร์,1D,ทวีปอเมริกาใต้,0.0,0.0
2024-03,2024,3,1,291,JO,จอร์แดน,1A,ทวีปเอเชีย,600272.0,3484.0
2024-03,2024,3,1,376,AN,เนเธอร์แลนด์แอนทิลลีส,1C,ทวีปอเมริกาเหนือ,0.0,0.0
2024-03,2024,3,1,388,GT,กัวเตมาลา,1C,ทวีปอเมริกาเหนือ,0.0,0.0
2024-03,2024,3,1,493,NC,นิวแคลีโดเนีย,1F,ทวีปออสเตรเลีย,0.0,0.0
2024-03,2024,3,1,381,CR,คอสตาริกา,1C,ทวีปอเมริกาเหนือ,0.0,0.0
2024-03,2024,3,1,282,NP,เนปาล,1A,ทวีปเอเชีย,0.0,0.0
2024-03,2024,3,1,465,SC,เซเชลส์,1E,ทวีปแอฟริกา,135625.0,1750.0
2024-03,2024,3,1,278,BT,ภูฎาน,1A,ทวีปเอเชีย,9750.0,205.0
2024-03,2024,3,1,397,PA,ปานามา,1C,ทวีปอเมริกาเหนือ,0.0,0.0
2024-03,2024,3,1,486,FJ,ฟิจิ,1F,ทวีปออสเตรเลีย,0.0,0.0
2024-04,2024,4,2,373,US,สหรัฐอเมริกา,1C,ทวีปอเมริกาเหนือ,2422612618.0,11373156.0
2024-04,2024,4,2,304,JP,ญี่ปุ่น,1A,ทวีปเอเชีย,972994449.0,9756774.0
2024-04,2024,4,2,323,IT,อิตาลี,1B,ทวีปยุโรป,418421214.0,2374267.0
2024-04,2024,4,2,483,AU,ออสเตรเลีย,1F,ทวีปออสเตรเลีย,435646331.0,4534407.0
2024-04,2024,4,2,271,MY,มาเลเซีย,1A,ทวีปเอเชีย,413992143.0,7406708.0
2024-04,2024,4,2,272,PH,ฟิลิปปินส์,1A,ทวีปเอเชีย,237590839.0,4898100.0
2024-04,2024,4,2,315,DE,เยอรมนี,1B,ทวีปยุโรป,325203241.0,2058918.0
2024-04,2024,4,2,309,TW,ไต้หวัน,1A,ทวีปเอเชีย,284594884.0,3223118.0
2024-04,2024,4,2,279,IN,อินเดีย,1A,ทวีปเอเชีย,254695360.0,3722010.0
2024-04,2024,4,2,320,GB,สหราชอาณาจักร,1B,ทวีปยุโรป,227037355.0,1489622.0
2024-04,2024,4,2,267,ID,อินโดนีเซีย,1A,ทวีปเอเชีย,189800846.0,3207899.0
2024-04,2024,4,2,371,CA,แคนาดา,1C,ทวีปอเมริกาเหนือ,171251720.0,921854.0
2024-04,2024,4,2,302,CN,จีน,1A,ทวีปเอเชีย,106816105.0,636430.0
2024-04,2024,4,2,306,KR,เกาหลีใต้,1A,ทวีปเอเชีย,124121266.0,897070.0
2024-04,2024,4,2,497,NZ,นิวซีแลนด์,1F,ทวีปออสเตรเลีย,99438000.0,1408167.0
2024-04,2024,4,2,285,AE,สหรัฐอาหรับเอมิเรตส์,1A,ทวีปเอเชีย,107417808.0,1180577.0
2024-04,2024,4,2,274,VN,เวียดนาม,1A,ทวีปเอเชีย,73117504.0,1418574.0
2024-04,2024,4,2,313,BE,เบลเยียม,1B,ทวีปยุโรป,62955770.0,319058.0
2024-04,2024,4,2,303,HK,ฮ่องกง,1A,ทวีปเอเชีย,75424489.0,613864.0
2024-04,2024,4,2,273,SG,สิงคโปร์,1A,ทวีปเอเชีย,51702488.0,427923.0
2024-04,2024,4,2,296,SA,ซาอุดีอาระเบีย,1A,ทวีปเอเชีย,68890944.0,672793.0
2024-04,2024,4,2,319,FR,ฝรั่งเศส,1B,ทวีปยุโรป,60156645.0,289059.0
2024-04,2024,4,2,345,RU,รัสเซีย,1B,ทวีปยุโรป,12450390.0,64309.0
2024-04,2024,4,2,325,NL,เนเธอร์แลนด์,1B,ทวีปยุโรป,35428613.0,208639.0
2024-04,2024,4,2,270,MM,เมียนมา,1A,ทวีปเอเชีย,14106753.0,329828.0
2024-04,2024,4,2,266,BN,บรูไน,1A,ทวีปเอเชีย,34776038.0,658413.0
2024-04,2024,4,2,409,BR,บราซิล,1D,ทวีปอเมริกาใต้,27130456.0,73114.0
2024-04,2024,4,2,410,CL,ชิลี,1D,ทวีปอเมริกาใต้,35622691.0,61173.0
2024-04,2024,4,2,288,IL,อิสราเอล,1A,ทวีปเอเชีย,20156962.0,119705.0
2024-04,2024,4,2,327,SE,สวีเดน,1B,ทวีปยุโรป,20013801.0,88154.0
2024-04,2024,4,2,298,TR,ตุรกี,1A,ทวีปเอเชีย,5537402.0,24206.0
2024-04,2024,4,2,292,KW,คูเวต,1A,ทวีปเอเชีย,11256006.0,101832.0
2024-04,2024,4,2,411,CO,โคลอมเบีย,1D,ทวีปอเมริกาใต้,13068448.0,23632.0
2024-04,2024,4,2,268,KH,กัมพูชา,1A,ทวีปเอเชีย,6640775.0,113166.0
2024-04,2024,4,2,295,QA,กาตาร์,1A,ทวีปเอเชีย,7162439.0,73624.0
2024-04,2024,4,2,417,PE,เปรู,1D,ทวีปอเมริกาใต้,7841348.0,13632.0
2024-04,2024,4,2,318,FI,ฟินแลนด์,1B,ทวีปยุโรป,6168945.0,31878.0
2024-04,2024,4,2,456,MU,มอริเชียส,1E,ทวีปแอฟริกา,4370724.0,72248.0
2024-04,2024,4,2,269,LA,สปป. ลาว,1A,ทวีปเอเชีย,6021841.0,114517.0
2024-04,2024,4,2,478,ZA,แอฟริกาใต้,1E,ทวีปแอฟริกา,8323288.0,85057.0
2024-04,2024,4,2,277,BD,บังกลาเทศ,1A,ทวีปเอเชีย,3308369.0,56330.0
2024-04,2024,4,2,356,CH,สวิตเซอร์แลนด์,1B,ทวีปยุโรป,6797842.0,25398.0
2024-04,2024,4,2,351,UA,ยูเครน,1B,ทวีปยุโรป,3087989.0,14852.0
2024-04,2024,4,2,365,MT,มอลตา,1B,ทวีปยุโรป,3705034.0,26076.0
2024-04,2024,4,2,286,BH,บาห์เรน,1A,ทวีปเอเชีย,2268574.0,31004.0
2024-04,2024,4,2,294,OM,โอมาน,1A,ทวีปเอเชีย,4528723.0,50212.0
2024-04,2024,4,2,283,PK,ปากีสถาน,1A,ทวีปเอเชีย,1881221.0,17441.0
2024-04,2024,4,2,372,MX,เม็กซิโก,1C,ทวีปอเมริกาเหนือ,11329447.0,22463.0
2024-04,2024,4,2,317,ES,สเปน,1B,ทวีปยุโรป,2822233.0,19080.0
2024-04,2024,4,2,344,RO,โรมาเนีย,1B,ทวีปยุโรป,0.0,0.0
2024-04,2024,4,2,280,LK,ศรีลังกา,1A,ทวีปเอเชีย,2196453.0,37406.0
2024-04,2024,4,2,312,AT,ออสเตรีย,1B,ทวีปยุโรป,3105136.0,15107.0
2024-04,2024,4,2,289,IQ,อิรัก,1A,ทวีปเอเชีย,2633181.0,14941.0
2024-04,2024,4,2,343,PL,โปแลนด์,1B,ทวีปยุโรป,2324322.0,18000.0
2024-04,2024,4,2,362,LT,ลิทัวเนีย,1B,ทวีปยุโรป,3369594.0,16630.0
2024-04,2024,4,2,341,KZ,คาซัคสถาน,1A,ทวีปเอเชีย,3310843.0,19095.0
2024-04,2024,4,2,321,GR,กรีซ,1B,ทวีปยุโรป,0.0,0.0
2024-04,2024,4,2,293,LB,เลบานอน,1A,ทวีปเอเชีย,651381.0,11742.0
2024-04,2024,4,2,498,PF,เฟรนช์โปลีนีเซีย,1F,ทวีปออสเตรเลีย,593914.0,12492.0
2024-04,2024,4,2,336,CZ,สาธารณรัฐเช็ก,1B,ทวีปยุโรป,0.0,0.0
2024-04,2024,4,2,281,MV,มัลดีฟส์,1A,ทวีปเอเชีย,10152.0,220.0
2024-04,2024,4,2,316,DK,เดนมาร์ก,1B,ทวีปยุโรป,0.0,0.0
2024-04,2024,4,2,376,AN,เนเธอร์แลนด์แอนทิลลีส,1C,ทวีปอเมริกาเหนือ,1241936.0,6834.0
2024-04,2024,4,2,447,KE,เคนยา,1E,ทวีปแอฟริกา,0.0,0.0
2024-04,2024,4,2,476,TZ,แทนซาเนีย,1E,ทวีปแอฟริกา,0.0,0.0
2024-04,2024,4,2,412,EC,เอกวาดอร์,1D,ทวีปอเมริกาใต้,599244.0,1283.0
2024-04,2024,4,2,407,AR,อาร์เจนตินา,1D,ทวีปอเมริกาใต้,1729874.0,5108.0
2024-04,2024,4,2,398,PR,เปอร์โตริโก,1C,ทวีปอเมริกาเหนือ,0.0,0.0
2024-04,2024,4,2,451,LY,ลิเบีย,1E,ทวีปแอฟริกา,1325208.0,19855.0
2024-04,2024,4,2,291,JO,จอร์แดน,1A,ทวีปเอเชีย,0.0,0.0
2024-04,2024,4,2,388,GT,กัวเตมาลา,1C,ทวีปอเมริกาเหนือ,0.0,0.0
2024-04,2024,4,2,493,NC,นิวแคลีโดเนีย,1F,ทวีปออสเตรเลีย,0.0,0.0
2024-04,2024,4,2,381,CR,คอสตาริกา,1C,ทวีปอเมริกาเหนือ,0.0,0.0
2024-04,2024,4,2,282,NP,เนปาล,1A,ทวีปเอเชีย,0.0,0.0
2024-04,2024,4,2,465,SC,เซเชลส์,1E,ทวีปแอฟริกา,57925.0,1782.0
2024-04,2024,4,2,278,BT,ภูฎาน,1A,ทวีปเอเชีย,62494.0,1597.0
2024-04,2024,4,2,366,NO,นอร์เวย์,1B,ทวีปยุโรป,84.0,0.0
2024-04,2024,4,2,397,PA,ปานามา,1C,ทวีปอเมริกาเหนือ,0.0,0.0
2024-04,2024,4,2,486,FJ,ฟิจิ,1F,ทวีปออสเตรเลีย,0.0,0.0
2024-05,2024,5,2,373,US,สหรัฐอเมริกา,1C,ทวีปอเมริกาเหนือ,2926134291.0,13639691.0
2024-05,2024,5,2,304,JP,ญี่ปุ่น,1A,ทวีปเอเชีย,1069389333.0,10999354.0
2024-05,2024,5,2,323,IT,อิตาลี,1B,ทวีปยุโรป,505651749.0,2749430.0
2024-05,2024,5,2,483,AU,ออสเตรเลีย,1F,ทวีปออสเตรเลีย,516547741.0,4625984.0
2024-05,2024,5,2,271,MY,มาเลเซีย,1A,ทวีปเอเชีย,514980230.0,9406020.0
2024-05,2024,5,2,272,PH,ฟิลิปปินส์,1A,ทวีปเอเชีย,447377656.0,9344335.0
2024-05,2024,5,2,315,DE,เยอรมนี,1B,ทวีปยุโรป,346413054.0,2095476.0
2024-05,2024,5,2,309,TW,ไต้หวัน,1A,ทวีปเอเชีย,267497654.0,2717186.0
2024-05,2024,5,2,320,GB,สหราชอาณาจักร,1B,ทวีปยุโรป,340574998.0,1990251.0
2024-05,2024,5,2,279,IN,อินเดีย,1A,ทวีปเอเชีย,205142334.0,2767709.0
2024-05,2024,5,2,267,ID,อินโดนีเซีย,1A,ทวีปเอเชีย,167388978.0,2797046.0
2024-05,2024,5,2,371,CA,แคนาดา,1C,ทวีปอเมริกาเหนือ,160091872.0,860245.0
2024-05,2024,5,2,306,KR,เกาหลีใต้,1A,ทวีปเอเชีย,155256438.0,1062824.0
2024-05,2024,5,2,302,CN,จีน,1A,ทวีปเอเชีย,135608065.0,771626.0
2024-05,2024,5,2,497,NZ,นิวซีแลนด์,1F,ทวีปออสเตรเลีย,91668400.0,1145219.0
2024-05,2024,5,2,285,AE,สหรัฐอาหรับเอมิเรตส์,1A,ทวีปเอเชีย,102498164.0,1241565.0
2024-05,2024,5,2,313,BE,เบลเยียม,1B,ทวีปยุโรป,119248353.0,644262.0
2024-05,2024,5,2,274,VN,เวียดนาม,1A,ทวีปเอเชีย,65843921.0,1160388.0
2024-05,2024,5,2,303,HK,ฮ่องกง,1A,ทวีปเอเชีย,73976782.0,572157.0
2024-05,2024,5,2,273,SG,สิงคโปร์,1A,ทวีปเอเชีย,75057654.0,544226.0
2024-05,2024,5,2,296,SA,ซาอุดีอาระเบีย,1A,ทวีปเอเชีย,69811275.0,716058.0
2024-05,2024,5,2,319,FR,ฝรั่งเศส,1B,ทวีปยุโรป,19606096.0,86154.0
2024-05,2024,5,2,325,NL,เนเธอร์แลนด์,1B,ทวีปยุโรป,30629504.0,154575.0
2024-05,2024,5,2,270,MM,เมียนมา,1A,ทวีปเอเชีย,44650297.0,889767.0
2024-05,2024,5,2,345,RU,รัสเซีย,1B,ทวีปยุโรป,0.0,0.0
2024-05,2024,5,2,409,BR,บราซิล,1D,ทวีปอเมริกาใต้,31198771.0,82254.0
2024-05,2024,5,2,266,BN,บรูไน,1A,ทวีปเอเชีย,17805491.0,247777.0
2024-05,2024,5,2,410,CL,ชิลี,1D,ทวีปอเมริกาใต้,19856784.0,35924.0
2024-05,2024,5,2,288,IL,อิสราเอล,1A,ทวีปเอเชีย,17326884.0,105168.0
2024-05,2024,5,2,327,SE,สวีเดน,1B,ทวีปยุโรป,16450638.0,77704.0
2024-05,2024,5,2,292,KW,คูเวต,1A,ทวีปเอเชีย,22331472.0,240092.0
2024-05,2024,5,2,298,TR,ตุรกี,1A,ทวีปเอเชีย,8818964.0,47705.0
2024-05,2024,5,2,411,CO,โคลอมเบีย,1D,ทวีปอเมริกาใต้,8003102.0,15940.0
2024-05,2024,5,2,268,KH,กัมพูชา,1A,ทวีปเอเชีย,10729704.0,170611.0
2024-05,2024,5,2,295,QA,กาตาร์,1A,ทวีปเอเชีย,9983818.0,75046.0
2024-05,2024,5,2,372,MX,เม็กซิโก,1C,ทวีปอเมริกาเหนือ,29219652.0,48459.0
2024-05,2024,5,2,456,MU,มอริเชียส,1E,ทวีปแอฟริกา,5431581.0,89065.0
2024-05,2024,5,2,269,LA,สปป. ลาว,1A,ทวีปเอเชีย,6685375.0,107611.0
2024-05,2024,5,2,478,ZA,แอฟริกาใต้,1E,ทวีปแอฟริกา,7380021.0,95431.0
2024-05,2024,5,2,318,FI,ฟินแลนด์,1B,ทวีปยุโรป,3209080.0,17280.0
2024-05,2024,5,2,417,PE,เปรู,1D,ทวีปอเมริกาใต้,0.0,0.0
2024-05,2024,5,2,283,PK,ปากีสถาน,1A,ทวีปเอเชีย,9102594.0,108037.0
2024-05,2024,5,2,277,BD,บังกลาเทศ,1A,ทวีปเอเชีย,2120739.0,20287.0
2024-05,2024,5,2,356,CH,สวิตเซอร์แลนด์,1B,ทวีปยุโรป,3032671.0,20891.0
2024-05,2024,5,2,289,IQ,อิรัก,1A,ทวีปเอเชีย,13984748.0,51565.0
2024-05,2024,5,2,351,UA,ยูเครน,1B,ทวีปยุโรป,3449526.0,12671.0
2024-05,2024,5,2,286,BH,บาห์เรน,1A,ทวีปเอเชีย,4156409.0,36883.0
2024-05,2024,5,2,294,OM,โอมาน,1A,ทวีปเอเชีย,3166989.0,52086.0
2024-05,2024,5,2,365,MT,มอลตา,1B,ทวีปยุโรป,0.0,0.0
2024-05,2024,5,2,343,PL,โปแลนด์,1B,ทวีปยุโรป,8304356.0,30553.0
2024-05,2024,5,2,317,ES,สเปน,1B,ทวีปยุโรป,622215.0,1979.0
2024-05,2024,5,2,280,LK,ศรีลังกา,1A,ทวีปเอเชีย,2983461.0,47440.0
2024-05,2024,5,2,344,RO,โรมาเนีย,1B,ทวีปยุโรป,0.0,0.0
2024-05,2024,5,2,312,AT,ออสเตรีย,1B,ทวีปยุโรป,0.0,0.0
2024-05,2024,5,2,362,LT,ลิทัวเนีย,1B,ทวีปยุโรป,0.0,0.0
2024-05,2024,5,2,316,DK,เดนมาร์ก,1B,ทวีปยุโรป,2810584.0,19847.0
2024-05,2024,5,2,341,KZ,คาซัคสถาน,1A,ทวีปเอเชีย,0.0,0.0
2024-05,2024,5,2,321,GR,กรีซ,1B,ทวีปยุโรป,0.0,0.0
2024-05,2024,5,2,336,CZ,สาธารณรัฐเช็ก,1B,ทวีปยุโรป,1839556.0,7502.0
2024-05,2024,5,2,498,PF,เฟรนช์โปลีนีเซีย,1F,ทวีปออสเตรเลีย,1314593.0,30071.0
2024-05,2024,5,2,293,LB,เลบานอน,1A,ทวีปเอเชีย,0.0,0.0
2024-05,2024,5,2,281,MV,มัลดีฟส์,1A,ทวีปเอเชีย,33751.0,710.0
2024-05,2024,5,2,451,LY,ลิเบีย,1E,ทวีปแอฟริกา,1848774.0,3743.0
2024-05,2024,5,2,376,AN,เนเธอร์แลนด์แอนทิลลีส,1C,ทวีปอเมริกาเหนือ,0.0,0.0
2024-05,2024,5,2,381,CR,คอสตาริกา,1C,ทวีปอเมริกาเหนือ,1702659.0,3175.0
2024-05,2024,5,2,447,KE,เคนยา,1E,ทวีปแอฟริกา,0.0,0.0
2024-05,2024,5,2,398,PR,เปอร์โตริโก,1C,ทวีปอเมริกาเหนือ,728849.0,23100.0
2024-05,2024,5,2,476,TZ,แทนซาเนีย,1E,ทวีปแอฟริกา,0.0,0.0
2024-05,2024,5,2,412,EC,เอกวาดอร์,1D,ทวีปอเมริกาใต้,0.0,0.0
2024-05,2024,5,2,407,AR,อาร์เจนตินา,1D,ทวีปอเมริกาใต้,0.0,0.0
2024-05,2024,5,2,493,NC,นิวแคลีโดเนีย,1F,ทวีปออสเตรเลีย,839726.0,20402.0
2024-05,2024,5,2,291,JO,จอร์แดน,1A,ทวีปเอเชีย,180952.0,934.0
2024-05,2024,5,2,397,PA,ปานามา,1C,ทวีปอเมริกาเหนือ,1293122.0,3701.0
2024-05,2024,5,2,388,GT,กัวเตมาลา,1C,ทวีปอเมริกาเหนือ,0.0,0.0
2024-05,2024,5,2,282,NP,เนปาล,1A,ทวีปเอเชีย,0.0,0.0
2024-05,2024,5,2,290,IR,อิหร่าน,1A,ทวีปเอเชีย,490740.0,505.0
2024-05,2024,5,2,465,SC,เซเชลส์,1E,ทวีปแอฟริกา,3000.0,6.0
2024-05,2024,5,2,278,BT,ภูฎาน,1A,ทวีปเอเชีย,18721.0,456.0
2024-05,2024,5,2,366,NO,นอร์เวย์,1B,ทวีปยุโรป,0.0,0.0
2024-05,2024,5,2,486,FJ,ฟิจิ,1F,ทวีปออสเตรเลีย,0.0,0.0
2024-06,2024,6,2,373,US,สหรัฐอเมริกา,1C,ทวีปอเมริกาเหนือ,2513433347.0,11596670.0
2024-06,2024,6,2,304,JP,ญี่ปุ่น,1A,ทวีปเอเชีย,849682142.0,9087572.0
2024-06,2024,6,2,323,IT,อิตาลี,1B,ทวีปยุโรป,393408371.0,2195873.0
2024-06,2024,6,2,483,AU,ออสเตรเลีย,1F,ทวีปออสเตรเลีย,577597636.0,5412264.0
2024-06,2024,6,2,271,MY,มาเลเซีย,1A,ทวีปเอเชีย,462970955.0,7852535.0
2024-06,2024,6,2,272,PH,ฟิลิปปินส์,1A,ทวีปเอเชีย,343288023.0,7669449.0
2024-06,2024,6,2,315,DE,เยอรมนี,1B,ทวีปยุโรป,227143846.0,1371011.0
2024-06,2024,6,2,309,TW,ไต้หวัน,1A,ทวีปเอเชีย,258772622.0,2537441.0
2024-06,2024,6,2,320,GB,สหราชอาณาจักร,1B,ทวีปยุโรป,270535665.0,1721113.0
2024-06,2024,6,2,279,IN,อินเดีย,1A,ทวีปเอเชีย,274389061.0,3974638.0
2024-06,2024,6,2,267,ID,อินโดนีเซีย,1A,ทวีปเอเชีย,181499444.0,3145195.0
2024-06,2024,6,2,371,CA,แคนาดา,1C,ทวีปอเมริกาเหนือ,142349765.0,732734.0
2024-06,2024,6,2,302,CN,จีน,1A,ทวีปเอเชีย,120177105.0,714723.0
2024-06,2024,6,2,306,KR,เกาหลีใต้,1A,ทวีปเอเชีย,103480989.0,737595.0
2024-06,2024,6,2,497,NZ,นิวซีแลนด์,1F,ทวีปออสเตรเลีย,112266909.0,1521271.0
2024-06,2024,6,2,285,AE,สหรัฐอาหรับเอมิเรตส์,1A,ทวีปเอเชีย,105350855.0,1230074.0
2024-06,2024,6,2,313,BE,เบลเยียม,1B,ทวีปยุโรป,106055179.0,528505.0
2024-06,2024,6,2,274,VN,เวียดนาม,1A,ทวีปเอเชีย,77055335.0,1433225.0
2024-06,2024,6,2,303,HK,ฮ่องกง,1A,ทวีปเอเชีย,62328472.0,498580.0
2024-06,2024,6,2,273,SG,สิงคโปร์,1A,ทวีปเอเชีย,70432292.0,525607.0
2024-06,2024,6,2,296,SA,ซาอุดีอาระเบีย,1A,ทวีปเอเชีย,57600162.0,546283.0
2024-06,2024,6,2,319,FR,ฝรั่งเศส,1B,ทวีปยุโรป,59061384.0,292803.0
2024-06,2024,6,2,325,NL,เนเธอร์แลนด์,1B,ทวีปยุโรป,24541436.0,124622.0
2024-06,2024,6,2,270,MM,เมียนมา,1A,ทวีปเอเชีย,24979353.0,551177.0
2024-06,2024,6,2,345,RU,รัสเซีย,1B,ทวีปยุโรป,0.0,0.0
2024-06,2024,6,2,266,BN,บรูไน,1A,ทวีปเอเชีย,25908006.0,474186.0
2024-06,2024,6,2,410,CL,ชิลี,1D,ทวีปอเมริกาใต้,18463665.0,33695.0
2024-06,2024,6,2,409,BR,บราซิล,1D,ทวีปอเมริกาใต้,0.0,0.0
2024-06,2024,6,2,288,IL,อิสราเอล,1A,ทวีปเอเชีย,14740876.0,116071.0
2024-06,2024,6,2,292,KW,คูเวต,1A,ทวีปเอเชีย,13272164.0,138164.0
2024-06,2024,6,2,327,SE,สวีเดน,1B,ทวีปยุโรป,4141416.0,16762.0
2024-06,2024,6,2,298,TR,ตุรกี,1A,ทวีปเอเชีย,8156872.0,31188.0
2024-06,2024,6,2,411,CO,โคลอมเบีย,1D,ทวีปอเมริกาใต้,10213884.0,21940.0
2024-06,2024,6,2,268,KH,กัมพูชา,1A,ทวีปเอเชีย,10005854.0,169109.0
2024-06,2024,6,2,295,QA,กาตาร์,1A,ทวีปเอเชีย,5216468.0,53317.0
2024-06,2024,6,2,372,MX,เม็กซิโก,1C,ทวีปอเมริกาเหนือ,0.0,0.0
2024-06,2024,6,2,318,FI,ฟินแลนด์,1B,ทวีปยุโรป,8609100.0,48343.0
2024-06,2024,6,2,456,MU,มอริเชียส,1E,ทวีปแอฟริกา,5099003.0,79129.0
2024-06,2024,6,2,269,LA,สปป. ลาว,1A,ทวีปเอเชีย,5188330.0,89023.0
2024-06,2024,6,2,478,ZA,แอฟริกาใต้,1E,ทวีปแอฟริกา,4682917.0,44343.0
2024-06,2024,6,2,351,UA,ยูเครน,1B,ทวีปยุโรป,11182647.0,49553.0
2024-06,2024,6,2,356,CH,สวิตเซอร์แลนด์,1B,ทวีปยุโรป,4370103.0,21366.0
2024-06,2024,6,2,277,BD,บังกลาเทศ,1A,ทวีปเอเชีย,3759222.0,64640.0
2024-06,2024,6,2,417,PE,เปรู,1D,ทวีปอเมริกาใต้,0.0,0.0
2024-06,2024,6,2,286,BH,บาห์เรน,1A,ทวีปเอเชีย,7668094.0,120913.0
2024-06,2024,6,2,289,IQ,อิรัก,1A,ทวีปเอเชีย,2627315.0,14873.0
2024-06,2024,6,2,294,OM,โอมาน,1A,ทวีปเอเชีย,5742595.0,66095.0
2024-06,2024,6,2,283,PK,ปากีสถาน,1A,ทวีปเอเชีย,317825.0,3353.0
2024-06,2024,6,2,365,MT,มอลตา,1B,ทวีปยุโรป,1910261.0,13668.0
2024-06,2024,6,2,343,PL,โปแลนด์,1B,ทวีปยุโรป,0.0,0.0
2024-06,2024,6,2,312,AT,ออสเตรีย,1B,ทวีปยุโรป,6721410.0,35267.0
2024-06,2024,6,2,317,ES,สเปน,1B,ทวีปยุโรป,2263116.0,14064.0
2024-06,2024,6,2,280,LK,ศรีลังกา,1A,ทวีปเอเชีย,2199551.0,39026.0
2024-06,2024,6,2,344,RO,โรมาเนีย,1B,ทวีปยุโรป,0.0,0.0
2024-06,2024,6,2,336,CZ,สาธารณรัฐเช็ก,1B,ทวีปยุโรป,1384283.0,7458.0
2024-06,2024,6,2,362,LT,ลิทัวเนีย,1B,ทวีปยุโรป,0.0,0.0
2024-06,2024,6,2,316,DK,เดนมาร์ก,1B,ทวีปยุโรป,112032.0,966.0
2024-06,2024,6,2,293,LB,เลบานอน,1A,ทวีปเอเชีย,1660269.0,3357.0
2024-06,2024,6,2,341,KZ,คาซัคสถาน,1A,ทวีปเอเชีย,0.0,0.0
2024-06,2024,6,2,321,GR,กรีซ,1B,ทวีปยุโรป,0.0,0.0
2024-06,2024,6,2,498,PF,เฟรนช์โปลีนีเซีย,1F,ทวีปออสเตรเลีย,0.0,0.0
2024-06,2024,6,2,281,MV,มัลดีฟส์,1A,ทวีปเอเชีย,286020.0,2576.0
2024-06,2024,6,2,422,VE,เวเนซุเอลา,1D,ทวีปอเมริกาใต้,3227364.0,4745.0
2024-06,2024,6,2,476,TZ,แทนซาเนีย,1E,ทวีปแอฟริกา,1085112.0,22301.0
2024-06,2024,6,2,451,LY,ลิเบีย,1E,ทวีปแอฟริกา,0.0,0.0
2024-06,2024,6,2,398,PR,เปอร์โตริโก,1C,ทวีปอเมริกาเหนือ,686128.0,18144.0
2024-06,2024,6,2,407,AR,อาร์เจนตินา,1D,ทวีปอเมริกาใต้,819805.0,2481.0
2024-06,2024,6,2,376,AN,เนเธอร์แลนด์แอนทิลลีส,1C,ทวีปอเมริกาเหนือ,0.0,0.0
2024-06,2024,6,2,381,CR,คอสตาริกา,1C,ทวีปอเมริกาเหนือ,0.0,0.0
2024-06,2024,6,2,447,KE,เคนยา,1E,ทวีปแอฟริกา,0.0,0.0
2024-06,2024,6,2,412,EC,เอกวาดอร์,1D,ทวีปอเมริกาใต้,0.0,0.0
2024-06,2024,6,2,388,GT,กัวเตมาลา,1C,ทวีปอเมริกาเหนือ,1101710.0,1828.0
2024-06,2024,6,2,291,JO,จอร์แดน,1A,ทวีปเอเชีย,539957.0,4425.0
2024-06,2024,6,2,377,BB,บาร์เบโดส,1C,ทวีปอเมริกาเหนือ,1821266.0,23040.0
2024-06,2024,6,2,493,NC,นิวแคลีโดเนีย,1F,ทวีปออสเตรเลีย,0.0,0.0
2024-06,2024,6,2,282,NP,เนปาล,1A,ทวีปเอเชีย,967320.0,13809.0
2024-06,2024,6,2,397,PA,ปานามา,1C,ทวีปอเมริกาเหนือ,0.0,0.0
2024-06,2024,6,2,290,IR,อิหร่าน,1A,ทวีปเอเชีย,0.0,0.0
2024-06,2024,6,2,465,SC,เซเชลส์,1E,ทวีปแอฟริกา,0.0,0.0
2024-06,2024,6,2,278,BT,ภูฎาน,1A,ทวีปเอเชีย,0.0,0.0
2024-06,2024,6,2,384,DO,สาธารณรัฐโดมินิกัน,1C,ทวีปอเมริกาเหนือ,96050.0,292.0
2024-06,2024,6,2,430,CG,คองโก,1E,ทวีปแอฟริกา,21602.0,66.0
2024-06,2024,6,2,333,BG,บัลแกเรีย,1B,ทวีปยุโรป,1440.0,4.0
2024-06,2024,6,2,366,NO,นอร์เวย์,1B,ทวีปยุโรป,0.0,0.0
2024-06,2024,6,2,486,FJ,ฟิจิ,1F,ทวีปออสเตรเลีย,0.0,0.0
2024-07,2024,7,3,373,US,สหรัฐอเมริกา,1C,ทวีปอเมริกาเหนือ,2696833498.0,12666219.0
2024-07,2024,7,3,304,JP,ญี่ปุ่น,1A,ทวีปเอเชีย,1000242231.0,9682533.0
2024-07,2024,7,3,323,IT,อิตาลี,1B,ทวีปยุโรป,570182168.0,3199353.0
2024-07,2024,7,3,483,AU,ออสเตรเลีย,1F,ทวีปออสเตรเลีย,563896613.0,5055044.0
2024-07,2024,7,3,271,MY,มาเลเซีย,1A,ทวีปเอเชีย,483352647.0,8751489.0
2024-07,2024,7,3,272,PH,ฟิลิปปินส์,1A,ทวีปเอเชีย,367366471.0,8012107.0
2024-07,2024,7,3,315,DE,เยอรมนี,1B,ทวีปยุโรป,333805391.0,2049602.0
2024-07,2024,7,3,320,GB,สหราชอาณาจักร,1B,ทวีปยุโรป,335730666.0,1787238.0
2024-07,2024,7,3,309,TW,ไต้หวัน,1A,ทวีปเอเชีย,230407576.0,2157604.0
2024-07,2024,7,3,279,IN,อินเดีย,1A,ทวีปเอเชีย,274066836.0,3898257.0
2024-07,2024,7,3,267,ID,อินโดนีเซีย,1A,ทวีปเอเชีย,238025295.0,3493857.0
2024-07,2024,7,3,371,CA,แคนาดา,1C,ทวีปอเมริกาเหนือ,200234724.0,976958.0
2024-07,2024,7,3,302,CN,จีน,1A,ทวีปเอเชีย,134397302.0,727683.0
2024-07,2024,7,3,306,KR,เกาหลีใต้,1A,ทวีปเอเชีย,112566205.0,905854.0
2024-07,2024,7,3,497,NZ,นิวซีแลนด์,1F,ทวีปออสเตรเลีย,156799565.0,2156188.0
2024-07,2024,7,3,285,AE,สหรัฐอาหรับเอมิเรตส์,1A,ทวีปเอเชีย,124852813.0,1409446.0
2024-07,2024,7,3,313,BE,เบลเยียม,1B,ทวีปยุโรป,159225024.0,852626.0
2024-07,2024,7,3,274,VN,เวียดนาม,1A,ทวีปเอเชีย,95459740.0,1736491.0
2024-07,2024,7,3,303,HK,ฮ่องกง,1A,ทวีปเอเชีย,80936154.0,621697.0
2024-07,2024,7,3,273,SG,สิงคโปร์,1A,ทวีปเอเชีย,58920103.0,498984.0
2024-07,2024,7,3,296,SA,ซาอุดีอาระเบีย,1A,ทวีปเอเชีย,57627368.0,503818.0
2024-07,2024,7,3,319,FR,ฝรั่งเศส,1B,ทวีปยุโรป,60635650.0,303978.0
2024-07,2024,7,3,325,NL,เนเธอร์แลนด์,1B,ทวีปยุโรป,38198305.0,204064.0
2024-07,2024,7,3,270,MM,เมียนมา,1A,ทวีปเอเชีย,10555336.0,202763.0
2024-07,2024,7,3,410,CL,ชิลี,1D,ทวีปอเมริกาใต้,48314199.0,95581.0
2024-07,2024,7,3,345,RU,รัสเซีย,1B,ทวีปยุโรป,0.0,0.0
2024-07,2024,7,3,266,BN,บรูไน,1A,ทวีปเอเชีย,30995057.0,440845.0
2024-07,2024,7,3,288,IL,อิสราเอล,1A,ทวีปเอเชีย,14073297.0,69389.0
2024-07,2024,7,3,409,BR,บราซิล,1D,ทวีปอเมริกาใต้,0.0,0.0
2024-07,2024,7,3,292,KW,คูเวต,1A,ทวีปเอเชีย,16687632.0,132341.0
2024-07,2024,7,3,327,SE,สวีเดน,1B,ทวีปยุโรป,17513198.0,88480.0
2024-07,2024,7,3,298,TR,ตุรกี,1A,ทวีปเอเชีย,5835055.0,21750.0
2024-07,2024,7,3,411,CO,โคลอมเบีย,1D,ทวีปอเมริกาใต้,9934791.0,19293.0
2024-07,2024,7,3,372,MX,เม็กซิโก,1C,ทวีปอเมริกาเหนือ,23249499.0,42088.0
2024-07,2024,7,3,268,KH,กัมพูชา,1A,ทวีปเอเชีย,9808745.0,141575.0
2024-07,2024,7,3,295,QA,กาตาร์,1A,ทวีปเอเชีย,6723012.0,85250.0
2024-07,2024,7,3,456,MU,มอริเชียส,1E,ทวีปแอฟริกา,18677500.0,273889.0
2024-07,2024,7,3,318,FI,ฟินแลนด์,1B,ทวีปยุโรป,8673773.0,51470.0
2024-07,2024,7,3,269,LA,สปป. ลาว,1A,ทวีปเอเชีย,5816738.0,98163.0
2024-07,2024,7,3,478,ZA,แอฟริกาใต้,1E,ทวีปแอฟริกา,6216029.0,66829.0
2024-07,2024,7,3,286,BH,บาห์เรน,1A,ทวีปเอเชีย,11131461.0,152883.0
2024-07,2024,7,3,351,UA,ยูเครน,1B,ทวีปยุโรป,3432351.0,12673.0
2024-07,2024,7,3,356,CH,สวิตเซอร์แลนด์,1B,ทวีปยุโรป,7523070.0,42258.0
2024-07,2024,7,3,417,PE,เปรู,1D,ทวีปอเมริกาใต้,5325663.0,8660.0
2024-07,2024,7,3,277,BD,บังกลาเทศ,1A,ทวีปเอเชีย,3200094.0,61861.0
2024-07,2024,7,3,294,OM,โอมาน,1A,ทวีปเอเชีย,4536549.0,57489.0
2024-07,2024,7,3,289,IQ,อิรัก,1A,ทวีปเอเชีย,1990900.0,40798.0
2024-07,2024,7,3,283,PK,ปากีสถาน,1A,ทวีปเอเชีย,1428994.0,14018.0
2024-07,2024,7,3,317,ES,สเปน,1B,ทวีปยุโรป,8705529.0,47768.0
2024-07,2024,7,3,343,PL,โปแลนด์,1B,ทวีปยุโรป,6257380.0,33392.0
2024-07,2024,7,3,365,MT,มอลตา,1B,ทวีปยุโรป,1941280.0,14628.0
2024-07,2024,7,3,280,LK,ศรีลังกา,1A,ทวีปเอเชีย,3568582.0,65828.0
2024-07,2024,7,3,312,AT,ออสเตรีย,1B,ทวีปยุโรป,2276989.0,13440.0
2024-07,2024,7,3,293,LB,เลบานอน,1A,ทวีปเอเชีย,4240184.0,26153.0
2024-07,2024,7,3,362,LT,ลิทัวเนีย,1B,ทวีปยุโรป,3581024.0,17428.0
2024-07,2024,7,3,316,DK,เดนมาร์ก,1B,ทวีปยุโรป,3727534.0,18213.0
2024-07,2024,7,3,344,RO,โรมาเนีย,1B,ทวีปยุโรป,0.0,0.0
2024-07,2024,7,3,321,GR,กรีซ,1B,ทวีปยุโรป,2496566.0,4245.0
2024-07,2024,7,3,336,CZ,สาธารณรัฐเช็ก,1B,ทวีปยุโรป,845437.0,5129.0
2024-07,2024,7,3,498,PF,เฟรนช์โปลีนีเซีย,1F,ทวีปออสเตรเลีย,1359208.0,30450.0
2024-07,2024,7,3,341,KZ,คาซัคสถาน,1A,ทวีปเอเชีย,0.0,0.0
2024-07,2024,7,3,421,UY,อุรุกวัย,1D,ทวีปอเมริกาใต้,4327259.0,7934.0
2024-07,2024,7,3,451,LY,ลิเบีย,1E,ทวีปแอฟริกา,964615.0,17028.0
2024-07,2024,7,3,412,EC,เอกวาดอร์,1D,ทวีปอเมริกาใต้,2116951.0,4806.0
2024-07,2024,7,3,281,MV,มัลดีฟส์,1A,ทวีปเอเชีย,138610.0,2376.0
2024-07,2024,7,3,291,JO,จอร์แดน,1A,ทวีปเอเชีย,1670467.0,6144.0
2024-07,2024,7,3,398,PR,เปอร์โตริโก,1C,ทวีปอเมริกาเหนือ,780112.0,24906.0
2024-07,2024,7,3,407,AR,อาร์เจนตินา,1D,ทวีปอเมริกาใต้,764518.0,2849.0
2024-07,2024,7,3,422,VE,เวเนซุเอลา,1D,ทวีปอเมริกาใต้,0.0,0.0
2024-07,2024,7,3,476,TZ,แทนซาเนีย,1E,ทวีปแอฟริกา,0.0,0.0
2024-07,2024,7,3,376,AN,เนเธอร์แลนด์แอนทิลลีส,1C,ทวีปอเมริกาเหนือ,0.0,0.0
2024-07,2024,7,3,381,CR,คอสตาริกา,1C,ทวีปอเมริกาเหนือ,0.0,0.0
2024-07,2024,7,3,447,KE,เคนยา,1E,ทวีปแอฟริกา,0.0,0.0
2024-07,2024,7,3,397,PA,ปานามา,1C,ทวีปอเมริกาเหนือ,737688.0,2503.0
2024-07,2024,7,3,388,GT,กัวเตมาลา,1C,ทวีปอเมริกาเหนือ,0.0,0.0
2024-07,2024,7,3,377,BB,บาร์เบโดส,1C,ทวีปอเมริกาเหนือ,0.0,0.0
2024-07,2024,7,3,493,NC,นิวแคลีโดเนีย,1F,ทวีปออสเตรเลีย,0.0,0.0
2024-07,2024,7,3,282,NP,เนปาล,1A,ทวีปเอเชีย,0.0,0.0
2024-07,2024,7,3,389,HN,ฮอนดูรัส,1C,ทวีปอเมริกาเหนือ,1116285.0,1830.0
2024-07,2024,7,3,290,IR,อิหร่าน,1A,ทวีปเอเชีย,0.0,0.0
2024-07,2024,7,3,465,SC,เซเชลส์,1E,ทวีปแอฟริกา,30576.0,93.0
2024-07,2024,7,3,278,BT,ภูฎาน,1A,ทวีปเอเชีย,42351.0,183.0
2024-07,2024,7,3,384,DO,สาธารณรัฐโดมินิกัน,1C,ทวีปอเมริกาเหนือ,0.0,0.0
2024-07,2024,7,3,430,CG,คองโก,1E,ทวีปแอฟริกา,0.0,0.0
2024-07,2024,7,3,333,BG,บัลแกเรีย,1B,ทวีปยุโรป,0.0,0.0
2024-07,2024,7,3,366,NO,นอร์เวย์,1B,ทวีปยุโรป,0.0,0.0
2024-07,2024,7,3,486,FJ,ฟิจิ,1F,ทวีปออสเตรเลีย,0.0,0.0
2024-08,2024,8,3,373,US,สหรัฐอเมริกา,1C,ทวีปอเมริกาเหนือ,2959319562.0,13845382.0
2024-08,2024,8,3,304,JP,ญี่ปุ่น,1A,ทวีปเอเชีย,1037607838.0,9670015.0
2024-08,2024,8,3,323,IT,อิตาลี,1B,ทวีปยุโรป,548372799.0,3110635.0
2024-08,2024,8,3,483,AU,ออสเตรเลีย,1F,ทวีปออสเตรเลีย,637831434.0,6461617.0
2024-08,2024,8,3,271,MY,มาเลเซีย,1A,ทวีปเอเชีย,429495049.0,6727332.0
2024-08,2024,8,3,272,PH,ฟิลิปปินส์,1A,ทวีปเอเชีย,353236466.0,7587269.0
2024-08,2024,8,3,315,DE,เยอรมนี,1B,ทวีปยุโรป,338177322.0,2131724.0
2024-08,2024,8,3,320,GB,สหราชอาณาจักร,1B,ทวีปยุโรป,270724703.0,1484975.0
2024-08,2024,8,3,309,TW,ไต้หวัน,1A,ทวีปเอเชีย,243564738.0,2167889.0
2024-08,2024,8,3,279,IN,อินเดีย,1A,ทวีปเอเชีย,206166423.0,2881022.0
2024-08,2024,8,3,267,ID,อินโดนีเซีย,1A,ทวีปเอเชีย,358749121.0,5836411.0
2024-08,2024,8,3,371,CA,แคนาดา,1C,ทวีปอเมริกาเหนือ,215455139.0,1195262.0
2024-08,2024,8,3,302,CN,จีน,1A,ทวีปเอเชีย,145247776.0,901144.0
2024-08,2024,8,3,306,KR,เกาหลีใต้,1A,ทวีปเอเชีย,121121536.0,926846.0
2024-08,2024,8,3,497,NZ,นิวซีแลนด์,1F,ทวีปออสเตรเลีย,89853234.0,1281685.0
2024-08,2024,8,3,313,BE,เบลเยียม,1B,ทวีปยุโรป,150903272.0,823053.0
2024-08,2024,8,3,285,AE,สหรัฐอาหรับเอมิเรตส์,1A,ทวีปเอเชีย,89705956.0,921710.0
2024-08,2024,8,3,274,VN,เวียดนาม,1A,ทวีปเอเชีย,91183021.0,1753367.0
2024-08,2024,8,3,303,HK,ฮ่องกง,1A,ทวีปเอเชีย,67872299.0,517274.0
2024-08,2024,8,3,273,SG,สิงคโปร์,1A,ทวีปเอเชีย,73408930.0,539665.0
2024-08,2024,8,3,296,SA,ซาอุดีอาระเบีย,1A,ทวีปเอเชีย,46021371.0,362997.0
2024-08,2024,8,3,319,FR,ฝรั่งเศส,1B,ทวีปยุโรป,71029720.0,338598.0
2024-08,2024,8,3,325,NL,เนเธอร์แลนด์,1B,ทวีปยุโรป,26843875.0,134518.0
2024-08,2024,8,3,270,MM,เมียนมา,1A,ทวีปเอเชีย,34019599.0,619484.0
2024-08,2024,8,3,410,CL,ชิลี,1D,ทวีปอเมริกาใต้,40000398.0,71449.0
2024-08,2024,8,3,266,BN,บรูไน,1A,ทวีปเอเชีย,14111285.0,292449.0
2024-08,2024,8,3,345,RU,รัสเซีย,1B,ทวีปยุโรป,0.0,0.0
2024-08,2024,8,3,288,IL,อิสราเอล,1A,ทวีปเอเชีย,10517173.0,59375.0
2024-08,2024,8,3,292,KW,คูเวต,1A,ทวีปเอเชีย,25869194.0,238832.0
2024-08,2024,8,3,327,SE,สวีเดน,1B,ทวีปยุโรป,13928226.0,57891.0
2024-08,2024,8,3,409,BR,บราซิล,1D,ทวีปอเมริกาใต้,0.0,0.0
2024-08,2024,8,3,372,MX,เม็กซิโก,1C,ทวีปอเมริกาเหนือ,31458337.0,67500.0
2024-08,2024,8,3,298,TR,ตุรกี,1A,ทวีปเอเชีย,12488128.0,47492.0
2024-08,2024,8,3,411,CO,โคลอมเบีย,1D,ทวีปอเมริกาใต้,9606884.0,21479.0
2024-08,2024,8,3,268,KH,กัมพูชา,1A,ทวีปเอเชีย,10178640.0,151018.0
2024-08,2024,8,3,295,QA,กาตาร์,1A,ทวีปเอเชีย,10002556.0,66241.0
2024-08,2024,8,3,456,MU,มอริเชียส,1E,ทวีปแอฟริกา,7141138.0,119206.0
2024-08,2024,8,3,318,FI,ฟินแลนด์,1B,ทวีปยุโรป,4731930.0,22889.0
2024-08,2024,8,3,478,ZA,แอฟริกาใต้,1E,ทวีปแอฟริกา,7393237.0,62968.0
2024-08,2024,8,3,269,LA,สปป. ลาว,1A,ทวีปเอเชีย,5999992.0,115931.0
2024-08,2024,8,3,286,BH,บาห์เรน,1A,ทวีปเอเชีย,3850674.0,56870.0
2024-08,2024,8,3,356,CH,สวิตเซอร์แลนด์,1B,ทวีปยุโรป,6056564.0,34812.0
2024-08,2024,8,3,351,UA,ยูเครน,1B,ทวีปยุโรป,5370010.0,23062.0
2024-08,2024,8,3,417,PE,เปรู,1D,ทวีปอเมริกาใต้,7403348.0,20410.0
2024-08,2024,8,3,277,BD,บังกลาเทศ,1A,ทวีปเอเชีย,6331675.0,99049.0
2024-08,2024,8,3,343,PL,โปแลนด์,1B,ทวีปยุโรป,9581294.0,29865.0
2024-08,2024,8,3,289,IQ,อิรัก,1A,ทวีปเอเชีย,5239054.0,37895.0
2024-08,2024,8,3,294,OM,โอมาน,1A,ทวีปเอเชีย,2643933.0,49827.0
2024-08,2024,8,3,280,LK,ศรีลังกา,1A,ทวีปเอเชีย,8664554.0,168273.0
2024-08,2024,8,3,283,PK,ปากีสถาน,1A,ทวีปเอเชีย,0.0,0.0
2024-08,2024,8,3,317,ES,สเปน,1B,ทวีปยุโรป,0.0,0.0
2024-08,2024,8,3,312,AT,ออสเตรีย,1B,ทวีปยุโรป,4808695.0,18528.0
2024-08,2024,8,3,365,MT,มอลตา,1B,ทวีปยุโรป,1877536.0,12756.0
2024-08,2024,8,3,362,LT,ลิทัวเนีย,1B,ทวีปยุโรป,7440312.0,37856.0
2024-08,2024,8,3,316,DK,เดนมาร์ก,1B,ทวีปยุโรป,3396223.0,18708.0
2024-08,2024,8,3,293,LB,เลบานอน,1A,ทวีปเอเชีย,1447786.0,14669.0
2024-08,2024,8,3,344,RO,โรมาเนีย,1B,ทวีปยุโรป,1558761.0,9110.0
2024-08,2024,8,3,321,GR,กรีซ,1B,ทวีปยุโรป,1699101.0,10248.0
2024-08,2024,8,3,336,CZ,สาธารณรัฐเช็ก,1B,ทวีปยุโรป,2102628.0,10929.0
2024-08,2024,8,3,498,PF,เฟรนช์โปลีนีเซีย,1F,ทวีปออสเตรเลีย,703444.0,16310.0
2024-08,2024,8,3,341,KZ,คาซัคสถาน,1A,ทวีปเอเชีย,1000.0,12.0
2024-08,2024,8,3,281,MV,มัลดีฟส์,1A,ทวีปเอเชีย,1476309.0,14268.0
2024-08,2024,8,3,451,LY,ลิเบีย,1E,ทวีปแอฟริกา,878473.0,15458.0
2024-08,2024,8,3,412,EC,เอกวาดอร์,1D,ทวีปอเมริกาใต้,549024.0,914.0
2024-08,2024,8,3,398,PR,เปอร์โตริโก,1C,ทวีปอเมริกาเหนือ,724759.0,24080.0
2024-08,2024,8,3,421,UY,อุรุกวัย,1D,ทวีปอเมริกาใต้,0.0,0.0
2024-08,2024,8,3,476,TZ,แทนซาเนีย,1E,ทวีปแอฟริกา,1045555.0,22267.0
2024-08,2024,8,3,407,AR,อาร์เจนตินา,1D,ทวีปอเมริกาใต้,885541.0,2790.0
2024-08,2024,8,3,291,JO,จอร์แดน,1A,ทวีปเอเชีย,530020.0,3341.0
2024-08,2024,8,3,388,GT,กัวเตมาลา,1C,ทวีปอเมริกาเหนือ,2064329.0,3338.0
2024-08,2024,8,3,422,VE,เวเนซุเอลา,1D,ทวีปอเมริกาใต้,0.0,0.0
2024-08,2024,8,3,376,AN,เนเธอร์แลนด์แอนทิลลีส,1C,ทวีปอเมริกาเหนือ,0.0,0.0
2024-08,2024,8,3,493,NC,นิวแคลีโดเนีย,1F,ทวีปออสเตรเลีย,840563.0,20037.0
2024-08,2024,8,3,381,CR,คอสตาริกา,1C,ทวีปอเมริกาเหนือ,0.0,0.0
2024-08,2024,8,3,447,KE,เคนยา,1E,ทวีปแอฟริกา,0.0,0.0
2024-08,2024,8,3,397,PA,ปานามา,1C,ทวีปอเมริกาเหนือ,0.0,0.0
2024-08,2024,8,3,377,BB,บาร์เบโดส,1C,ทวีปอเมริกาเหนือ,0.0,0.0
2024-08,2024,8,3,282,NP,เนปาล,1A,ทวีปเอเชีย,0.0,0.0
2024-08,2024,8,3,389,HN,ฮอนดูรัส,1C,ทวีปอเมริกาเหนือ,0.0,0.0
2024-08,2024,8,3,290,IR,อิหร่าน,1A,ทวีปเอเชีย,0.0,0.0
2024-08,2024,8,3,465,SC,เซเชลส์,1E,ทวีปแอฟริกา,44000.0,1200.0
2024-08,2024,8,3,278,BT,ภูฎาน,1A,ทวีปเอเชีย,0.0,0.0
2024-08,2024,8,3,384,DO,สาธารณรัฐโดมินิกัน,1C,ทวีปอเมริกาเหนือ,0.0,0.0
2024-08,2024,8,3,430,CG,คองโก,1E,ทวีปแอฟริกา,0.0,0.0
2024-08,2024,8,3,333,BG,บัลแกเรีย,1B,ทวีปยุโรป,0.0,0.0
2024-08,2024,8,3,366,NO,นอร์เวย์,1B,ทวีปยุโรป,0.0,0.0
2024-08,2024,8,3,486,FJ,ฟิจิ,1F,ทวีปออสเตรเลีย,0.0,0.0
2024-09,2024,9,3,373,US,สหรัฐอเมริกา,1C,ทวีปอเมริกาเหนือ,2611924235.0,13581243.0
2024-09,2024,9,3,304,JP,ญี่ปุ่น,1A,ทวีปเอเชีย,873239024.0,8739653.0
2024-09,2024,9,3,323,IT,อิตาลี,1B,ทวีปยุโรป,567062630.0,3257973.0
2024-09,2024,9,3,483,AU,ออสเตรเลีย,1F,ทวีปออสเตรเลีย,600566358.0,5853101.0
2024-09,2024,9,3,271,MY,มาเลเซีย,1A,ทวีปเอเชีย,401332083.0,7449165.0
2024-09,2024,9,3,272,PH,ฟิลิปปินส์,1A,ทวีปเอเชีย,307035403.0,7283774.0
2024-09,2024,9,3,315,DE,เยอรมนี,1B,ทวีปยุโรป,275052203.0,1664565.0
2024-09,2024,9,3,320,GB,สหราชอาณาจักร,1B,ทวีปยุโรป,322361792.0,1933338.0
2024-09,2024,9,3,309,TW,ไต้หวัน,1A,ทวีปเอเชีย,251924669.0,2758080.0
2024-09,2024,9,3,279,IN,อินเดีย,1A,ทวีปเอเชีย,231864449.0,3509549.0
2024-09,2024,9,3,267,ID,อินโดนีเซีย,1A,ทวีปเอเชีย,267089045.0,4064813.0
2024-09,2024,9,3,371,CA,แคนาดา,1C,ทวีปอเมริกาเหนือ,144997424.0,823747.0
2024-09,2024,9,3,302,CN,จีน,1A,ทวีปเอเชีย,156529738.0,1008115.0
2024-09,2024,9,3,306,KR,เกาหลีใต้,1A,ทวีปเอเชีย,85986757.0,701913.0
2024-09,2024,9,3,497,NZ,นิวซีแลนด์,1F,ทวีปออสเตรเลีย,127898586.0,1533617.0
2024-09,2024,9,3,313,BE,เบลเยียม,1B,ทวีปยุโรป,98010003.0,526093.0
2024-09,2024,9,3,285,AE,สหรัฐอาหรับเอมิเรตส์,1A,ทวีปเอเชีย,72327964.0,729236.0
2024-09,2024,9,3,274,VN,เวียดนาม,1A,ทวีปเอเชีย,101598629.0,1895340.0
2024-09,2024,9,3,303,HK,ฮ่องกง,1A,ทวีปเอเชีย,67161059.0,562265.0
2024-09,2024,9,3,273,SG,สิงคโปร์,1A,ทวีปเอเชีย,49654407.0,414446.0
2024-09,2024,9,3,296,SA,ซาอุดีอาระเบีย,1A,ทวีปเอเชีย,38369834.0,516249.0
2024-09,2024,9,3,319,FR,ฝรั่งเศส,1B,ทวีปยุโรป,77355755.0,373739.0
2024-09,2024,9,3,325,NL,เนเธอร์แลนด์,1B,ทวีปยุโรป,14419464.0,77995.0
2024-09,2024,9,3,270,MM,เมียนมา,1A,ทวีปเอเชีย,10095821.0,252698.0
2024-09,2024,9,3,410,CL,ชิลี,1D,ทวีปอเมริกาใต้,35720002.0,67797.0
2024-09,2024,9,3,266,BN,บรูไน,1A,ทวีปเอเชีย,19128730.0,264956.0
2024-09,2024,9,3,345,RU,รัสเซีย,1B,ทวีปยุโรป,0.0,0.0
2024-09,2024,9,3,292,KW,คูเวต,1A,ทวีปเอเชีย,16266472.0,126570.0
2024-09,2024,9,3,288,IL,อิสราเอล,1A,ทวีปเอเชีย,15438068.0,95253.0
2024-09,2024,9,3,327,SE,สวีเดน,1B,ทวีปยุโรป,12421244.0,74695.0
2024-09,2024,9,3,372,MX,เม็กซิโก,1C,ทวีปอเมริกาเหนือ,17197826.0,36017.0
2024-09,2024,9,3,409,BR,บราซิล,1D,ทวีปอเมริกาใต้,0.0,0.0
2024-09,2024,9,3,298,TR,ตุรกี,1A,ทวีปเอเชีย,11158122.0,52771.0
2024-09,2024,9,3,411,CO,โคลอมเบีย,1D,ทวีปอเมริกาใต้,13354184.0,25145.0
2024-09,2024,9,3,268,KH,กัมพูชา,1A,ทวีปเอเชีย,6889428.0,140494.0
2024-09,2024,9,3,295,QA,กาตาร์,1A,ทวีปเอเชีย,7150023.0,87889.0
2024-09,2024,9,3,456,MU,มอริเชียส,1E,ทวีปแอฟริกา,7137501.0,122289.0
2024-09,2024,9,3,478,ZA,แอฟริกาใต้,1E,ทวีปแอฟริกา,11429423.0,107201.0
2024-09,2024,9,3,318,FI,ฟินแลนด์,1B,ทวีปยุโรป,3846521.0,34110.0
2024-09,2024,9,3,269,LA,สปป. ลาว,1A,ทวีปเอเชีย,5238282.0,103697.0
2024-09,2024,9,3,356,CH,สวิตเซอร์แลนด์,1B,ทวีปยุโรป,7698277.0,33282.0
2024-09,2024,9,3,286,BH,บาห์เรน,1A,ทวีปเอเชีย,4762737.0,64483.0
2024-09,2024,9,3,351,UA,ยูเครน,1B,ทวีปยุโรป,5737857.0,28319.0
2024-09,2024,9,3,277,BD,บังกลาเทศ,1A,ทวีปเอเชีย,8954959.0,167009.0
2024-09,2024,9,3,417,PE,เปรู,1D,ทวีปอเมริกาใต้,0.0,0.0
2024-09,2024,9,3,294,OM,โอมาน,1A,ทวีปเอเชีย,5864212.0,74343.0
2024-09,2024,9,3,283,PK,ปากีสถาน,1A,ทวีปเอเชีย,7664811.0,105034.0
2024-09,2024,9,3,343,PL,โปแลนด์,1B,ทวีปยุโรป,0.0,0.0
2024-09,2024,9,3,289,IQ,อิรัก,1A,ทวีปเอเชีย,0.0,0.0
2024-09,2024,9,3,280,LK,ศรีลังกา,1A,ทวีปเอเชีย,2955749.0,56174.0
2024-09,2024,9,3,312,AT,ออสเตรีย,1B,ทวีปยุโรป,7121587.0,36934.0
2024-09,2024,9,3,362,LT,ลิทัวเนีย,1B,ทวีปยุโรป,8098059.0,41792.0
2024-09,2024,9,3,317,ES,สเปน,1B,ทวีปยุโรป,1589339.0,5210.0
2024-09,2024,9,3,365,MT,มอลตา,1B,ทวีปยุโรป,1758341.0,11964.0
2024-09,2024,9,3,316,DK,เดนมาร์ก,1B,ทวีปยุโรป,4175152.0,28671.0
2024-09,2024,9,3,293,LB,เลบานอน,1A,ทวีปเอเชีย,34.0,0.0
2024-09,2024,9,3,344,RO,โรมาเนีย,1B,ทวีปยุโรป,1721328.0,11264.0
2024-09,2024,9,3,336,CZ,สาธารณรัฐเช็ก,1B,ทวีปยุโรป,1323520.0,9947.0
2024-09,2024,9,3,321,GR,กรีซ,1B,ทวีปยุโรป,0.0,0.0
2024-09,2024,9,3,341,KZ,คาซัคสถาน,1A,ทวีปเอเชีย,3223267.0,15476.0
2024-09,2024,9,3,498,PF,เฟรนช์โปลีนีเซีย,1F,ทวีปออสเตรเลีย,644029.0,15144.0
2024-09,2024,9,3,281,MV,มัลดีฟส์,1A,ทวีปเอเชีย,307134.0,3602.0
2024-09,2024,9,3,476,TZ,แทนซาเนีย,1E,ทวีปแอฟริกา,1030222.0,22333.0
2024-09,2024,9,3,291,JO,จอร์แดน,1A,ทวีปเอเชีย,922929.0,1974.0
2024-09,2024,9,3,407,AR,อาร์เจนตินา,1D,ทวีปอเมริกาใต้,844414.0,2790.0
2024-09,2024,9,3,412,EC,เอกวาดอร์,1D,ทวีปอเมริกาใต้,400343.0,699.0
2024-09,2024,9,3,451,LY,ลิเบีย,1E,ทวีปแอฟริกา,0.0,0.0
2024-09,2024,9,3,398,PR,เปอร์โตริโก,1C,ทวีปอเมริกาเหนือ,0.0,0.0
2024-09,2024,9,3,421,UY,อุรุกวัย,1D,ทวีปอเมริกาใต้,0.0,0.0
2024-09,2024,9,3,388,GT,กัวเตมาลา,1C,ทวีปอเมริกาเหนือ,0.0,0.0
2024-09,2024,9,3,422,VE,เวเนซุเอลา,1D,ทวีปอเมริกาใต้,0.0,0.0
2024-09,2024,9,3,447,KE,เคนยา,1E,ทวีปแอฟริกา,827811.0,16566.0
2024-09,2024,9,3,282,NP,เนปาล,1A,ทวีปเอเชีย,1051111.0,5833.0
2024-09,2024,9,3,376,AN,เนเธอร์แลนด์แอนทิลลีส,1C,ทวีปอเมริกาเหนือ,0.0,0.0
2024-09,2024,9,3,493,NC,นิวแคลีโดเนีย,1F,ทวีปออสเตรเลีย,0.0,0.0
2024-09,2024,9,3,381,CR,คอสตาริกา,1C,ทวีปอเมริกาเหนือ,0.0,0.0
2024-09,2024,9,3,397,PA,ปานามา,1C,ทวีปอเมริกาเหนือ,0.0,0.0
2024-09,2024,9,3,377,BB,บาร์เบโดส,1C,ทวีปอเมริกาเหนือ,0.0,0.0
2024-09,2024,9,3,326,PT,โปรตุเกส,1B,ทวีปยุโรป,1575379.0,8754.0
2024-09,2024,9,3,389,HN,ฮอนดูรัส,1C,ทวีปอเมริกาเหนือ,0.0,0.0
2024-09,2024,9,3,366,NO,นอร์เวย์,1B,ทวีปยุโรป,638931.0,3402.0
2024-09,2024,9,3,290,IR,อิหร่าน,1A,ทวีปเอเชีย,0.0,0.0
2024-09,2024,9,3,465,SC,เซเชลส์,1E,ทวีปแอฟริกา,27500.0,84.0
2024-09,2024,9,3,278,BT,ภูฎาน,1A,ทวีปเอเชีย,0.0,0.0
2024-09,2024,9,3,384,DO,สาธารณรัฐโดมินิกัน,1C,ทวีปอเมริกาเหนือ,0.0,0.0
2024-09,2024,9,3,430,CG,คองโก,1E,ทวีปแอฟริกา,0.0,0.0
2024-09,2024,9,3,333,BG,บัลแกเรีย,1B,ทวีปยุโรป,0.0,0.0
2024-09,2024,9,3,338,HR,โครเอเชีย,1B,ทวีปยุโรป,252.0,0.0
2024-09,2024,9,3,346,SI,สโลวีเนีย,1B,ทวีปยุโรป,252.0,0.0
2024-09,2024,9,3,486,FJ,ฟิจิ,1F,ทวีปออสเตรเลีย,0.0,0.0
2024-10,2024,10,4,373,US,สหรัฐอเมริกา,1C,ทวีปอเมริกาเหนือ,2464052551.0,12716072.0
2024-10,2024,10,4,304,JP,ญี่ปุ่น,1A,ทวีปเอเชีย,997956374.0,10122655.0
2024-10,2024,10,4,483,AU,ออสเตรเลีย,1F,ทวีปออสเตรเลีย,543323246.0,5528051.0
2024-10,2024,10,4,323,IT,อิตาลี,1B,ทวีปยุโรป,444247865.0,2746314.0
2024-10,2024,10,4,271,MY,มาเลเซีย,1A,ทวีปเอเชีย,332354603.0,6113109.0
2024-10,2024,10,4,272,PH,ฟิลิปปินส์,1A,ทวีปเอเชีย,324055698.0,7621198.0
2024-10,2024,10,4,315,DE,เยอรมนี,1B,ทวีปยุโรป,320888109.0,1953000.0
2024-10,2024,10,4,320,GB,สหราชอาณาจักร,1B,ทวีปยุโรป,246733665.0,1517722.0
2024-10,2024,10,4,309,TW,ไต้หวัน,1A,ทวีปเอเชีย,324358477.0,4089703.0
2024-10,2024,10,4,279,IN,อินเดีย,1A,ทวีปเอเชีย,186707380.0,2661641.0
2024-10,2024,10,4,267,ID,อินโดนีเซีย,1A,ทวีปเอเชีย,116720013.0,1998363.0
2024-10,2024,10,4,371,CA,แคนาดา,1C,ทวีปอเมริกาเหนือ,109429914.0,541095.0
2024-10,2024,10,4,302,CN,จีน,1A,ทวีปเอเชีย,129524484.0,852852.0
2024-10,2024,10,4,306,KR,เกาหลีใต้,1A,ทวีปเอเชีย,118868286.0,897612.0
2024-10,2024,10,4,497,NZ,นิวซีแลนด์,1F,ทวีปออสเตรเลีย,98141472.0,1539151.0
2024-10,2024,10,4,313,BE,เบลเยียม,1B,ทวีปยุโรป,108240209.0,600732.0
2024-10,2024,10,4,285,AE,สหรัฐอาหรับเอมิเรตส์,1A,ทวีปเอเชีย,73976436.0,876803.0
2024-10,2024,10,4,274,VN,เวียดนาม,1A,ทวีปเอเชีย,74252899.0,1542399.0
2024-10,2024,10,4,303,HK,ฮ่องกง,1A,ทวีปเอเชีย,65215200.0,525113.0
2024-10,2024,10,4,273,SG,สิงคโปร์,1A,ทวีปเอเชีย,63137165.0,446432.0
2024-10,2024,10,4,319,FR,ฝรั่งเศส,1B,ทวีปยุโรป,81411201.0,402237.0
2024-10,2024,10,4,296,SA,ซาอุดีอาระเบีย,1A,ทวีปเอเชีย,44065359.0,426640.0
2024-10,2024,10,4,325,NL,เนเธอร์แลนด์,1B,ทวีปยุโรป,32982619.0,204503.0
2024-10,2024,10,4,410,CL,ชิลี,1D,ทวีปอเมริกาใต้,46263120.0,102363.0
2024-10,2024,10,4,270,MM,เมียนมา,1A,ทวีปเอเชีย,17249272.0,354957.0
2024-10,2024,10,4,266,BN,บรูไน,1A,ทวีปเอเชีย,19403731.0,294916.0
2024-10,2024,10,4,345,RU,รัสเซีย,1B,ทวีปยุโรป,0.0,0.0
2024-10,2024,10,4,288,IL,อิสราเอล,1A,ทวีปเอเชีย,13463687.0,85050.0
2024-10,2024,10,4,292,KW,คูเวต,1A,ทวีปเอเชีย,12405834.0,66225.0
2024-10,2024,10,4,327,SE,สวีเดน,1B,ทวีปยุโรป,7202502.0,41126.0
2024-10,2024,10,4,372,MX,เม็กซิโก,1C,ทวีปอเมริกาเหนือ,13763171.0,32462.0
2024-10,2024,10,4,409,BR,บราซิล,1D,ทวีปอเมริกาใต้,13411583.0,31977.0
2024-10,2024,10,4,298,TR,ตุรกี,1A,ทวีปเอเชีย,11977742.0,66465.0
2024-10,2024,10,4,411,CO,โคลอมเบีย,1D,ทวีปอเมริกาใต้,9086769.0,21521.0
2024-10,2024,10,4,268,KH,กัมพูชา,1A,ทวีปเอเชีย,11788068.0,198456.0
2024-10,2024,10,4,295,QA,กาตาร์,1A,ทวีปเอเชีย,8919522.0,75681.0
2024-10,2024,10,4,456,MU,มอริเชียส,1E,ทวีปแอฟริกา,6263318.0,109506.0
2024-10,2024,10,4,478,ZA,แอฟริกาใต้,1E,ทวีปแอฟริกา,9187877.0,104114.0
2024-10,2024,10,4,318,FI,ฟินแลนด์,1B,ทวีปยุโรป,7969366.0,53934.0
2024-10,2024,10,4,269,LA,สปป. ลาว,1A,ทวีปเอเชีย,6149745.0,117906.0
2024-10,2024,10,4,277,BD,บังกลาเทศ,1A,ทวีปเอเชีย,9304710.0,90716.0
2024-10,2024,10,4,356,CH,สวิตเซอร์แลนด์,1B,ทวีปยุโรป,5855931.0,34812.0
2024-10,2024,10,4,286,BH,บาห์เรน,1A,ทวีปเอเชีย,6248658.0,119031.0
2024-10,2024,10,4,351,UA,ยูเครน,1B,ทวีปยุโรป,5038064.0,21233.0
2024-10,2024,10,4,289,IQ,อิรัก,1A,ทวีปเอเชีย,15525129.0,44129.0
2024-10,2024,10,4,294,OM,โอมาน,1A,ทวีปเอเชีย,3236294.0,63077.0
2024-10,2024,10,4,343,PL,โปแลนด์,1B,ทวีปยุโรป,8881930.0,43159.0
2024-10,2024,10,4,417,PE,เปรู,1D,ทวีปอเมริกาใต้,0.0,0.0
2024-10,2024,10,4,283,PK,ปากีสถาน,1A,ทวีปเอเชีย,1132725.0,12837.0
2024-10,2024,10,4,280,LK,ศรีลังกา,1A,ทวีปเอเชีย,2820309.0,59390.0
2024-10,2024,10,4,317,ES,สเปน,1B,ทวีปยุโรป,4747908.0,24207.0
2024-10,2024,10,4,312,AT,ออสเตรีย,1B,ทวีปยุโรป,0.0,0.0
2024-10,2024,10,4,362,LT,ลิทัวเนีย,1B,ทวีปยุโรป,0.0,0.0
2024-10,2024,10,4,365,MT,มอลตา,1B,ทวีปยุโรป,1761550.0,14148.0
2024-10,2024,10,4,316,DK,เดนมาร์ก,1B,ทวีปยุโรป,0.0,0.0
2024-10,2024,10,4,293,LB,เลบานอน,1A,ทวีปเอเชีย,4108329.0,16586.0
2024-10,2024,10,4,336,CZ,สาธารณรัฐเช็ก,1B,ทวีปยุโรป,2027285.0,11431.0
2024-10,2024,10,4,344,RO,โรมาเนีย,1B,ทวีปยุโรป,0.0,0.0
2024-10,2024,10,4,321,GR,กรีซ,1B,ทวีปยุโรป,1135743.0,6568.0
2024-10,2024,10,4,451,LY,ลิเบีย,1E,ทวีปแอฟริกา,5518170.0,11760.0
2024-10,2024,10,4,341,KZ,คาซัคสถาน,1A,ทวีปเอเชีย,0.0,0.0
2024-10,2024,10,4,498,PF,เฟรนช์โปลีนีเซีย,1F,ทวีปออสเตรเลีย,567140.0,14291.0
2024-10,2024,10,4,281,MV,มัลดีฟส์,1A,ทวีปเอเชีย,1039891.0,20432.0
2024-10,2024,10,4,421,UY,อุรุกวัย,1D,ทวีปอเมริกาใต้,2016020.0,3657.0
2024-10,2024,10,4,476,TZ,แทนซาเนีย,1E,ทวีปแอฟริกา,1051071.0,23460.0
2024-10,2024,10,4,291,JO,จอร์แดน,1A,ทวีปเอเชีย,126983.0,1056.0
2024-10,2024,10,4,388,GT,กัวเตมาลา,1C,ทวีปอเมริกาเหนือ,1143795.0,1928.0
2024-10,2024,10,4,407,AR,อาร์เจนตินา,1D,ทวีปอเมริกาใต้,0.0,0.0
2024-10,2024,10,4,412,EC,เอกวาดอร์,1D,ทวีปอเมริกาใต้,0.0,0.0
2024-10,2024,10,4,447,KE,เคนยา,1E,ทวีปแอฟริกา,1499251.0,27153.0
2024-10,2024,10,4,398,PR,เปอร์โตริโก,1C,ทวีปอเมริกาเหนือ,0.0,0.0
2024-10,2024,10,4,422,VE,เวเนซุเอลา,1D,ทวีปอเมริกาใต้,0.0,0.0
2024-10,2024,10,4,493,NC,นิวแคลีโดเนีย,1F,ทวีปออสเตรเลีย,735815.0,18193.0
2024-10,2024,10,4,282,NP,เนปาล,1A,ทวีปเอเชีย,0.0,0.0
2024-10,2024,10,4,376,AN,เนเธอร์แลนด์แอนทิลลีส,1C,ทวีปอเมริกาเหนือ,0.0,0.0
2024-10,2024,10,4,381,CR,คอสตาริกา,1C,ทวีปอเมริกาเหนือ,0.0,0.0
2024-10,2024,10,4,326,PT,โปรตุเกส,1B,ทวีปยุโรป,540330.0,2881.0
2024-10,2024,10,4,397,PA,ปานามา,1C,ทวีปอเมริกาเหนือ,0.0,0.0
2024-10,2024,10,4,377,BB,บาร์เบโดส,1C,ทวีปอเมริกาเหนือ,0.0,0.0
2024-10,2024,10,4,389,HN,ฮอนดูรัส,1C,ทวีปอเมริกาเหนือ,0.0,0.0
2024-10,2024,10,4,366,NO,นอร์เวย์,1B,ทวีปยุโรป,0.0,0.0
2024-10,2024,10,4,290,IR,อิหร่าน,1A,ทวีปเอเชีย,0.0,0.0
2024-10,2024,10,4,465,SC,เซเชลส์,1E,ทวีปแอฟริกา,0.0,0.0
2024-10,2024,10,4,278,BT,ภูฎาน,1A,ทวีปเอเชีย,0.0,0.0
2024-10,2024,10,4,384,DO,สาธารณรัฐโดมินิกัน,1C,ทวีปอเมริกาเหนือ,0.0,0.0
2024-10,2024,10,4,430,CG,คองโก,1E,ทวีปแอฟริกา,0.0,0.0
2024-10,2024,10,4,333,BG,บัลแกเรีย,1B,ทวีปยุโรป,0.0,0.0
2024-10,2024,10,4,338,HR,โครเอเชีย,1B,ทวีปยุโรป,0.0,0.0
2024-10,2024,10,4,346,SI,สโลวีเนีย,1B,ทวีปยุโรป,0.0,0.0
2024-10,2024,10,4,486,FJ,ฟิจิ,1F,ทวีปออสเตรเลีย,0.0,0.0
2024-11,2024,11,4,373,US,สหรัฐอเมริกา,1C,ทวีปอเมริกาเหนือ,2641238336.0,13829578.0
2024-11,2024,11,4,304,JP,ญี่ปุ่น,1A,ทวีปเอเชีย,983453654.0,10279613.0
2024-11,2024,11,4,483,AU,ออสเตรเลีย,1F,ทวีปออสเตรเลีย,451999625.0,4604616.0
2024-11,2024,11,4,323,IT,อิตาลี,1B,ทวีปยุโรป,387818062.0,2373855.0
2024-11,2024,11,4,271,MY,มาเลเซีย,1A,ทวีปเอเชีย,397148695.0,7303828.0
2024-11,2024,11,4,272,PH,ฟิลิปปินส์,1A,ทวีปเอเชีย,242799535.0,6014931.0
2024-11,2024,11,4,315,DE,เยอรมนี,1B,ทวีปยุโรป,265722149.0,1553415.0
2024-11,2024,11,4,309,TW,ไต้หวัน,1A,ทวีปเอเชีย,321631766.0,3875843.0
2024-11,2024,11,4,320,GB,สหราชอาณาจักร,1B,ทวีปยุโรป,203519665.0,1216047.0
2024-11,2024,11,4,279,IN,อินเดีย,1A,ทวีปเอเชีย,250719161.0,3628209.0
2024-11,2024,11,4,267,ID,อินโดนีเซีย,1A,ทวีปเอเชีย,206325742.0,3660982.0
2024-11,2024,11,4,371,CA,แคนาดา,1C,ทวีปอเมริกาเหนือ,123533157.0,689267.0
2024-11,2024,11,4,302,CN,จีน,1A,ทวีปเอเชีย,167435284.0,995159.0
2024-11,2024,11,4,306,KR,เกาหลีใต้,1A,ทวีปเอเชีย,98304054.0,838250.0
2024-11,2024,11,4,313,BE,เบลเยียม,1B,ทวีปยุโรป,119907252.0,696984.0
2024-11,2024,11,4,497,NZ,นิวซีแลนด์,1F,ทวีปออสเตรเลีย,62357232.0,876695.0
2024-11,2024,11,4,285,AE,สหรัฐอาหรับเอมิเรตส์,1A,ทวีปเอเชีย,95417417.0,1196162.0
2024-11,2024,11,4,274,VN,เวียดนาม,1A,ทวีปเอเชีย,79404534.0,1439667.0
2024-11,2024,11,4,303,HK,ฮ่องกง,1A,ทวีปเอเชีย,70098313.0,571371.0
2024-11,2024,11,4,273,SG,สิงคโปร์,1A,ทวีปเอเชีย,66194527.0,495984.0
2024-11,2024,11,4,319,FR,ฝรั่งเศส,1B,ทวีปยุโรป,60468856.0,298050.0
2024-11,2024,11,4,296,SA,ซาอุดีอาระเบีย,1A,ทวีปเอเชีย,60447181.0,492498.0
2024-11,2024,11,4,325,NL,เนเธอร์แลนด์,1B,ทวีปยุโรป,17952799.0,92299.0
2024-11,2024,11,4,410,CL,ชิลี,1D,ทวีปอเมริกาใต้,25911722.0,69210.0
2024-11,2024,11,4,270,MM,เมียนมา,1A,ทวีปเอเชีย,29235816.0,496681.0
2024-11,2024,11,4,266,BN,บรูไน,1A,ทวีปเอเชีย,35485686.0,739779.0
2024-11,2024,11,4,292,KW,คูเวต,1A,ทวีปเอเชีย,15663605.0,137394.0
2024-11,2024,11,4,288,IL,อิสราเอล,1A,ทวีปเอเชีย,13722311.0,68881.0
2024-11,2024,11,4,345,RU,รัสเซีย,1B,ทวีปยุโรป,0.0,0.0
2024-11,2024,11,4,409,BR,บราซิล,1D,ทวีปอเมริกาใต้,25471192.0,75457.0
2024-11,2024,11,4,372,MX,เม็กซิโก,1C,ทวีปอเมริกาเหนือ,8973852.0,16574.0
2024-11,2024,11,4,327,SE,สวีเดน,1B,ทวีปยุโรป,6737847.0,38352.0
2024-11,2024,11,4,411,CO,โคลอมเบีย,1D,ทวีปอเมริกาใต้,11768667.0,22566.0
2024-11,2024,11,4,298,TR,ตุรกี,1A,ทวีปเอเชีย,5580041.0,24019.0
2024-11,2024,11,4,268,KH,กัมพูชา,1A,ทวีปเอเชีย,7057868.0,131106.0
2024-11,2024,11,4,295,QA,กาตาร์,1A,ทวีปเอเชีย,9722694.0,111999.0
2024-11,2024,11,4,456,MU,มอริเชียส,1E,ทวีปแอฟริกา,9833157.0,183675.0
2024-11,2024,11,4,478,ZA,แอฟริกาใต้,1E,ทวีปแอฟริกา,2539538.0,43420.0
2024-11,2024,11,4,318,FI,ฟินแลนด์,1B,ทวีปยุโรป,5183003.0,27577.0
2024-11,2024,11,4,269,LA,สปป. ลาว,1A,ทวีปเอเชีย,6112904.0,105382.0
2024-11,2024,11,4,286,BH,บาห์เรน,1A,ทวีปเอเชีย,6893170.0,111247.0
2024-11,2024,11,4,351,UA,ยูเครน,1B,ทวีปยุโรป,7065059.0,41609.0
2024-11,2024,11,4,277,BD,บังกลาเทศ,1A,ทวีปเอเชีย,2960273.0,80167.0
2024-11,2024,11,4,356,CH,สวิตเซอร์แลนด์,1B,ทวีปยุโรป,3405692.0,16272.0
2024-11,2024,11,4,289,IQ,อิรัก,1A,ทวีปเอเชีย,3482673.0,50716.0
2024-11,2024,11,4,343,PL,โปแลนด์,1B,ทวีปยุโรป,5374646.0,33592.0
2024-11,2024,11,4,417,PE,เปรู,1D,ทวีปอเมริกาใต้,4933348.0,9840.0
2024-11,2024,11,4,294,OM,โอมาน,1A,ทวีปเอเชีย,2402623.0,29680.0
2024-11,2024,11,4,317,ES,สเปน,1B,ทวีปยุโรป,8878087.0,57416.0
2024-11,2024,11,4,283,PK,ปากีสถาน,1A,ทวีปเอเชีย,3200969.0,30538.0
2024-11,2024,11,4,280,LK,ศรีลังกา,1A,ทวีปเอเชีย,2752767.0,55800.0
2024-11,2024,11,4,312,AT,ออสเตรีย,1B,ทวีปยุโรป,2956043.0,15107.0
2024-11,2024,11,4,362,LT,ลิทัวเนีย,1B,ทวีปยุโรป,5602612.0,26169.0
2024-11,2024,11,4,365,MT,มอลตา,1B,ทวีปยุโรป,0.0,0.0
2024-11,2024,11,4,316,DK,เดนมาร์ก,1B,ทวีปยุโรป,0.0,0.0
2024-11,2024,11,4,293,LB,เลบานอน,1A,ทวีปเอเชีย,1555965.0,7593.0
2024-11,2024,11,4,321,GR,กรีซ,1B,ทวีปยุโรป,4640115.0,15298.0
2024-11,2024,11,4,336,CZ,สาธารณรัฐเช็ก,1B,ทวีปยุโรป,0.0,0.0
2024-11,2024,11,4,451,LY,ลิเบีย,1E,ทวีปแอฟริกา,1375770.0,7973.0
2024-11,2024,11,4,341,KZ,คาซัคสถาน,1A,ทวีปเอเชีย,2771064.0,18359.0
2024-11,2024,11,4,344,RO,โรมาเนีย,1B,ทวีปยุโรป,0.0,0.0
2024-11,2024,11,4,498,PF,เฟรนช์โปลีนีเซีย,1F,ทวีปออสเตรเลีย,607934.0,15656.0
2024-11,2024,11,4,281,MV,มัลดีฟส์,1A,ทวีปเอเชีย,935540.0,4750.0
2024-11,2024,11,4,291,JO,จอร์แดน,1A,ทวีปเอเชีย,2276196.0,15618.0
2024-11,2024,11,4,476,TZ,แทนซาเนีย,1E,ทวีปแอฟริกา,1077216.0,24241.0
2024-11,2024,11,4,388,GT,กัวเตมาลา,1C,ทวีปอเมริกาเหนือ,1217496.0,2193.0
2024-11,2024,11,4,421,UY,อุรุกวัย,1D,ทวีปอเมริกาใต้,0.0,0.0
2024-11,2024,11,4,398,PR,เปอร์โตริโก,1C,ทวีปอเมริกาเหนือ,1340900.0,43050.0
2024-11,2024,11,4,407,AR,อาร์เจนตินา,1D,ทวีปอเมริกาใต้,0.0,0.0
2024-11,2024,11,4,412,EC,เอกวาดอร์,1D,ทวีปอเมริกาใต้,0.0,0.0
2024-11,2024,11,4,447,KE,เคนยา,1E,ทวีปแอฟริกา,0.0,0.0
2024-11,2024,11,4,422,VE,เวเนซุเอลา,1D,ทวีปอเมริกาใต้,0.0,0.0
2024-11,2024,11,4,493,NC,นิวแคลีโดเนีย,1F,ทวีปออสเตรเลีย,0.0,0.0
2024-11,2024,11,4,397,PA,ปานามา,1C,ทวีปอเมริกาเหนือ,1010130.0,3591.0
2024-11,2024,11,4,381,CR,คอสตาริกา,1C,ทวีปอเมริกาเหนือ,419248.0,3316.0
2024-11,2024,11,4,282,NP,เนปาล,1A,ทวีปเอเชีย,0.0,0.0
2024-11,2024,11,4,376,AN,เนเธอร์แลนด์แอนทิลลีส,1C,ทวีปอเมริกาเหนือ,0.0,0.0
2024-11,2024,11,4,326,PT,โปรตุเกส,1B,ทวีปยุโรป,0.0,0.0
2024-11,2024,11,4,322,IE,ไอร์แลนด์,1B,ทวีปยุโรป,1908333.0,7926.0
2024-11,2024,11,4,377,BB,บาร์เบโดส,1C,ทวีปอเมริกาเหนือ,0.0,0.0
2024-11,2024,11,4,389,HN,ฮอนดูรัส,1C,ทวีปอเมริกาเหนือ,0.0,0.0
2024-11,2024,11,4,366,NO,นอร์เวย์,1B,ทวีปยุโรป,0.0,0.0
2024-11,2024,11,4,290,IR,อิหร่าน,1A,ทวีปเอเชีย,0.0,0.0
2024-11,2024,11,4,465,SC,เซเชลส์,1E,ทวีปแอฟริกา,0.0,0.0
2024-11,2024,11,4,384,DO,สาธารณรัฐโดมินิกัน,1C,ทวีปอเมริกาเหนือ,176906.0,584.0
2024-11,2024,11,4,278,BT,ภูฎาน,1A,ทวีปเอเชีย,3156.0,15.0
2024-11,2024,11,4,430,CG,คองโก,1E,ทวีปแอฟริกา,0.0,0.0
2024-11,2024,11,4,454,ML,มาลี,1E,ทวีปแอฟริกา,2500.0,100.0
2024-11,2024,11,4,333,BG,บัลแกเรีย,1B,ทวีปยุโรป,0.0,0.0
2024-11,2024,11,4,338,HR,โครเอเชีย,1B,ทวีปยุโรป,0.0,0.0
2024-11,2024,11,4,346,SI,สโลวีเนีย,1B,ทวีปยุโรป,0.0,0.0
2024-11,2024,11,4,486,FJ,ฟิจิ,1F,ทวีปออสเตรเลีย,0.0,0.0
2024-12,2024,12,4,373,US,สหรัฐอเมริกา,1C,ทวีปอเมริกาเหนือ,2623191364.0,13267162.0
2024-12,2024,12,4,304,JP,ญี่ปุ่น,1A,ทวีปเอเชีย,856991192.0,8988466.0
2024-12,2024,12,4,483,AU,ออสเตรเลีย,1F,ทวีปออสเตรเลีย,396842616.0,3866740.0
2024-12,2024,12,4,323,IT,อิตาลี,1B,ทวีปยุโรป,408526101.0,2459973.0
2024-12,2024,12,4,271,MY,มาเลเซีย,1A,ทวีปเอเชีย,323743466.0,5807075.0
2024-12,2024,12,4,272,PH,ฟิลิปปินส์,1A,ทวีปเอเชีย,271145152.0,6173432.0
2024-12,2024,12,4,315,DE,เยอรมนี,1B,ทวีปยุโรป,356293401.0,2013581.0
2024-12,2024,12,4,309,TW,ไต้หวัน,1A,ทวีปเอเชีย,432625055.0,4938500.0
2024-12,2024,12,4,320,GB,สหราชอาณาจักร,1B,ทวีปยุโรป,219848573.0,1388767.0
2024-12,2024,12,4,279,IN,อินเดีย,1A,ทวีปเอเชีย,162767124.0,2027411.0
2024-12,2024,12,4,267,ID,อินโดนีเซีย,1A,ทวีปเอเชีย,134486582.0,2233735.0
2024-12,2024,12,4,371,CA,แคนาดา,1C,ทวีปอเมริกาเหนือ,142656200.0,731056.0
2024-12,2024,12,4,302,CN,จีน,1A,ทวีปเอเชีย,133549308.0,881941.0
2024-12,2024,12,4,306,KR,เกาหลีใต้,1A,ทวีปเอเชีย,97565526.0,799350.0
2024-12,2024,12,4,313,BE,เบลเยียม,1B,ทวีปยุโรป,79364688.0,442304.0
2024-12,2024,12,4,497,NZ,นิวซีแลนด์,1F,ทวีปออสเตรเลีย,85426571.0,1392134.0
2024-12,2024,12,4,285,AE,สหรัฐอาหรับเอมิเรตส์,1A,ทวีปเอเชีย,97048594.0,1156754.0
2024-12,2024,12,4,274,VN,เวียดนาม,1A,ทวีปเอเชีย,82174086.0,1679766.0
2024-12,2024,12,4,303,HK,ฮ่องกง,1A,ทวีปเอเชีย,75818454.0,565522.0
2024-12,2024,12,4,273,SG,สิงคโปร์,1A,ทวีปเอเชีย,51819647.0,402227.0
2024-12,2024,12,4,319,FR,ฝรั่งเศส,1B,ทวีปยุโรป,64703663.0,307047.0
2024-12,2024,12,4,296,SA,ซาอุดีอาระเบีย,1A,ทวีปเอเชีย,50469692.0,619413.0
2024-12,2024,12,4,325,NL,เนเธอร์แลนด์,1B,ทวีปยุโรป,36828427.0,189659.0
2024-12,2024,12,4,410,CL,ชิลี,1D,ทวีปอเมริกาใต้,19891068.0,46287.0
2024-12,2024,12,4,270,MM,เมียนมา,1A,ทวีปเอเชีย,21541221.0,482832.0
2024-12,2024,12,4,266,BN,บรูไน,1A,ทวีปเอเชีย,13679671.0,267883.0
2024-12,2024,12,4,292,KW,คูเวต,1A,ทวีปเอเชีย,29022692.0,299438.0
2024-12,2024,12,4,409,BR,บราซิล,1D,ทวีปอเมริกาใต้,49069916.0,152125.0
2024-12,2024,12,4,288,IL,อิสราเอล,1A,ทวีปเอเชีย,21454295.0,151130.0
2024-12,2024,12,4,345,RU,รัสเซีย,1B,ทวีปยุโรป,13464294.0,51912.0
2024-12,2024,12,4,327,SE,สวีเดน,1B,ทวีปยุโรป,16754654.0,84306.0
2024-12,2024,12,4,372,MX,เม็กซิโก,1C,ทวีปอเมริกาเหนือ,13224366.0,30104.0
2024-12,2024,12,4,411,CO,โคลอมเบีย,1D,ทวีปอเมริกาใต้,25950017.0,47819.0
2024-12,2024,12,4,298,TR,ตุรกี,1A,ทวีปเอเชีย,19257410.0,67409.0
2024-12,2024,12,4,295,QA,กาตาร์,1A,ทวีปเอเชีย,18934146.0,245764.0
2024-12,2024,12,4,268,KH,กัมพูชา,1A,ทวีปเอเชีย,8267647.0,122846.0
2024-12,2024,12,4,456,MU,มอริเชียส,1E,ทวีปแอฟริกา,5470268.0,91960.0
2024-12,2024,12,4,478,ZA,แอฟริกาใต้,1E,ทวีปแอฟริกา,7885885.0,96209.0
2024-12,2024,12,4,318,FI,ฟินแลนด์,1B,ทวีปยุโรป,9890916.0,57043.0
2024-12,2024,12,4,269,LA,สปป. ลาว,1A,ทวีปเอเชีย,4149112.0,81788.0
2024-12,2024,12,4,286,BH,บาห์เรน,1A,ทวีปเอเชีย,3610817.0,57752.0
2024-12,2024,12,4,356,CH,สวิตเซอร์แลนด์,1B,ทวีปยุโรป,4657354.0,23540.0
2024-12,2024,12,4,351,UA,ยูเครน,1B,ทวีปยุโรป,2969660.0,14851.0
2024-12,2024,12,4,277,BD,บังกลาเทศ,1A,ทวีปเอเชีย,3073470.0,87124.0
2024-12,2024,12,4,417,PE,เปรู,1D,ทวีปอเมริกาใต้,11780660.0,28597.0
2024-12,2024,12,4,317,ES,สเปน,1B,ทวีปยุโรป,17730000.0,96137.0
2024-12,2024,12,4,343,PL,โปแลนด์,1B,ทวีปยุโรป,7789572.0,32270.0
2024-12,2024,12,4,294,OM,โอมาน,1A,ทวีปเอเชีย,9590202.0,160236.0
2024-12,2024,12,4,289,IQ,อิรัก,1A,ทวีปเอเชีย,0.0,0.0
2024-12,2024,12,4,283,PK,ปากีสถาน,1A,ทวีปเอเชีย,4062455.0,52845.0
2024-12,2024,12,4,362,LT,ลิทัวเนีย,1B,ทวีปยุโรป,7932791.0,36631.0
2024-12,2024,12,4,280,LK,ศรีลังกา,1A,ทวีปเอเชีย,3093773.0,55089.0
2024-12,2024,12,4,365,MT,มอลตา,1B,ทวีปยุโรป,8385967.0,39570.0
2024-12,2024,12,4,312,AT,ออสเตรีย,1B,ทวีปยุโรป,1072128.0,6720.0
2024-12,2024,12,4,293,LB,เลบานอน,1A,ทวีปเอเชีย,539309.0,11060.0
2024-12,2024,12,4,316,DK,เดนมาร์ก,1B,ทวีปยุโรป,0.0,0.0
2024-12,2024,12,4,321,GR,กรีซ,1B,ทวีปยุโรป,1932579.0,7926.0
2024-12,2024,12,4,341,KZ,คาซัคสถาน,1A,ทวีปเอเชีย,3316208.0,17623.0
2024-12,2024,12,4,336,CZ,สาธารณรัฐเช็ก,1B,ทวีปยุโรป,1668517.0,9733.0
2024-12,2024,12,4,344,RO,โรมาเนีย,1B,ทวีปยุโรป,1501816.0,9432.0
2024-12,2024,12,4,451,LY,ลิเบีย,1E,ทวีปแอฟริกา,0.0,0.0
2024-12,2024,12,4,291,JO,จอร์แดน,1A,ทวีปเอเชีย,3139594.0,15922.0
2024-12,2024,12,4,498,PF,เฟรนช์โปลีนีเซีย,1F,ทวีปออสเตรเลีย,628099.0,15835.0
2024-12,2024,12,4,281,MV,มัลดีฟส์,1A,ทวีปเอเชีย,1466410.0,24447.0
2024-12,2024,12,4,476,TZ,แทนซาเนีย,1E,ทวีปแอฟริกา,1036450.0,25334.0
2024-12,2024,12,4,421,UY,อุรุกวัย,1D,ทวีปอเมริกาใต้,1953095.0,4277.0
2024-12,2024,12,4,412,EC,เอกวาดอร์,1D,ทวีปอเมริกาใต้,1476044.0,2559.0
2024-12,2024,12,4,388,GT,กัวเตมาลา,1C,ทวีปอเมริกาเหนือ,0.0,0.0
2024-12,2024,12,4,407,AR,อาร์เจนตินา,1D,ทวีปอเมริกาใต้,873952.0,2790.0
2024-12,2024,12,4,398,PR,เปอร์โตริโก,1C,ทวีปอเมริกาเหนือ,0.0,0.0
2024-12,2024,12,4,381,CR,คอสตาริกา,1C,ทวีปอเมริกาเหนือ,2276376.0,10472.0
2024-12,2024,12,4,447,KE,เคนยา,1E,ทวีปแอฟริกา,0.0,0.0
2024-12,2024,12,4,397,PA,ปานามา,1C,ทวีปอเมริกาเหนือ,1303322.0,4140.0
2024-12,2024,12,4,493,NC,นิวแคลีโดเนีย,1F,ทวีปออสเตรเลีย,758914.0,19960.0
2024-12,2024,12,4,377,BB,บาร์เบโดส,1C,ทวีปอเมริกาเหนือ,1742920.0,23040.0
2024-12,2024,12,4,422,VE,เวเนซุเอลา,1D,ทวีปอเมริกาใต้,0.0,0.0
2024-12,2024,12,4,282,NP,เนปาล,1A,ทวีปเอเชีย,0.0,0.0
2024-12,2024,12,4,376,AN,เนเธอร์แลนด์แอนทิลลีส,1C,ทวีปอเมริกาเหนือ,0.0,0.0
2024-12,2024,12,4,326,PT,โปรตุเกส,1B,ทวีปยุโรป,0.0,0.0
2024-12,2024,12,4,322,IE,ไอร์แลนด์,1B,ทวีปยุโรป,0.0,0.0
2024-12,2024,12,4,389,HN,ฮอนดูรัส,1C,ทวีปอเมริกาเหนือ,0.0,0.0
2024-12,2024,12,4,366,NO,นอร์เวย์,1B,ทวีปยุโรป,0.0,0.0
2024-12,2024,12,4,290,IR,อิหร่าน,1A,ทวีปเอเชีย,0.0,0.0
2024-12,2024,12,4,384,DO,สาธารณรัฐโดมินิกัน,1C,ทวีปอเมริกาเหนือ,190309.0,584.0
2024-12,2024,12,4,465,SC,เซเชลส์,1E,ทวีปแอฟริกา,57200.0,568.0
2024-12,2024,12,4,278,BT,ภูฎาน,1A,ทวีปเอเชีย,0.0,0.0
2024-12,2024,12,4,430,CG,คองโก,1E,ทวีปแอฟริกา,0.0,0.0
2024-12,2024,12,4,454,ML,มาลี,1E,ทวีปแอฟริกา,0.0,0.0
2024-12,2024,12,4,333,BG,บัลแกเรีย,1B,ทวีปยุโรป,0.0,0.0
2024-12,2024,12,4,338,HR,โครเอเชีย,1B,ทวีปยุโรป,0.0,0.0
2024-12,2024,12,4,346,SI,สโลวีเนีย,1B,ทวีปยุโรป,0.0,0.0
2024-12,2024,12,4,486,FJ,ฟิจิ,1F,ทวีปออสเตรเลีย,0.0,0.0
2025-01,2025,1,1,373,US,สหรัฐอเมริกา,1C,ทวีปอเมริกาเหนือ,2577896155.0,13039183.0
2025-01,2025,1,1,304,JP,ญี่ปุ่น,1A,ทวีปเอเชีย,887260125.0,8960608.0
2025-01,2025,1,1,323,IT,อิตาลี,1B,ทวีปยุโรป,452286705.0,2665384.0
2025-01,2025,1,1,315,DE,เยอรมนี,1B,ทวีปยุโรป,354831094.0,1925494.0
2025-01,2025,1,1,271,MY,มาเลเซีย,1A,ทวีปเอเชีย,310913745.0,5629434.0
2025-01,2025,1,1,483,AU,ออสเตรเลีย,1F,ทวีปออสเตรเลีย,307220650.0,3238033.0
2025-01,2025,1,1,272,PH,ฟิลิปปินส์,1A,ทวีปเอเชีย,301537119.0,7451635.0
2025-01,2025,1,1,309,TW,ไต้หวัน,1A,ทวีปเอเชีย,231812109.0,2601666.0
2025-01,2025,1,1,320,GB,สหราชอาณาจักร,1B,ทวีปยุโรป,229629845.0,1454650.0
2025-01,2025,1,1,279,IN,อินเดีย,1A,ทวีปเอเชีย,192818019.0,2922368.0
2025-01,2025,1,1,371,CA,แคนาดา,1C,ทวีปอเมริกาเหนือ,143932144.0,823037.0
2025-01,2025,1,1,267,ID,อินโดนีเซีย,1A,ทวีปเอเชีย,127855908.0,2544356.0
2025-01,2025,1,1,313,BE,เบลเยียม,1B,ทวีปยุโรป,110766040.0,613481.0
2025-01,2025,1,1,302,CN,จีน,1A,ทวีปเอเชีย,110023397.0,743386.0
2025-01,2025,1,1,306,KR,เกาหลีใต้,1A,ทวีปเอเชีย,92856355.0,830410.0
2025-01,2025,1,1,274,VN,เวียดนาม,1A,ทวีปเอเชีย,88421795.0,1698072.0
2025-01,2025,1,1,285,AE,สหรัฐอาหรับเอมิเรตส์,1A,ทวีปเอเชีย,78060562.0,882575.0
2025-01,2025,1,1,497,NZ,นิวซีแลนด์,1F,ทวีปออสเตรเลีย,74764065.0,1225428.0
2025-01,2025,1,1,303,HK,ฮ่องกง,1A,ทวีปเอเชีย,68188253.0,518235.0
2025-01,2025,1,1,273,SG,สิงคโปร์,1A,ทวีปเอเชีย,48133237.0,400487.0
2025-01,2025,1,1,319,FR,ฝรั่งเศส,1B,ทวีปยุโรป,45895021.0,233050.0
2025-01,2025,1,1,296,SA,ซาอุดีอาระเบีย,1A,ทวีปเอเชีย,35354829.0,356842.0
2025-01,2025,1,1,325,NL,เนเธอร์แลนด์,1B,ทวีปยุโรป,34584748.0,166513.0
2025-01,2025,1,1,410,CL,ชิลี,1D,ทวีปอเมริกาใต้,32206081.0,59149.0
2025-01,2025,1,1,409,BR,บราซิล,1D,ทวีปอเมริกาใต้,31083001.0,101357.0
2025-01,2025,1,1,345,RU,รัสเซีย,1B,ทวีปยุโรป,24649828.0,103808.0
2025-01,2025,1,1,372,MX,เม็กซิโก,1C,ทวีปอเมริกาเหนือ,24594892.0,44602.0
2025-01,2025,1,1,270,MM,เมียนมา,1A,ทวีปเอเชีย,21740674.0,500400.0
2025-01,2025,1,1,411,CO,โคลอมเบีย,1D,ทวีปอเมริกาใต้,18583487.0,39528.0
2025-01,2025,1,1,295,QA,กาตาร์,1A,ทวีปเอเชีย,17320592.0,193160.0
2025-01,2025,1,1,362,LT,ลิทัวเนีย,1B,ทวีปยุโรป,13279204.0,67356.0
2025-01,2025,1,1,327,SE,สวีเดน,1B,ทวีปยุโรป,10898449.0,51956.0
2025-01,2025,1,1,298,TR,ตุรกี,1A,ทวีปเอเชีย,10432177.0,43947.0
2025-01,2025,1,1,268,KH,กัมพูชา,1A,ทวีปเอเชีย,10186483.0,186648.0
2025-01,2025,1,1,318,FI,ฟินแลนด์,1B,ทวีปยุโรป,9603692.0,58012.0
2025-01,2025,1,1,266,BN,บรูไน,1A,ทวีปเอเชีย,8873360.0,192483.0
2025-01,2025,1,1,312,AT,ออสเตรีย,1B,ทวีปยุโรป,7333614.0,30582.0
2025-01,2025,1,1,277,BD,บังกลาเทศ,1A,ทวีปเอเชีย,7126015.0,95260.0
2025-01,2025,1,1,336,CZ,สาธารณรัฐเช็ก,1B,ทวีปยุโรป,6517244.0,37732.0
2025-01,2025,1,1,288,IL,อิสราเอล,1A,ทวีปเอเชีย,6313741.0,79482.0
2025-01,2025,1,1,283,PK,ปากีสถาน,1A,ทวีปเอเชีย,5624303.0,52946.0
2025-01,2025,1,1,478,ZA,แอฟริกาใต้,1E,ทวีปแอฟริกา,4971029.0,42454.0
2025-01,2025,1,1,269,LA,สปป. ลาว,1A,ทวีปเอเชีย,4449216.0,94128.0
2025-01,2025,1,1,356,CH,สวิตเซอร์แลนด์,1B,ทวีปยุโรป,4448896.0,20717.0
2025-01,2025,1,1,292,KW,คูเวต,1A,ทวีปเอเชีย,4390163.0,46321.0
2025-01,2025,1,1,321,GR,กรีซ,1B,ทวีปยุโรป,4114935.0,19119.0
2025-01,2025,1,1,317,ES,สเปน,1B,ทวีปยุโรป,3664646.0,17136.0
2025-01,2025,1,1,286,BH,บาห์เรน,1A,ทวีปเอเชีย,3398774.0,66003.0
2025-01,2025,1,1,456,MU,มอริเชียส,1E,ทวีปแอฟริกา,3192959.0,62989.0
2025-01,2025,1,1,294,OM,โอมาน,1A,ทวีปเอเชีย,3025079.0,56503.0
2025-01,2025,1,1,316,DK,เดนมาร์ก,1B,ทวีปยุโรป,2900377.0,23580.0
2025-01,2025,1,1,280,LK,ศรีลังกา,1A,ทวีปเอเชีย,2758215.0,45474.0
2025-01,2025,1,1,451,LY,ลิเบีย,1E,ทวีปแอฟริกา,2427562.0,5976.0
2025-01,2025,1,1,289,IQ,อิรัก,1A,ทวีปเอเชีย,2424195.0,26463.0
2025-01,2025,1,1,351,UA,ยูเครน,1B,ทวีปยุโรป,1871338.0,8556.0
2025-01,2025,1,1,343,PL,โปแลนด์,1B,ทวีปยุโรป,1755938.0,6499.0
2025-01,2025,1,1,363,LV,ลัตเวีย,1B,ทวีปยุโรป,1717267.0,8235.0
2025-01,2025,1,1,407,AR,อาร์เจนตินา,1D,ทวีปอเมริกาใต้,1580368.0,5639.0
2025-01,2025,1,1,452,MA,โมร็อกโก,1E,ทวีปแอฟริกา,715394.0,23700.0
2025-01,2025,1,1,365,MT,มอลตา,1B,ทวีปยุโรป,714233.0,14688.0
2025-01,2025,1,1,282,NP,เนปาล,1A,ทวีปเอเชีย,432906.0,5848.0
2025-01,2025,1,1,293,LB,เลบานอน,1A,ทวีปเอเชีย,78686.0,248.0
2025-01,2025,1,1,281,MV,มัลดีฟส์,1A,ทวีปเอเชีย,14048.0,87.0
2025-02,2025,2,1,373,US,สหรัฐอเมริกา,1C,ทวีปอเมริกาเหนือ,2922834952.0,14781266.0
2025-02,2025,2,1,304,JP,ญี่ปุ่น,1A,ทวีปเอเชีย,940343082.0,9985684.0
2025-02,2025,2,1,323,IT,อิตาลี,1B,ทวีปยุโรป,497063480.0,3029707.0
2025-02,2025,2,1,315,DE,เยอรมนี,1B,ทวีปยุโรป,372457759.0,1921952.0
2025-02,2025,2,1,483,AU,ออสเตรเลีย,1F,ทวีปออสเตรเลีย,394525262.0,3806162.0
2025-02,2025,2,1,271,MY,มาเลเซีย,1A,ทวีปเอเชีย,329112762.0,6089844.0
2025-02,2025,2,1,272,PH,ฟิลิปปินส์,1A,ทวีปเอเชีย,267597066.0,6850578.0
2025-02,2025,2,1,320,GB,สหราชอาณาจักร,1B,ทวีปยุโรป,282074668.0,1772827.0
2025-02,2025,2,1,309,TW,ไต้หวัน,1A,ทวีปเอเชีย,246295319.0,3304145.0
2025-02,2025,2,1,279,IN,อินเดีย,1A,ทวีปเอเชีย,200513194.0,3068907.0
2025-02,2025,2,1,371,CA,แคนาดา,1C,ทวีปอเมริกาเหนือ,166508328.0,949969.0
2025-02,2025,2,1,302,CN,จีน,1A,ทวีปเอเชีย,188007422.0,1218597.0
2025-02,2025,2,1,267,ID,อินโดนีเซีย,1A,ทวีปเอเชีย,166652633.0,2663349.0
2025-02,2025,2,1,313,BE,เบลเยียม,1B,ทวีปยุโรป,87925780.0,508945.0
2025-02,2025,2,1,306,KR,เกาหลีใต้,1A,ทวีปเอเชีย,88459381.0,665219.0
2025-02,2025,2,1,274,VN,เวียดนาม,1A,ทวีปเอเชีย,77961055.0,1560973.0
2025-02,2025,2,1,497,NZ,นิวซีแลนด์,1F,ทวีปออสเตรเลีย,89684533.0,1232013.0
2025-02,2025,2,1,285,AE,สหรัฐอาหรับเอมิเรตส์,1A,ทวีปเอเชีย,66426627.0,881745.0
2025-02,2025,2,1,303,HK,ฮ่องกง,1A,ทวีปเอเชีย,60249412.0,472277.0
2025-02,2025,2,1,273,SG,สิงคโปร์,1A,ทวีปเอเชีย,58006625.0,427576.0
2025-02,2025,2,1,319,FR,ฝรั่งเศส,1B,ทวีปยุโรป,45518297.0,224988.0
2025-02,2025,2,1,409,BR,บราซิล,1D,ทวีปอเมริกาใต้,57289876.0,165289.0
2025-02,2025,2,1,296,SA,ซาอุดีอาระเบีย,1A,ทวีปเอเชีย,42844625.0,391748.0
2025-02,2025,2,1,325,NL,เนเธอร์แลนด์,1B,ทวีปยุโรป,16086886.0,69261.0
2025-02,2025,2,1,410,CL,ชิลี,1D,ทวีปอเมริกาใต้,15907950.0,36916.0
2025-02,2025,2,1,345,RU,รัสเซีย,1B,ทวีปยุโรป,22140413.0,86520.0
2025-02,2025,2,1,372,MX,เม็กซิโก,1C,ทวีปอเมริกาเหนือ,19916225.0,21426.0
2025-02,2025,2,1,270,MM,เมียนมา,1A,ทวีปเอเชีย,15624719.0,333630.0
2025-02,2025,2,1,266,BN,บรูไน,1A,ทวีปเอเชีย,24167008.0,455587.0
2025-02,2025,2,1,295,QA,กาตาร์,1A,ทวีปเอเชีย,14297425.0,147639.0
2025-02,2025,2,1,411,CO,โคลอมเบีย,1D,ทวีปอเมริกาใต้,9486991.0,14743.0
2025-02,2025,2,1,288,IL,อิสราเอล,1A,ทวีปเอเชีย,17717295.0,105501.0
2025-02,2025,2,1,327,SE,สวีเดน,1B,ทวีปยุโรป,9877977.0,50708.0
2025-02,2025,2,1,268,KH,กัมพูชา,1A,ทวีปเอเชีย,8782062.0,155903.0
2025-02,2025,2,1,362,LT,ลิทัวเนีย,1B,ทวีปยุโรป,5336699.0,28694.0
2025-02,2025,2,1,298,TR,ตุรกี,1A,ทวีปเอเชีย,6279063.0,32055.0
2025-02,2025,2,1,318,FI,ฟินแลนด์,1B,ทวีปยุโรป,6735180.0,45890.0
2025-02,2025,2,1,336,CZ,สาธารณรัฐเช็ก,1B,ทวีปยุโรป,8711622.0,42534.0
2025-02,2025,2,1,312,AT,ออสเตรีย,1B,ทวีปยุโรป,7593979.0,32058.0
2025-02,2025,2,1,292,KW,คูเวต,1A,ทวีปเอเชีย,10364673.0,129899.0
2025-02,2025,2,1,277,BD,บังกลาเทศ,1A,ทวีปเอเชีย,5458092.0,92336.0
2025-02,2025,2,1,456,MU,มอริเชียส,1E,ทวีปแอฟริกา,8497514.0,153434.0
2025-02,2025,2,1,356,CH,สวิตเซอร์แลนด์,1B,ทวีปยุโรป,6326486.0,38020.0
2025-02,2025,2,1,286,BH,บาห์เรน,1A,ทวีปเอเชีย,6631337.0,116820.0
2025-02,2025,2,1,343,PL,โปแลนด์,1B,ทวีปยุโรป,8257622.0,41751.0
2025-02,2025,2,1,269,LA,สปป. ลาว,1A,ทวีปเอเชีย,5483089.0,100486.0
2025-02,2025,2,1,317,ES,สเปน,1B,ทวีปยุโรป,4765863.0,32260.0
2025-02,2025,2,1,478,ZA,แอฟริกาใต้,1E,ทวีปแอฟริกา,2863208.0,30327.0
2025-02,2025,2,1,351,UA,ยูเครน,1B,ทวีปยุโรป,5894059.0,24226.0
2025-02,2025,2,1,417,PE,เปรู,1D,ทวีปอเมริกาใต้,7123551.0,13109.0
2025-02,2025,2,1,280,LK,ศรีลังกา,1A,ทวีปเอเชีย,4355724.0,55113.0
2025-02,2025,2,1,294,OM,โอมาน,1A,ทวีปเอเชีย,3688866.0,70390.0
2025-02,2025,2,1,283,PK,ปากีสถาน,1A,ทวีปเอเชีย,0.0,0.0
2025-02,2025,2,1,365,MT,มอลตา,1B,ทวีปยุโรป,3639202.0,28812.0
2025-02,2025,2,1,321,GR,กรีซ,1B,ทวีปยุโรป,0.0,0.0
2025-02,2025,2,1,422,VE,เวเนซุเอลา,1D,ทวีปอเมริกาใต้,3484995.0,5648.0
2025-02,2025,2,1,289,IQ,อิรัก,1A,ทวีปเอเชีย,997032.0,18179.0
2025-02,2025,2,1,316,DK,เดนมาร์ก,1B,ทวีปยุโรป,0.0,0.0
2025-02,2025,2,1,407,AR,อาร์เจนตินา,1D,ทวีปอเมริกาใต้,860971.0,2790.0
2025-02,2025,2,1,451,LY,ลิเบีย,1E,ทวีปแอฟริกา,0.0,0.0
2025-02,2025,2,1,421,UY,อุรุกวัย,1D,ทวีปอเมริกาใต้,2077312.0,3655.0
2025-02,2025,2,1,291,JO,จอร์แดน,1A,ทวีปเอเชีย,1962018.0,13457.0
2025-02,2025,2,1,363,LV,ลัตเวีย,1B,ทวีปยุโรป,0.0,0.0
2025-02,2025,2,1,281,MV,มัลดีฟส์,1A,ทวีปเอเชีย,1422932.0,20593.0
2025-02,2025,2,1,408,BO,โบลิเวีย,1D,ทวีปอเมริกาใต้,885913.0,1559.0
2025-02,2025,2,1,452,MA,โมร็อกโก,1E,ทวีปแอฟริกา,0.0,0.0
2025-02,2025,2,1,493,NC,นิวแคลีโดเนีย,1F,ทวีปออสเตรเลีย,694511.0,17967.0
2025-02,2025,2,1,282,NP,เนปาล,1A,ทวีปเอเชีย,0.0,0.0
2025-02,2025,2,1,388,GT,กัวเตมาลา,1C,ทวีปอเมริกาเหนือ,361290.0,1271.0
2025-02,2025,2,1,293,LB,เลบานอน,1A,ทวีปเอเชีย,154766.0,456.0
2025-02,2025,2,1,278,BT,ภูฎาน,1A,ทวีปเอเชีย,169273.0,2950.0
2025-02,2025,2,1,338,HR,โครเอเชีย,1B,ทวีปยุโรป,5610.0,51.0
2025-03,2025,3,1,373,US,สหรัฐอเมริกา,1C,ทวีปอเมริกาเหนือ,3234188094.0,16667727.0
2025-03,2025,3,1,304,JP,ญี่ปุ่น,1A,ทวีปเอเชีย,1044279446.0,10965183.0
2025-03,2025,3,1,323,IT,อิตาลี,1B,ทวีปยุโรป,592129345.0,3604212.0
2025-03,2025,3,1,483,AU,ออสเตรเลีย,1F,ทวีปออสเตรเลีย,417792984.0,4296693.0
2025-03,2025,3,1,315,DE,เยอรมนี,1B,ทวีปยุโรป,333219729.0,1631316.0
2025-03,2025,3,1,271,MY,มาเลเซีย,1A,ทวีปเอเชีย,328117554.0,5789455.0
2025-03,2025,3,1,272,PH,ฟิลิปปินส์,1A,ทวีปเอเชีย,388823644.0,9472005.0
2025-03,2025,3,1,320,GB,สหราชอาณาจักร,1B,ทวีปยุโรป,281893519.0,1717938.0
2025-03,2025,3,1,309,TW,ไต้หวัน,1A,ทวีปเอเชีย,312567574.0,4072485.0
2025-03,2025,3,1,279,IN,อินเดีย,1A,ทวีปเอเชีย,250445649.0,4360664.0
2025-03,2025,3,1,371,CA,แคนาดา,1C,ทวีปอเมริกาเหนือ,242542581.0,1333392.0
2025-03,2025,3,1,302,CN,จีน,1A,ทวีปเอเชีย,168335867.0,1149907.0
2025-03,2025,3,1,267,ID,อินโดนีเซีย,1A,ทวีปเอเชีย,146076603.0,2740779.0
2025-03,2025,3,1,313,BE,เบลเยียม,1B,ทวีปยุโรป,110789594.0,633998.0
2025-03,2025,3,1,306,KR,เกาหลีใต้,1A,ทวีปเอเชีย,108540805.0,910873.0
2025-03,2025,3,1,274,VN,เวียดนาม,1A,ทวีปเอเชีย,84235225.0,1707329.0
2025-03,2025,3,1,497,NZ,นิวซีแลนด์,1F,ทวีปออสเตรเลีย,84598327.0,1335718.0
2025-03,2025,3,1,303,HK,ฮ่องกง,1A,ทวีปเอเชีย,90747427.0,637307.0
2025-03,2025,3,1,285,AE,สหรัฐอาหรับเอมิเรตส์,1A,ทวีปเอเชีย,68283861.0,917882.0
2025-03,2025,3,1,273,SG,สิงคโปร์,1A,ทวีปเอเชีย,60258530.0,486246.0
2025-03,2025,3,1,296,SA,ซาอุดีอาระเบีย,1A,ทวีปเอเชีย,55787532.0,504145.0
2025-03,2025,3,1,319,FR,ฝรั่งเศส,1B,ทวีปยุโรป,39088403.0,192088.0
2025-03,2025,3,1,409,BR,บราซิล,1D,ทวีปอเมริกาใต้,24082358.0,68447.0
2025-03,2025,3,1,325,NL,เนเธอร์แลนด์,1B,ทวีปยุโรป,17079065.0,86332.0
2025-03,2025,3,1,410,CL,ชิลี,1D,ทวีปอเมริกาใต้,17915601.0,37002.0
2025-03,2025,3,1,270,MM,เมียนมา,1A,ทวีปเอเชีย,25938764.0,622996.0
2025-03,2025,3,1,372,MX,เม็กซิโก,1C,ทวีปอเมริกาเหนือ,11976293.0,33805.0
2025-03,2025,3,1,295,QA,กาตาร์,1A,ทวีปเอเชีย,19568818.0,169583.0
2025-03,2025,3,1,266,BN,บรูไน,1A,ทวีปเอเชีย,16653882.0,310684.0
2025-03,2025,3,1,345,RU,รัสเซีย,1B,ทวีปยุโรป,0.0,0.0
2025-03,2025,3,1,288,IL,อิสราเอล,1A,ทวีปเอเชีย,17083573.0,63323.0
2025-03,2025,3,1,411,CO,โคลอมเบีย,1D,ทวีปอเมริกาใต้,7752525.0,22371.0
2025-03,2025,3,1,327,SE,สวีเดน,1B,ทวีปยุโรป,12556950.0,54605.0
2025-03,2025,3,1,292,KW,คูเวต,1A,ทวีปเอเชีย,17618530.0,163000.0
2025-03,2025,3,1,362,LT,ลิทัวเนีย,1B,ทวีปยุโรป,12464885.0,70450.0
2025-03,2025,3,1,268,KH,กัมพูชา,1A,ทวีปเอเชีย,10754299.0,194363.0
2025-03,2025,3,1,298,TR,ตุรกี,1A,ทวีปเอเชีย,7930038.0,27156.0
2025-03,2025,3,1,312,AT,ออสเตรีย,1B,ทวีปยุโรป,6550634.0,35266.0
2025-03,2025,3,1,318,FI,ฟินแลนด์,1B,ทวีปยุโรป,3187059.0,16017.0
2025-03,2025,3,1,277,BD,บังกลาเทศ,1A,ทวีปเอเชีย,6274241.0,139729.0
2025-03,2025,3,1,478,ZA,แอฟริกาใต้,1E,ทวีปแอฟริกา,9919025.0,104880.0
2025-03,2025,3,1,336,CZ,สาธารณรัฐเช็ก,1B,ทวีปยุโรป,2512487.0,15829.0
2025-03,2025,3,1,456,MU,มอริเชียส,1E,ทวีปแอฟริกา,5947231.0,105363.0
2025-03,2025,3,1,351,UA,ยูเครน,1B,ทวีปยุโรป,9102651.0,44164.0
2025-03,2025,3,1,269,LA,สปป. ลาว,1A,ทวีปเอเชีย,5987497.0,119296.0
2025-03,2025,3,1,286,BH,บาห์เรน,1A,ทวีปเอเชีย,5888382.0,101153.0
2025-03,2025,3,1,321,GR,กรีซ,1B,ทวีปยุโรป,11392867.0,40429.0
2025-03,2025,3,1,343,PL,โปแลนด์,1B,ทวีปยุโรป,5132333.0,17624.0
2025-03,2025,3,1,356,CH,สวิตเซอร์แลนด์,1B,ทวีปยุโรป,3509556.0,11057.0
2025-03,2025,3,1,280,LK,ศรีลังกา,1A,ทวีปเอเชีย,6893932.0,122142.0
2025-03,2025,3,1,417,PE,เปรู,1D,ทวีปอเมริกาใต้,5855001.0,20797.0
2025-03,2025,3,1,294,OM,โอมาน,1A,ทวีปเอเชีย,4603941.0,69971.0
2025-03,2025,3,1,317,ES,สเปน,1B,ทวีปยุโรป,2038160.0,7094.0
2025-03,2025,3,1,365,MT,มอลตา,1B,ทวีปยุโรป,2570323.0,15582.0
2025-03,2025,3,1,283,PK,ปากีสถาน,1A,ทวีปเอเชีย,688928.0,13595.0
2025-03,2025,3,1,289,IQ,อิรัก,1A,ทวีปเอเชีย,1835983.0,12732.0
2025-03,2025,3,1,421,UY,อุรุกวัย,1D,ทวีปอเมริกาใต้,1920659.0,4277.0
2025-03,2025,3,1,388,GT,กัวเตมาลา,1C,ทวีปอเมริกาเหนือ,3376948.0,6143.0
2025-03,2025,3,1,422,VE,เวเนซุเอลา,1D,ทวีปอเมริกาใต้,0.0,0.0
2025-03,2025,3,1,293,LB,เลบานอน,1A,ทวีปเอเชีย,3120596.0,15285.0
2025-03,2025,3,1,316,DK,เดนมาร์ก,1B,ทวีปยุโรป,0.0,0.0
2025-03,2025,3,1,291,JO,จอร์แดน,1A,ทวีปเอเชีย,744840.0,3643.0
2025-03,2025,3,1,281,MV,มัลดีฟส์,1A,ทวีปเอเชีย,1082504.0,10445.0
2025-03,2025,3,1,407,AR,อาร์เจนตินา,1D,ทวีปอเมริกาใต้,0.0,0.0
2025-03,2025,3,1,451,LY,ลิเบีย,1E,ทวีปแอฟริกา,0.0,0.0
2025-03,2025,3,1,363,LV,ลัตเวีย,1B,ทวีปยุโรป,0.0,0.0
2025-03,2025,3,1,493,NC,นิวแคลีโดเนีย,1F,ทวีปออสเตรเลีย,712575.0,19742.0
2025-03,2025,3,1,398,PR,เปอร์โตริโก,1C,ทวีปอเมริกาเหนือ,1352746.0,43050.0
2025-03,2025,3,1,476,TZ,แทนซาเนีย,1E,ทวีปแอฟริกา,925003.0,22667.0
2025-03,2025,3,1,408,BO,โบลิเวีย,1D,ทวีปอเมริกาใต้,0.0,0.0
2025-03,2025,3,1,282,NP,เนปาล,1A,ทวีปเอเชีย,426685.0,7499.0
2025-03,2025,3,1,389,HN,ฮอนดูรัส,1C,ทวีปอเมริกาเหนือ,818835.0,1462.0
2025-03,2025,3,1,326,PT,โปรตุเกส,1B,ทวีปยุโรป,736464.0,4371.0
2025-03,2025,3,1,452,MA,โมร็อกโก,1E,ทวีปแอฟริกา,0.0,0.0
2025-03,2025,3,1,498,PF,เฟรนช์โปลีนีเซีย,1F,ทวีปออสเตรเลีย,627520.0,16521.0
2025-03,2025,3,1,278,BT,ภูฎาน,1A,ทวีปเอเชีย,90177.0,1063.0
2025-03,2025,3,1,465,SC,เซเชลส์,1E,ทวีปแอฟริกา,27500.0,90.0
2025-03,2025,3,1,338,HR,โครเอเชีย,1B,ทวีปยุโรป,0.0,0.0
2025-04,2025,4,2,373,US,สหรัฐอเมริกา,1C,ทวีปอเมริกาเหนือ,2940090838.0,15851748.0
2025-04,2025,4,2,304,JP,ญี่ปุ่น,1A,ทวีปเอเชีย,880812691.0,9193371.0
2025-04,2025,4,2,323,IT,อิตาลี,1B,ทวีปยุโรป,540399366.0,3233375.0
2025-04,2025,4,2,483,AU,ออสเตรเลีย,1F,ทวีปออสเตรเลีย,402247469.0,4116839.0
2025-04,2025,4,2,315,DE,เยอรมนี,1B,ทวีปยุโรป,256484417.0,1542183.0
2025-04,2025,4,2,271,MY,มาเลเซีย,1A,ทวีปเอเชีย,343454862.0,6536407.0
2025-04,2025,4,2,272,PH,ฟิลิปปินส์,1A,ทวีปเอเชีย,282619917.0,6390358.0
2025-04,2025,4,2,320,GB,สหราชอาณาจักร,1B,ทวีปยุโรป,229116083.0,1454000.0
2025-04,2025,4,2,309,TW,ไต้หวัน,1A,ทวีปเอเชีย,231430700.0,2181992.0
2025-04,2025,4,2,279,IN,อินเดีย,1A,ทวีปเอเชีย,224726637.0,3483637.0
2025-04,2025,4,2,371,CA,แคนาดา,1C,ทวีปอเมริกาเหนือ,167661951.0,814484.0
2025-04,2025,4,2,302,CN,จีน,1A,ทวีปเอเชีย,172195569.0,1095007.0
2025-04,2025,4,2,267,ID,อินโดนีเซีย,1A,ทวีปเอเชีย,148069567.0,2691620.0
2025-04,2025,4,2,313,BE,เบลเยียม,1B,ทวีปยุโรป,133665822.0,756506.0
2025-04,2025,4,2,306,KR,เกาหลีใต้,1A,ทวีปเอเชีย,76829542.0,622738.0
2025-04,2025,4,2,274,VN,เวียดนาม,1A,ทวีปเอเชีย,96202150.0,1864369.0
2025-04,2025,4,2,497,NZ,นิวซีแลนด์,1F,ทวีปออสเตรเลีย,73680673.0,1210796.0
2025-04,2025,4,2,303,HK,ฮ่องกง,1A,ทวีปเอเชีย,79009849.0,645350.0
2025-04,2025,4,2,285,AE,สหรัฐอาหรับเอมิเรตส์,1A,ทวีปเอเชีย,65075272.0,703594.0
2025-04,2025,4,2,273,SG,สิงคโปร์,1A,ทวีปเอเชีย,55016967.0,443953.0
2025-04,2025,4,2,296,SA,ซาอุดีอาระเบีย,1A,ทวีปเอเชีย,61582600.0,472576.0
2025-04,2025,4,2,319,FR,ฝรั่งเศส,1B,ทวีปยุโรป,43429140.0,221997.0
2025-04,2025,4,2,409,BR,บราซิล,1D,ทวีปอเมริกาใต้,50681291.0,161534.0
2025-04,2025,4,2,410,CL,ชิลี,1D,ทวีปอเมริกาใต้,21439444.0,48859.0
2025-04,2025,4,2,325,NL,เนเธอร์แลนด์,1B,ทวีปยุโรป,17849805.0,119888.0
2025-04,2025,4,2,266,BN,บรูไน,1A,ทวีปเอเชีย,33988427.0,720209.0
2025-04,2025,4,2,270,MM,เมียนมา,1A,ทวีปเอเชีย,18341415.0,385380.0
2025-04,2025,4,2,295,QA,กาตาร์,1A,ทวีปเอเชีย,16939822.0,169219.0
2025-04,2025,4,2,372,MX,เม็กซิโก,1C,ทวีปอเมริกาเหนือ,5696384.0,12011.0
2025-04,2025,4,2,345,RU,รัสเซีย,1B,ทวีปยุโรป,9249906.0,34608.0
2025-04,2025,4,2,288,IL,อิสราเอล,1A,ทวีปเอเชีย,5825473.0,37305.0
2025-04,2025,4,2,292,KW,คูเวต,1A,ทวีปเอเชีย,14418221.0,179971.0
2025-04,2025,4,2,411,CO,โคลอมเบีย,1D,ทวีปอเมริกาใต้,4439455.0,8424.0
2025-04,2025,4,2,268,KH,กัมพูชา,1A,ทวีปเอเชีย,8490515.0,169912.0
2025-04,2025,4,2,362,LT,ลิทัวเนีย,1B,ทวีปยุโรป,7017167.0,36016.0
2025-04,2025,4,2,327,SE,สวีเดน,1B,ทวีปยุโรป,4420816.0,31172.0
2025-04,2025,4,2,298,TR,ตุรกี,1A,ทวีปเอเชีย,6532233.0,27180.0
2025-04,2025,4,2,312,AT,ออสเตรีย,1B,ทวีปยุโรป,3094253.0,15110.0
2025-04,2025,4,2,456,MU,มอริเชียส,1E,ทวีปแอฟริกา,5698790.0,94164.0
2025-04,2025,4,2,318,FI,ฟินแลนด์,1B,ทวีปยุโรป,3496366.0,26850.0
2025-04,2025,4,2,286,BH,บาห์เรน,1A,ทวีปเอเชีย,5913029.0,92154.0
2025-04,2025,4,2,269,LA,สปป. ลาว,1A,ทวีปเอเชีย,5149832.0,102534.0
2025-04,2025,4,2,478,ZA,แอฟริกาใต้,1E,ทวีปแอฟริกา,2870103.0,29970.0
2025-04,2025,4,2,351,UA,ยูเครน,1B,ทวีปยุโรป,3165362.0,12672.0
2025-04,2025,4,2,356,CH,สวิตเซอร์แลนด์,1B,ทวีปยุโรป,5343829.0,22572.0
2025-04,2025,4,2,277,BD,บังกลาเทศ,1A,ทวีปเอเชีย,0.0,0.0
2025-04,2025,4,2,336,CZ,สาธารณรัฐเช็ก,1B,ทวีปยุโรป,0.0,0.0
2025-04,2025,4,2,343,PL,โปแลนด์,1B,ทวีปยุโรป,1815258.0,7881.0
2025-04,2025,4,2,280,LK,ศรีลังกา,1A,ทวีปเอเชีย,2499410.0,50956.0
2025-04,2025,4,2,294,OM,โอมาน,1A,ทวีปเอเชีย,4516255.0,49657.0
2025-04,2025,4,2,321,GR,กรีซ,1B,ทวีปยุโรป,0.0,0.0
2025-04,2025,4,2,317,ES,สเปน,1B,ทวีปยุโรป,4498127.0,25877.0
2025-04,2025,4,2,417,PE,เปรู,1D,ทวีปอเมริกาใต้,0.0,0.0
2025-04,2025,4,2,365,MT,มอลตา,1B,ทวีปยุโรป,3524964.0,24760.0
2025-04,2025,4,2,283,PK,ปากีสถาน,1A,ทวีปเอเชีย,1869433.0,17113.0
2025-04,2025,4,2,316,DK,เดนมาร์ก,1B,ทวีปยุโรป,3112849.0,20047.0
2025-04,2025,4,2,289,IQ,อิรัก,1A,ทวีปเอเชีย,0.0,0.0
2025-04,2025,4,2,293,LB,เลบานอน,1A,ทวีปเอเชีย,1537428.0,3114.0
2025-04,2025,4,2,421,UY,อุรุกวัย,1D,ทวีปอเมริกาใต้,0.0,0.0
2025-04,2025,4,2,388,GT,กัวเตมาลา,1C,ทวีปอเมริกาเหนือ,0.0,0.0
2025-04,2025,4,2,422,VE,เวเนซุเอลา,1D,ทวีปอเมริกาใต้,0.0,0.0
2025-04,2025,4,2,407,AR,อาร์เจนตินา,1D,ทวีปอเมริกาใต้,850842.0,2790.0
2025-04,2025,4,2,291,JO,จอร์แดน,1A,ทวีปเอเชีย,342128.0,6427.0
2025-04,2025,4,2,281,MV,มัลดีฟส์,1A,ทวีปเอเชีย,0.0,0.0
2025-04,2025,4,2,451,LY,ลิเบีย,1E,ทวีปแอฟริกา,0.0,0.0
2025-04,2025,4,2,493,NC,นิวแคลีโดเนีย,1F,ทวีปออสเตรเลีย,704281.0,17559.0
2025-04,2025,4,2,476,TZ,แทนซาเนีย,1E,ทวีปแอฟริกา,1056420.0,23501.0
2025-04,2025,4,2,363,LV,ลัตเวีย,1B,ทวีปยุโรป,0.0,0.0
2025-04,2025,4,2,282,NP,เนปาล,1A,ทวีปเอเชีย,774308.0,6991.0
2025-04,2025,4,2,398,PR,เปอร์โตริโก,1C,ทวีปอเมริกาเหนือ,0.0,0.0
2025-04,2025,4,2,276,AF,อัฟกานิสถาน,1A,ทวีปเอเชีย,1248473.0,24000.0
2025-04,2025,4,2,408,BO,โบลิเวีย,1D,ทวีปอเมริกาใต้,0.0,0.0
2025-04,2025,4,2,389,HN,ฮอนดูรัส,1C,ทวีปอเมริกาเหนือ,0.0,0.0
2025-04,2025,4,2,401,TT,ตรินิแดดและโตเบโก,1C,ทวีปอเมริกาเหนือ,780132.0,6582.0
2025-04,2025,4,2,326,PT,โปรตุเกส,1B,ทวีปยุโรป,0.0,0.0
2025-04,2025,4,2,452,MA,โมร็อกโก,1E,ทวีปแอฟริกา,0.0,0.0
2025-04,2025,4,2,498,PF,เฟรนช์โปลีนีเซีย,1F,ทวีปออสเตรเลีย,0.0,0.0
2025-04,2025,4,2,278,BT,ภูฎาน,1A,ทวีปเอเชีย,6601.0,170.0
2025-04,2025,4,2,465,SC,เซเชลส์,1E,ทวีปแอฟริกา,0.0,0.0
2025-04,2025,4,2,338,HR,โครเอเชีย,1B,ทวีปยุโรป,0.0,0.0
2025-05,2025,5,2,373,US,สหรัฐอเมริกา,1C,ทวีปอเมริกาเหนือ,3033038498.0,15611954.0
2025-05,2025,5,2,304,JP,ญี่ปุ่น,1A,ทวีปเอเชีย,882677011.0,8545848.0
2025-05,2025,5,2,323,IT,อิตาลี,1B,ทวีปยุโรป,506084556.0,3056840.0
2025-05,2025,5,2,483,AU,ออสเตรเลีย,1F,ทวีปออสเตรเลีย,441365308.0,4720460.0
2025-05,2025,5,2,271,MY,มาเลเซีย,1A,ทวีปเอเชีย,389795893.0,7225722.0
2025-05,2025,5,2,315,DE,เยอรมนี,1B,ทวีปยุโรป,352197349.0,2078511.0
2025-05,2025,5,2,272,PH,ฟิลิปปินส์,1A,ทวีปเอเชีย,314240785.0,7469976.0
2025-05,2025,5,2,320,GB,สหราชอาณาจักร,1B,ทวีปยุโรป,280075334.0,1706833.0
2025-05,2025,5,2,309,TW,ไต้หวัน,1A,ทวีปเอเชีย,233032580.0,2330409.0
2025-05,2025,5,2,279,IN,อินเดีย,1A,ทวีปเอเชีย,282091216.0,4801513.0
2025-05,2025,5,2,371,CA,แคนาดา,1C,ทวีปอเมริกาเหนือ,213749384.0,1160402.0
2025-05,2025,5,2,302,CN,จีน,1A,ทวีปเอเชีย,160944260.0,1016235.0
2025-05,2025,5,2,267,ID,อินโดนีเซีย,1A,ทวีปเอเชีย,209321841.0,3596136.0
2025-05,2025,5,2,313,BE,เบลเยียม,1B,ทวีปยุโรป,125743971.0,741041.0
2025-05,2025,5,2,306,KR,เกาหลีใต้,1A,ทวีปเอเชีย,124652436.0,972647.0
2025-05,2025,5,2,497,NZ,นิวซีแลนด์,1F,ทวีปออสเตรเลีย,106797829.0,1339063.0
2025-05,2025,5,2,274,VN,เวียดนาม,1A,ทวีปเอเชีย,78008680.0,1559179.0
2025-05,2025,5,2,303,HK,ฮ่องกง,1A,ทวีปเอเชีย,66370672.0,580325.0
2025-05,2025,5,2,285,AE,สหรัฐอาหรับเอมิเรตส์,1A,ทวีปเอเชีย,46370607.0,586789.0
2025-05,2025,5,2,273,SG,สิงคโปร์,1A,ทวีปเอเชีย,79649799.0,592819.0
2025-05,2025,5,2,296,SA,ซาอุดีอาระเบีย,1A,ทวีปเอเชีย,48606057.0,292035.0
2025-05,2025,5,2,409,BR,บราซิล,1D,ทวีปอเมริกาใต้,77524088.0,243885.0
2025-05,2025,5,2,319,FR,ฝรั่งเศส,1B,ทวีปยุโรป,44721722.0,217663.0
2025-05,2025,5,2,410,CL,ชิลี,1D,ทวีปอเมริกาใต้,43402919.0,86982.0
2025-05,2025,5,2,325,NL,เนเธอร์แลนด์,1B,ทวีปยุโรป,24716901.0,140781.0
2025-05,2025,5,2,270,MM,เมียนมา,1A,ทวีปเอเชีย,23432799.0,523055.0
2025-05,2025,5,2,266,BN,บรูไน,1A,ทวีปเอเชีย,8260991.0,115451.0
2025-05,2025,5,2,372,MX,เม็กซิโก,1C,ทวีปอเมริกาเหนือ,25936659.0,55602.0
2025-05,2025,5,2,295,QA,กาตาร์,1A,ทวีปเอเชีย,10575687.0,115395.0
2025-05,2025,5,2,292,KW,คูเวต,1A,ทวีปเอเชีย,19206139.0,168218.0
2025-05,2025,5,2,411,CO,โคลอมเบีย,1D,ทวีปอเมริกาใต้,23676327.0,47962.0
2025-05,2025,5,2,345,RU,รัสเซีย,1B,ทวีปยุโรป,0.0,0.0
2025-05,2025,5,2,288,IL,อิสราเอล,1A,ทวีปเอเชีย,8917263.0,92899.0
2025-05,2025,5,2,268,KH,กัมพูชา,1A,ทวีปเอเชีย,9464347.0,187940.0
2025-05,2025,5,2,362,LT,ลิทัวเนีย,1B,ทวีปยุโรป,8984816.0,43348.0
2025-05,2025,5,2,327,SE,สวีเดน,1B,ทวีปยุโรป,6917421.0,29229.0
2025-05,2025,5,2,298,TR,ตุรกี,1A,ทวีปเอเชีย,8690236.0,32540.0
2025-05,2025,5,2,277,BD,บังกลาเทศ,1A,ทวีปเอเชีย,10148234.0,123473.0
2025-05,2025,5,2,456,MU,มอริเชียส,1E,ทวีปแอฟริกา,5099916.0,90679.0
2025-05,2025,5,2,351,UA,ยูเครน,1B,ทวีปยุโรป,7874600.0,37909.0
2025-05,2025,5,2,318,FI,ฟินแลนด์,1B,ทวีปยุโรป,4800409.0,27355.0
2025-05,2025,5,2,312,AT,ออสเตรีย,1B,ทวีปยุโรป,3013720.0,14546.0
2025-05,2025,5,2,286,BH,บาห์เรน,1A,ทวีปเอเชีย,4944559.0,83688.0
2025-05,2025,5,2,269,LA,สปป. ลาว,1A,ทวีปเอเชีย,5261396.0,110829.0
2025-05,2025,5,2,478,ZA,แอฟริกาใต้,1E,ทวีปแอฟริกา,3607606.0,19243.0
2025-05,2025,5,2,356,CH,สวิตเซอร์แลนด์,1B,ทวีปยุโรป,4071144.0,26886.0
2025-05,2025,5,2,294,OM,โอมาน,1A,ทวีปเอเชีย,3868097.0,63150.0
2025-05,2025,5,2,343,PL,โปแลนด์,1B,ทวีปยุโรป,2706237.0,17262.0
2025-05,2025,5,2,280,LK,ศรีลังกา,1A,ทวีปเอเชีย,2747113.0,51450.0
2025-05,2025,5,2,336,CZ,สาธารณรัฐเช็ก,1B,ทวีปยุโรป,1266429.0,7412.0
2025-05,2025,5,2,417,PE,เปรู,1D,ทวีปอเมริกาใต้,4745170.0,8502.0
2025-05,2025,5,2,365,MT,มอลตา,1B,ทวีปยุโรป,6264294.0,21806.0
2025-05,2025,5,2,317,ES,สเปน,1B,ทวีปยุโรป,1522323.0,6353.0
2025-05,2025,5,2,321,GR,กรีซ,1B,ทวีปยุโรป,0.0,0.0
2025-05,2025,5,2,283,PK,ปากีสถาน,1A,ทวีปเอเชีย,998469.0,13378.0
2025-05,2025,5,2,289,IQ,อิรัก,1A,ทวีปเอเชีย,3476245.0,35402.0
2025-05,2025,5,2,291,JO,จอร์แดน,1A,ทวีปเอเชีย,5264615.0,18736.0
2025-05,2025,5,2,421,UY,อุรุกวัย,1D,ทวีปอเมริกาใต้,2021584.0,3655.0
2025-05,2025,5,2,316,DK,เดนมาร์ก,1B,ทวีปยุโรป,0.0,0.0
2025-05,2025,5,2,293,LB,เลบานอน,1A,ทวีปเอเชีย,1009602.0,6212.0
2025-05,2025,5,2,388,GT,กัวเตมาลา,1C,ทวีปอเมริกาเหนือ,0.0,0.0
2025-05,2025,5,2,422,VE,เวเนซุเอลา,1D,ทวีปอเมริกาใต้,0.0,0.0
2025-05,2025,5,2,407,AR,อาร์เจนตินา,1D,ทวีปอเมริกาใต้,0.0,0.0
2025-05,2025,5,2,476,TZ,แทนซาเนีย,1E,ทวีปแอฟริกา,988420.0,22963.0
2025-05,2025,5,2,341,KZ,คาซัคสถาน,1A,ทวีปเอเชีย,2673848.0,19732.0
2025-05,2025,5,2,281,MV,มัลดีฟส์,1A,ทวีปเอเชีย,0.0,0.0
2025-05,2025,5,2,451,LY,ลิเบีย,1E,ทวีปแอฟริกา,0.0,0.0
2025-05,2025,5,2,493,NC,นิวแคลีโดเนีย,1F,ทวีปออสเตรเลีย,0.0,0.0
2025-05,2025,5,2,412,EC,เอกวาดอร์,1D,ทวีปอเมริกาใต้,2007742.0,3496.0
2025-05,2025,5,2,363,LV,ลัตเวีย,1B,ทวีปยุโรป,0.0,0.0
2025-05,2025,5,2,282,NP,เนปาล,1A,ทวีปเอเชีย,0.0,0.0
2025-05,2025,5,2,398,PR,เปอร์โตริโก,1C,ทวีปอเมริกาเหนือ,0.0,0.0
2025-05,2025,5,2,397,PA,ปานามา,1C,ทวีปอเมริกาเหนือ,1332052.0,4286.0
2025-05,2025,5,2,498,PF,เฟรนช์โปลีนีเซีย,1F,ทวีปออสเตรเลีย,687113.0,16657.0
2025-05,2025,5,2,276,AF,อัฟกานิสถาน,1A,ทวีปเอเชีย,0.0,0.0
2025-05,2025,5,2,408,BO,โบลิเวีย,1D,ทวีปอเมริกาใต้,0.0,0.0
2025-05,2025,5,2,389,HN,ฮอนดูรัส,1C,ทวีปอเมริกาเหนือ,0.0,0.0
2025-05,2025,5,2,401,TT,ตรินิแดดและโตเบโก,1C,ทวีปอเมริกาเหนือ,0.0,0.0
2025-05,2025,5,2,326,PT,โปรตุเกส,1B,ทวีปยุโรป,0.0,0.0
2025-05,2025,5,2,452,MA,โมร็อกโก,1E,ทวีปแอฟริกา,0.0,0.0
2025-05,2025,5,2,377,BB,บาร์เบโดส,1C,ทวีปอเมริกาเหนือ,318225.0,3462.0
2025-05,2025,5,2,278,BT,ภูฎาน,1A,ทวีปเอเชีย,0.0,0.0
2025-05,2025,5,2,465,SC,เซเชลส์,1E,ทวีปแอฟริกา,0.0,0.0
2025-05,2025,5,2,338,HR,โครเอเชีย,1B,ทวีปยุโรป,0.0,0.0
2025-06,2025,6,2,373,US,สหรัฐอเมริกา,1C,ทวีปอเมริกาเหนือ,2816885610.0,14630353.0
2025-06,2025,6,2,304,JP,ญี่ปุ่น,1A,ทวีปเอเชีย,758282778.0,7607055.0
2025-06,2025,6,2,323,IT,อิตาลี,1B,ทวีปยุโรป,413931357.0,2508595.0
2025-06,2025,6,2,483,AU,ออสเตรเลีย,1F,ทวีปออสเตรเลีย,384178055.0,4113428.0
2025-06,2025,6,2,271,MY,มาเลเซีย,1A,ทวีปเอเชีย,388543893.0,7216510.0
2025-06,2025,6,2,315,DE,เยอรมนี,1B,ทวีปยุโรป,297209777.0,1845826.0
2025-06,2025,6,2,272,PH,ฟิลิปปินส์,1A,ทวีปเอเชีย,324107320.0,7531331.0
2025-06,2025,6,2,320,GB,สหราชอาณาจักร,1B,ทวีปยุโรป,264827911.0,1731316.0
2025-06,2025,6,2,309,TW,ไต้หวัน,1A,ทวีปเอเชีย,263847992.0,2326913.0
2025-06,2025,6,2,279,IN,อินเดีย,1A,ทวีปเอเชีย,226074797.0,3475034.0
2025-06,2025,6,2,371,CA,แคนาดา,1C,ทวีปอเมริกาเหนือ,196969284.0,1023309.0
2025-06,2025,6,2,302,CN,จีน,1A,ทวีปเอเชีย,136944739.0,880139.0
2025-06,2025,6,2,267,ID,อินโดนีเซีย,1A,ทวีปเอเชีย,133169602.0,2472296.0
2025-06,2025,6,2,313,BE,เบลเยียม,1B,ทวีปยุโรป,120772835.0,663323.0
2025-06,2025,6,2,306,KR,เกาหลีใต้,1A,ทวีปเอเชีย,100528901.0,712081.0
2025-06,2025,6,2,497,NZ,นิวซีแลนด์,1F,ทวีปออสเตรเลีย,86631475.0,1353596.0
2025-06,2025,6,2,274,VN,เวียดนาม,1A,ทวีปเอเชีย,82507997.0,1566929.0
2025-06,2025,6,2,303,HK,ฮ่องกง,1A,ทวีปเอเชีย,53703255.0,430711.0
2025-06,2025,6,2,285,AE,สหรัฐอาหรับเอมิเรตส์,1A,ทวีปเอเชีย,51380738.0,507183.0
2025-06,2025,6,2,273,SG,สิงคโปร์,1A,ทวีปเอเชีย,53176630.0,413592.0
2025-06,2025,6,2,296,SA,ซาอุดีอาระเบีย,1A,ทวีปเอเชีย,38240012.0,368844.0
2025-06,2025,6,2,319,FR,ฝรั่งเศส,1B,ทวีปยุโรป,32733889.0,155186.0
2025-06,2025,6,2,409,BR,บราซิล,1D,ทวีปอเมริกาใต้,10692440.0,36551.0
2025-06,2025,6,2,410,CL,ชิลี,1D,ทวีปอเมริกาใต้,30606168.0,79272.0
2025-06,2025,6,2,270,MM,เมียนมา,1A,ทวีปเอเชีย,24164959.0,706100.0
2025-06,2025,6,2,325,NL,เนเธอร์แลนด์,1B,ทวีปยุโรป,11123831.0,67089.0
2025-06,2025,6,2,372,MX,เม็กซิโก,1C,ทวีปอเมริกาเหนือ,15985766.0,37156.0
2025-06,2025,6,2,266,BN,บรูไน,1A,ทวีปเอเชีย,10487529.0,157528.0
2025-06,2025,6,2,295,QA,กาตาร์,1A,ทวีปเอเชีย,7559983.0,90183.0
2025-06,2025,6,2,292,KW,คูเวต,1A,ทวีปเอเชีย,11229959.0,123233.0
2025-06,2025,6,2,288,IL,อิสราเอล,1A,ทวีปเอเชีย,19651104.0,102022.0
2025-06,2025,6,2,411,CO,โคลอมเบีย,1D,ทวีปอเมริกาใต้,9747513.0,20557.0
2025-06,2025,6,2,345,RU,รัสเซีย,1B,ทวีปยุโรป,8543888.0,34608.0
2025-06,2025,6,2,362,LT,ลิทัวเนีย,1B,ทวีปยุโรป,10342227.0,57271.0
2025-06,2025,6,2,268,KH,กัมพูชา,1A,ทวีปเอเชีย,7488855.0,138127.0
2025-06,2025,6,2,327,SE,สวีเดน,1B,ทวีปยุโรป,4285787.0,16762.0
2025-06,2025,6,2,298,TR,ตุรกี,1A,ทวีปเอเชีย,0.0,0.0
2025-06,2025,6,2,456,MU,มอริเชียส,1E,ทวีปแอฟริกา,11241025.0,204430.0
2025-06,2025,6,2,318,FI,ฟินแลนด์,1B,ทวีปยุโรป,6855272.0,49406.0
2025-06,2025,6,2,269,LA,สปป. ลาว,1A,ทวีปเอเชีย,7742317.0,209217.0
2025-06,2025,6,2,317,ES,สเปน,1B,ทวีปยุโรป,16550792.0,105245.0
2025-06,2025,6,2,286,BH,บาห์เรน,1A,ทวีปเอเชีย,4692649.0,79804.0
2025-06,2025,6,2,277,BD,บังกลาเทศ,1A,ทวีปเอเชีย,2328558.0,39915.0
2025-06,2025,6,2,351,UA,ยูเครน,1B,ทวีปยุโรป,2682724.0,14976.0
2025-06,2025,6,2,478,ZA,แอฟริกาใต้,1E,ทวีปแอฟริกา,5822294.0,63578.0
2025-06,2025,6,2,356,CH,สวิตเซอร์แลนด์,1B,ทวีปยุโรป,6088954.0,34812.0
2025-06,2025,6,2,312,AT,ออสเตรีย,1B,ทวีปยุโรป,0.0,0.0
2025-06,2025,6,2,417,PE,เปรู,1D,ทวีปอเมริกาใต้,7224956.0,18336.0
2025-06,2025,6,2,280,LK,ศรีลังกา,1A,ทวีปเอเชีย,5544295.0,107611.0
2025-06,2025,6,2,294,OM,โอมาน,1A,ทวีปเอเชีย,4301720.0,67913.0
2025-06,2025,6,2,343,PL,โปแลนด์,1B,ทวีปยุโรป,2154211.0,10776.0
2025-06,2025,6,2,336,CZ,สาธารณรัฐเช็ก,1B,ทวีปยุโรป,1255140.0,9234.0
2025-06,2025,6,2,365,MT,มอลตา,1B,ทวีปยุโรป,1753082.0,12401.0
2025-06,2025,6,2,321,GR,กรีซ,1B,ทวีปยุโรป,1761616.0,21380.0
2025-06,2025,6,2,283,PK,ปากีสถาน,1A,ทวีปเอเชีย,1353263.0,13180.0
2025-06,2025,6,2,316,DK,เดนมาร์ก,1B,ทวีปยุโรป,3557776.0,22392.0
2025-06,2025,6,2,289,IQ,อิรัก,1A,ทวีปเอเชีย,0.0,0.0
2025-06,2025,6,2,291,JO,จอร์แดน,1A,ทวีปเอเชีย,0.0,0.0
2025-06,2025,6,2,293,LB,เลบานอน,1A,ทวีปเอเชีย,2013710.0,12980.0
2025-06,2025,6,2,421,UY,อุรุกวัย,1D,ทวีปอเมริกาใต้,0.0,0.0
2025-06,2025,6,2,407,AR,อาร์เจนตินา,1D,ทวีปอเมริกาใต้,2056694.0,7054.0
2025-06,2025,6,2,412,EC,เอกวาดอร์,1D,ทวีปอเมริกาใต้,1853616.0,3373.0
2025-06,2025,6,2,388,GT,กัวเตมาลา,1C,ทวีปอเมริกาเหนือ,0.0,0.0
2025-06,2025,6,2,422,VE,เวเนซุเอลา,1D,ทวีปอเมริกาใต้,0.0,0.0
2025-06,2025,6,2,476,TZ,แทนซาเนีย,1E,ทวีปแอฟริกา,0.0,0.0
2025-06,2025,6,2,493,NC,นิวแคลีโดเนีย,1F,ทวีปออสเตรเลีย,707981.0,17380.0
2025-06,2025,6,2,341,KZ,คาซัคสถาน,1A,ทวีปเอเชีย,0.0,0.0
2025-06,2025,6,2,281,MV,มัลดีฟส์,1A,ทวีปเอเชีย,69960.0,338.0
2025-06,2025,6,2,451,LY,ลิเบีย,1E,ทวีปแอฟริกา,0.0,0.0
2025-06,2025,6,2,282,NP,เนปาล,1A,ทวีปเอเชีย,526648.0,2113.0
2025-06,2025,6,2,498,PF,เฟรนช์โปลีนีเซีย,1F,ทวีปออสเตรเลีย,634525.0,15775.0
2025-06,2025,6,2,363,LV,ลัตเวีย,1B,ทวีปยุโรป,0.0,0.0
2025-06,2025,6,2,398,PR,เปอร์โตริโก,1C,ทวีปอเมริกาเหนือ,0.0,0.0
2025-06,2025,6,2,397,PA,ปานามา,1C,ทวีปอเมริกาเหนือ,0.0,0.0
2025-06,2025,6,2,276,AF,อัฟกานิสถาน,1A,ทวีปเอเชีย,0.0,0.0
2025-06,2025,6,2,408,BO,โบลิเวีย,1D,ทวีปอเมริกาใต้,0.0,0.0
2025-06,2025,6,2,389,HN,ฮอนดูรัส,1C,ทวีปอเมริกาเหนือ,0.0,0.0
2025-06,2025,6,2,401,TT,ตรินิแดดและโตเบโก,1C,ทวีปอเมริกาเหนือ,0.0,0.0
2025-06,2025,6,2,326,PT,โปรตุเกส,1B,ทวีปยุโรป,0.0,0.0
2025-06,2025,6,2,452,MA,โมร็อกโก,1E,ทวีปแอฟริกา,0.0,0.0
2025-06,2025,6,2,447,KE,เคนยา,1E,ทวีปแอฟริกา,469321.0,16244.0
2025-06,2025,6,2,377,BB,บาร์เบโดส,1C,ทวีปอเมริกาเหนือ,0.0,0.0
2025-06,2025,6,2,278,BT,ภูฎาน,1A,ทวีปเอเชีย,0.0,0.0
2025-06,2025,6,2,465,SC,เซเชลส์,1E,ทวีปแอฟริกา,0.0,0.0
2025-06,2025,6,2,338,HR,โครเอเชีย,1B,ทวีปยุโรป,0.0,0.0
2025-07,2025,7,3,373,US,สหรัฐอเมริกา,1C,ทวีปอเมริกาเหนือ,2789852747.0,14680037.0
2025-07,2025,7,3,304,JP,ญี่ปุ่น,1A,ทวีปเอเชีย,941386067.0,9348541.0
2025-07,2025,7,3,323,IT,อิตาลี,1B,ทวีปยุโรป,517463166.0,3244815.0
2025-07,2025,7,3,483,AU,ออสเตรเลีย,1F,ทวีปออสเตรเลีย,512725225.0,5383406.0
2025-07,2025,7,3,271,MY,มาเลเซีย,1A,ทวีปเอเชีย,452038060.0,8330401.0
2025-07,2025,7,3,315,DE,เยอรมนี,1B,ทวีปยุโรป,298789579.0,1670917.0
2025-07,2025,7,3,272,PH,ฟิลิปปินส์,1A,ทวีปเอเชีย,379044550.0,8779458.0
2025-07,2025,7,3,320,GB,สหราชอาณาจักร,1B,ทวีปยุโรป,344551012.0,2270055.0
2025-07,2025,7,3,309,TW,ไต้หวัน,1A,ทวีปเอเชีย,243771818.0,2297745.0
2025-07,2025,7,3,279,IN,อินเดีย,1A,ทวีปเอเชีย,280787365.0,4088416.0
2025-07,2025,7,3,371,CA,แคนาดา,1C,ทวีปอเมริกาเหนือ,184473854.0,955654.0
2025-07,2025,7,3,267,ID,อินโดนีเซีย,1A,ทวีปเอเชีย,189083589.0,3161207.0
2025-07,2025,7,3,302,CN,จีน,1A,ทวีปเอเชีย,129969508.0,830222.0
2025-07,2025,7,3,313,BE,เบลเยียม,1B,ทวีปยุโรป,107992717.0,680380.0
2025-07,2025,7,3,306,KR,เกาหลีใต้,1A,ทวีปเอเชีย,97344525.0,755260.0
2025-07,2025,7,3,497,NZ,นิวซีแลนด์,1F,ทวีปออสเตรเลีย,116944919.0,1794774.0
2025-07,2025,7,3,274,VN,เวียดนาม,1A,ทวีปเอเชีย,82797911.0,1637080.0
2025-07,2025,7,3,303,HK,ฮ่องกง,1A,ทวีปเอเชีย,66382846.0,444938.0
2025-07,2025,7,3,285,AE,สหรัฐอาหรับเอมิเรตส์,1A,ทวีปเอเชีย,90169539.0,1004318.0
2025-07,2025,7,3,273,SG,สิงคโปร์,1A,ทวีปเอเชีย,53381334.0,423811.0
2025-07,2025,7,3,409,BR,บราซิล,1D,ทวีปอเมริกาใต้,83558133.0,281557.0
2025-07,2025,7,3,296,SA,ซาอุดีอาระเบีย,1A,ทวีปเอเชีย,43926555.0,439028.0
2025-07,2025,7,3,319,FR,ฝรั่งเศส,1B,ทวีปยุโรป,45375968.0,227521.0
2025-07,2025,7,3,410,CL,ชิลี,1D,ทวีปอเมริกาใต้,48705856.0,101442.0
2025-07,2025,7,3,270,MM,เมียนมา,1A,ทวีปเอเชีย,18631860.0,426055.0
2025-07,2025,7,3,266,BN,บรูไน,1A,ทวีปเอเชีย,41326219.0,807097.0
2025-07,2025,7,3,325,NL,เนเธอร์แลนด์,1B,ทวีปยุโรป,10221682.0,53605.0
2025-07,2025,7,3,372,MX,เม็กซิโก,1C,ทวีปอเมริกาเหนือ,8014900.0,20542.0
2025-07,2025,7,3,288,IL,อิสราเอล,1A,ทวีปเอเชีย,28772535.0,177642.0
2025-07,2025,7,3,411,CO,โคลอมเบีย,1D,ทวีปอเมริกาใต้,24797698.0,50796.0
2025-07,2025,7,3,295,QA,กาตาร์,1A,ทวีปเอเชีย,6429206.0,84249.0
2025-07,2025,7,3,292,KW,คูเวต,1A,ทวีปเอเชีย,14693732.0,167893.0
2025-07,2025,7,3,345,RU,รัสเซีย,1B,ทวีปยุโรป,17558380.0,69216.0
2025-07,2025,7,3,362,LT,ลิทัวเนีย,1B,ทวีปยุโรป,16662557.0,83430.0
2025-07,2025,7,3,327,SE,สวีเดน,1B,ทวีปยุโรป,15832399.0,67809.0
2025-07,2025,7,3,298,TR,ตุรกี,1A,ทวีปเอเชีย,20513452.0,92963.0
2025-07,2025,7,3,268,KH,กัมพูชา,1A,ทวีปเอเชีย,1966868.0,31062.0
2025-07,2025,7,3,456,MU,มอริเชียส,1E,ทวีปแอฟริกา,12374351.0,221419.0
2025-07,2025,7,3,269,LA,สปป. ลาว,1A,ทวีปเอเชีย,8759458.0,229512.0
2025-07,2025,7,3,478,ZA,แอฟริกาใต้,1E,ทวีปแอฟริกา,10664920.0,132007.0
2025-07,2025,7,3,277,BD,บังกลาเทศ,1A,ทวีปเอเชีย,8849030.0,215599.0
2025-07,2025,7,3,286,BH,บาห์เรน,1A,ทวีปเอเชีย,4214816.0,56343.0
2025-07,2025,7,3,356,CH,สวิตเซอร์แลนด์,1B,ทวีปยุโรป,5226165.0,22572.0
2025-07,2025,7,3,318,FI,ฟินแลนด์,1B,ทวีปยุโรป,241355.0,4223.0
2025-07,2025,7,3,317,ES,สเปน,1B,ทวีปยุโรป,1816508.0,16349.0
2025-07,2025,7,3,351,UA,ยูเครน,1B,ทวีปยุโรป,3055850.0,12672.0
2025-07,2025,7,3,280,LK,ศรีลังกา,1A,ทวีปเอเชีย,8581298.0,168528.0
2025-07,2025,7,3,417,PE,เปรู,1D,ทวีปอเมริกาใต้,7130902.0,30437.0
2025-07,2025,7,3,343,PL,โปแลนด์,1B,ทวีปยุโรป,10171512.0,61989.0
2025-07,2025,7,3,312,AT,ออสเตรีย,1B,ทวีปยุโรป,3400857.0,15129.0
2025-07,2025,7,3,294,OM,โอมาน,1A,ทวีปเอเชีย,6200325.0,101872.0
2025-07,2025,7,3,289,IQ,อิรัก,1A,ทวีปเอเชีย,15587093.0,52589.0
2025-07,2025,7,3,321,GR,กรีซ,1B,ทวีปยุโรป,5731299.0,39709.0
2025-07,2025,7,3,365,MT,มอลตา,1B,ทวีปยุโรป,3599363.0,24388.0
2025-07,2025,7,3,336,CZ,สาธารณรัฐเช็ก,1B,ทวีปยุโรป,1233764.0,8250.0
2025-07,2025,7,3,283,PK,ปากีสถาน,1A,ทวีปเอเชีย,4642050.0,38172.0
2025-07,2025,7,3,291,JO,จอร์แดน,1A,ทวีปเอเชีย,2407921.0,28554.0
2025-07,2025,7,3,316,DK,เดนมาร์ก,1B,ทวีปยุโรป,0.0,0.0
2025-07,2025,7,3,293,LB,เลบานอน,1A,ทวีปเอเชีย,0.0,0.0
2025-07,2025,7,3,407,AR,อาร์เจนตินา,1D,ทวีปอเมริกาใต้,891769.0,3235.0
2025-07,2025,7,3,421,UY,อุรุกวัย,1D,ทวีปอเมริกาใต้,0.0,0.0
2025-07,2025,7,3,388,GT,กัวเตมาลา,1C,ทวีปอเมริกาเหนือ,1987862.0,3656.0
2025-07,2025,7,3,341,KZ,คาซัคสถาน,1A,ทวีปเอเชีย,2684063.0,19849.0
2025-07,2025,7,3,493,NC,นิวแคลีโดเนีย,1F,ทวีปออสเตรเลีย,1548738.0,38434.0
2025-07,2025,7,3,476,TZ,แทนซาเนีย,1E,ทวีปแอฟริกา,982043.0,24073.0
2025-07,2025,7,3,412,EC,เอกวาดอร์,1D,ทวีปอเมริกาใต้,0.0,0.0
2025-07,2025,7,3,422,VE,เวเนซุเอลา,1D,ทวีปอเมริกาใต้,0.0,0.0
2025-07,2025,7,3,282,NP,เนปาล,1A,ทวีปเอเชีย,789702.0,10153.0
2025-07,2025,7,3,281,MV,มัลดีฟส์,1A,ทวีปเอเชีย,411.0,1.0
2025-07,2025,7,3,451,LY,ลิเบีย,1E,ทวีปแอฟริกา,0.0,0.0
2025-07,2025,7,3,326,PT,โปรตุเกส,1B,ทวีปยุโรป,1269062.0,7835.0
2025-07,2025,7,3,498,PF,เฟรนช์โปลีนีเซีย,1F,ทวีปออสเตรเลีย,0.0,0.0
2025-07,2025,7,3,408,BO,โบลิเวีย,1D,ทวีปอเมริกาใต้,1017317.0,1871.0
2025-07,2025,7,3,363,LV,ลัตเวีย,1B,ทวีปยุโรป,0.0,0.0
2025-07,2025,7,3,344,RO,โรมาเนีย,1B,ทวีปยุโรป,1420472.0,9590.0
2025-07,2025,7,3,398,PR,เปอร์โตริโก,1C,ทวีปอเมริกาเหนือ,0.0,0.0
2025-07,2025,7,3,397,PA,ปานามา,1C,ทวีปอเมริกาเหนือ,0.0,0.0
2025-07,2025,7,3,276,AF,อัฟกานิสถาน,1A,ทวีปเอเชีย,0.0,0.0
2025-07,2025,7,3,333,BG,บัลแกเรีย,1B,ทวีปยุโรป,1024100.0,7860.0
2025-07,2025,7,3,389,HN,ฮอนดูรัส,1C,ทวีปอเมริกาเหนือ,0.0,0.0
2025-07,2025,7,3,401,TT,ตรินิแดดและโตเบโก,1C,ทวีปอเมริกาเหนือ,0.0,0.0
2025-07,2025,7,3,452,MA,โมร็อกโก,1E,ทวีปแอฟริกา,0.0,0.0
2025-07,2025,7,3,447,KE,เคนยา,1E,ทวีปแอฟริกา,0.0,0.0
2025-07,2025,7,3,377,BB,บาร์เบโดส,1C,ทวีปอเมริกาเหนือ,0.0,0.0
2025-07,2025,7,3,278,BT,ภูฎาน,1A,ทวีปเอเชีย,0.0,0.0
2025-07,2025,7,3,465,SC,เซเชลส์,1E,ทวีปแอฟริกา,0.0,0.0
2025-07,2025,7,3,338,HR,โครเอเชีย,1B,ทวีปยุโรป,0.0,0.0
2025-08,2025,8,3,373,US,สหรัฐอเมริกา,1C,ทวีปอเมริกาเหนือ,2402186889.0,13078206.0
2025-08,2025,8,3,304,JP,ญี่ปุ่น,1A,ทวีปเอเชีย,968457173.0,10268703.0
2025-08,2025,8,3,323,IT,อิตาลี,1B,ทวีปยุโรป,488692504.0,3054855.0
2025-08,2025,8,3,483,AU,ออสเตรเลีย,1F,ทวีปออสเตรเลีย,383652041.0,3845822.0
2025-08,2025,8,3,271,MY,มาเลเซีย,1A,ทวีปเอเชีย,427192866.0,7973731.0
2025-08,2025,8,3,315,DE,เยอรมนี,1B,ทวีปยุโรป,363291508.0,2310293.0
2025-08,2025,8,3,272,PH,ฟิลิปปินส์,1A,ทวีปเอเชีย,268400273.0,6120727.0
2025-08,2025,8,3,320,GB,สหราชอาณาจักร,1B,ทวีปยุโรป,288204764.0,1889489.0
2025-08,2025,8,3,309,TW,ไต้หวัน,1A,ทวีปเอเชีย,178033423.0,1465418.0
2025-08,2025,8,3,279,IN,อินเดีย,1A,ทวีปเอเชีย,256506007.0,3890355.0
2025-08,2025,8,3,371,CA,แคนาดา,1C,ทวีปอเมริกาเหนือ,181864188.0,1040197.0
2025-08,2025,8,3,267,ID,อินโดนีเซีย,1A,ทวีปเอเชีย,106761457.0,1814244.0
2025-08,2025,8,3,302,CN,จีน,1A,ทวีปเอเชีย,90040701.0,614975.0
2025-08,2025,8,3,313,BE,เบลเยียม,1B,ทวีปยุโรป,65598824.0,419446.0
2025-08,2025,8,3,306,KR,เกาหลีใต้,1A,ทวีปเอเชีย,119425625.0,886436.0
2025-08,2025,8,3,497,NZ,นิวซีแลนด์,1F,ทวีปออสเตรเลีย,104683916.0,1712093.0
2025-08,2025,8,3,274,VN,เวียดนาม,1A,ทวีปเอเชีย,91285633.0,1720282.0
2025-08,2025,8,3,303,HK,ฮ่องกง,1A,ทวีปเอเชีย,65449007.0,526754.0
2025-08,2025,8,3,285,AE,สหรัฐอาหรับเอมิเรตส์,1A,ทวีปเอเชีย,58978430.0,684104.0
2025-08,2025,8,3,273,SG,สิงคโปร์,1A,ทวีปเอเชีย,66762817.0,570009.0
2025-08,2025,8,3,296,SA,ซาอุดีอาระเบีย,1A,ทวีปเอเชีย,34866167.0,368266.0
2025-08,2025,8,3,409,BR,บราซิล,1D,ทวีปอเมริกาใต้,18303760.0,63973.0
2025-08,2025,8,3,319,FR,ฝรั่งเศส,1B,ทวีปยุโรป,52721931.0,240907.0
2025-08,2025,8,3,410,CL,ชิลี,1D,ทวีปอเมริกาใต้,51520539.0,108899.0
2025-08,2025,8,3,325,NL,เนเธอร์แลนด์,1B,ทวีปยุโรป,22336431.0,121478.0
2025-08,2025,8,3,270,MM,เมียนมา,1A,ทวีปเอเชีย,3901116.0,104185.0
2025-08,2025,8,3,266,BN,บรูไน,1A,ทวีปเอเชีย,6879072.0,116493.0
2025-08,2025,8,3,372,MX,เม็กซิโก,1C,ทวีปอเมริกาเหนือ,36502517.0,79498.0
2025-08,2025,8,3,411,CO,โคลอมเบีย,1D,ทวีปอเมริกาใต้,20647501.0,41605.0
2025-08,2025,8,3,288,IL,อิสราเอล,1A,ทวีปเอเชีย,6853526.0,71137.0
2025-08,2025,8,3,295,QA,กาตาร์,1A,ทวีปเอเชีย,10523687.0,127657.0
2025-08,2025,8,3,292,KW,คูเวต,1A,ทวีปเอเชีย,10626862.0,119388.0
2025-08,2025,8,3,345,RU,รัสเซีย,1B,ทวีปยุโรป,12887752.0,51912.0
2025-08,2025,8,3,362,LT,ลิทัวเนีย,1B,ทวีปยุโรป,5643328.0,27520.0
2025-08,2025,8,3,327,SE,สวีเดน,1B,ทวีปยุโรป,12767272.0,62497.0
2025-08,2025,8,3,298,TR,ตุรกี,1A,ทวีปเอเชีย,7843536.0,36507.0
2025-08,2025,8,3,268,KH,กัมพูชา,1A,ทวีปเอเชีย,11039527.0,211371.0
2025-08,2025,8,3,456,MU,มอริเชียส,1E,ทวีปแอฟริกา,8740583.0,142624.0
2025-08,2025,8,3,269,LA,สปป. ลาว,1A,ทวีปเอเชีย,8029120.0,202730.0
2025-08,2025,8,3,478,ZA,แอฟริกาใต้,1E,ทวีปแอฟริกา,9911619.0,74727.0
2025-08,2025,8,3,277,BD,บังกลาเทศ,1A,ทวีปเอเชีย,5867199.0,125255.0
2025-08,2025,8,3,343,PL,โปแลนด์,1B,ทวีปยุโรป,11298557.0,66494.0
2025-08,2025,8,3,356,CH,สวิตเซอร์แลนด์,1B,ทวีปยุโรป,8105589.0,47167.0
2025-08,2025,8,3,351,UA,ยูเครน,1B,ทวีปยุโรป,8156820.0,42541.0
2025-08,2025,8,3,286,BH,บาห์เรน,1A,ทวีปเอเชีย,5763605.0,81769.0
2025-08,2025,8,3,318,FI,ฟินแลนด์,1B,ทวีปยุโรป,3081899.0,17073.0
2025-08,2025,8,3,417,PE,เปรู,1D,ทวีปอเมริกาใต้,4968899.0,9770.0
2025-08,2025,8,3,317,ES,สเปน,1B,ทวีปยุโรป,1719461.0,17238.0
2025-08,2025,8,3,280,LK,ศรีลังกา,1A,ทวีปเอเชีย,2681361.0,56047.0
2025-08,2025,8,3,294,OM,โอมาน,1A,ทวีปเอเชีย,5315102.0,80521.0
2025-08,2025,8,3,312,AT,ออสเตรีย,1B,ทวีปยุโรป,0.0,0.0
2025-08,2025,8,3,365,MT,มอลตา,1B,ทวีปยุโรป,4386195.0,29948.0
2025-08,2025,8,3,321,GR,กรีซ,1B,ทวีปยุโรป,3299903.0,6151.0
2025-08,2025,8,3,289,IQ,อิรัก,1A,ทวีปเอเชีย,1633401.0,15285.0
2025-08,2025,8,3,336,CZ,สาธารณรัฐเช็ก,1B,ทวีปยุโรป,3271660.0,26005.0
2025-08,2025,8,3,283,PK,ปากีสถาน,1A,ทวีปเอเชีย,0.0,0.0
2025-08,2025,8,3,291,JO,จอร์แดน,1A,ทวีปเอเชีย,324691.0,1885.0
2025-08,2025,8,3,293,LB,เลบานอน,1A,ทวีปเอเชีย,2919337.0,27120.0
2025-08,2025,8,3,421,UY,อุรุกวัย,1D,ทวีปอเมริกาใต้,4598028.0,10691.0
2025-08,2025,8,3,316,DK,เดนมาร์ก,1B,ทวีปยุโรป,0.0,0.0
2025-08,2025,8,3,422,VE,เวเนซุเอลา,1D,ทวีปอเมริกาใต้,4902794.0,9139.0
2025-08,2025,8,3,407,AR,อาร์เจนตินา,1D,ทวีปอเมริกาใต้,1551333.0,6084.0
2025-08,2025,8,3,388,GT,กัวเตมาลา,1C,ทวีปอเมริกาเหนือ,0.0,0.0
2025-08,2025,8,3,341,KZ,คาซัคสถาน,1A,ทวีปเอเชีย,0.0,0.0
2025-08,2025,8,3,476,TZ,แทนซาเนีย,1E,ทวีปแอฟริกา,958711.0,25039.0
2025-08,2025,8,3,493,NC,นิวแคลีโดเนีย,1F,ทวีปออสเตรเลีย,0.0,0.0
2025-08,2025,8,3,412,EC,เอกวาดอร์,1D,ทวีปอเมริกาใต้,0.0,0.0
2025-08,2025,8,3,282,NP,เนปาล,1A,ทวีปเอเชีย,0.0,0.0
2025-08,2025,8,3,338,HR,โครเอเชีย,1B,ทวีปยุโรป,2806428.0,17913.0
2025-08,2025,8,3,326,PT,โปรตุเกส,1B,ทวีปยุโรป,710833.0,4679.0
2025-08,2025,8,3,281,MV,มัลดีฟส์,1A,ทวีปเอเชีย,0.0,0.0
2025-08,2025,8,3,451,LY,ลิเบีย,1E,ทวีปแอฟริกา,0.0,0.0
2025-08,2025,8,3,498,PF,เฟรนช์โปลีนีเซีย,1F,ทวีปออสเตรเลีย,0.0,0.0
2025-08,2025,8,3,408,BO,โบลิเวีย,1D,ทวีปอเมริกาใต้,0.0,0.0
2025-08,2025,8,3,363,LV,ลัตเวีย,1B,ทวีปยุโรป,0.0,0.0
2025-08,2025,8,3,344,RO,โรมาเนีย,1B,ทวีปยุโรป,0.0,0.0
2025-08,2025,8,3,398,PR,เปอร์โตริโก,1C,ทวีปอเมริกาเหนือ,0.0,0.0
2025-08,2025,8,3,397,PA,ปานามา,1C,ทวีปอเมริกาเหนือ,0.0,0.0
2025-08,2025,8,3,276,AF,อัฟกานิสถาน,1A,ทวีปเอเชีย,0.0,0.0
2025-08,2025,8,3,447,KE,เคนยา,1E,ทวีปแอฟริกา,773149.0,9874.0
2025-08,2025,8,3,333,BG,บัลแกเรีย,1B,ทวีปยุโรป,0.0,0.0
2025-08,2025,8,3,389,HN,ฮอนดูรัส,1C,ทวีปอเมริกาเหนือ,0.0,0.0
2025-08,2025,8,3,401,TT,ตรินิแดดและโตเบโก,1C,ทวีปอเมริกาเหนือ,0.0,0.0
2025-08,2025,8,3,475,TN,ตูนิเซีย,1E,ทวีปแอฟริกา,734728.0,1559.0
2025-08,2025,8,3,452,MA,โมร็อกโก,1E,ทวีปแอฟริกา,0.0,0.0
2025-08,2025,8,3,381,CR,คอสตาริกา,1C,ทวีปอเมริกาเหนือ,675890.0,2531.0
2025-08,2025,8,3,377,BB,บาร์เบโดส,1C,ทวีปอเมริกาเหนือ,0.0,0.0
2025-08,2025,8,3,278,BT,ภูฎาน,1A,ทวีปเอเชีย,0.0,0.0
2025-08,2025,8,3,465,SC,เซเชลส์,1E,ทวีปแอฟริกา,0.0,0.0
2025-09,2025,9,3,373,US,สหรัฐอเมริกา,1C,ทวีปอเมริกาเหนือ,2592283626.0,14349834.0
2025-09,2025,9,3,304,JP,ญี่ปุ่น,1A,ทวีปเอเชีย,1031032196.0,10626382.0
2025-09,2025,9,3,323,IT,อิตาลี,1B,ทวีปยุโรป,409338282.0,2580407.0
2025-09,2025,9,3,483,AU,ออสเตรเลีย,1F,ทวีปออสเตรเลีย,434158489.0,4603614.0
2025-09,2025,9,3,271,MY,มาเลเซีย,1A,ทวีปเอเชีย,365344639.0,6551960.0
2025-09,2025,9,3,315,DE,เยอรมนี,1B,ทวีปยุโรป,315917855.0,1916478.0
2025-09,2025,9,3,272,PH,ฟิลิปปินส์,1A,ทวีปเอเชีย,311662667.0,7103592.0
2025-09,2025,9,3,320,GB,สหราชอาณาจักร,1B,ทวีปยุโรป,395998359.0,2532044.0
2025-09,2025,9,3,309,TW,ไต้หวัน,1A,ทวีปเอเชีย,210255950.0,2092984.0
2025-09,2025,9,3,279,IN,อินเดีย,1A,ทวีปเอเชีย,197903588.0,3098982.0
2025-09,2025,9,3,371,CA,แคนาดา,1C,ทวีปอเมริกาเหนือ,104575527.0,611365.0
2025-09,2025,9,3,267,ID,อินโดนีเซีย,1A,ทวีปเอเชีย,123754732.0,2155672.0
2025-09,2025,9,3,302,CN,จีน,1A,ทวีปเอเชีย,109345034.0,738555.0
2025-09,2025,9,3,313,BE,เบลเยียม,1B,ทวีปยุโรป,122533676.0,723637.0
2025-09,2025,9,3,306,KR,เกาหลีใต้,1A,ทวีปเอเชีย,87574282.0,814460.0
2025-09,2025,9,3,497,NZ,นิวซีแลนด์,1F,ทวีปออสเตรเลีย,121520095.0,1912155.0
2025-09,2025,9,3,274,VN,เวียดนาม,1A,ทวีปเอเชีย,92636331.0,1669135.0
2025-09,2025,9,3,303,HK,ฮ่องกง,1A,ทวีปเอเชีย,57726984.0,497853.0
2025-09,2025,9,3,285,AE,สหรัฐอาหรับเอมิเรตส์,1A,ทวีปเอเชีย,77360174.0,905059.0
2025-09,2025,9,3,273,SG,สิงคโปร์,1A,ทวีปเอเชีย,71773274.0,520761.0
2025-09,2025,9,3,319,FR,ฝรั่งเศส,1B,ทวีปยุโรป,57832593.0,278821.0
2025-09,2025,9,3,296,SA,ซาอุดีอาระเบีย,1A,ทวีปเอเชีย,38499140.0,431045.0
2025-09,2025,9,3,409,BR,บราซิล,1D,ทวีปอเมริกาใต้,0.0,0.0
2025-09,2025,9,3,410,CL,ชิลี,1D,ทวีปอเมริกาใต้,41806559.0,87826.0
2025-09,2025,9,3,325,NL,เนเธอร์แลนด์,1B,ทวีปยุโรป,34589193.0,196076.0
2025-09,2025,9,3,266,BN,บรูไน,1A,ทวีปเอเชีย,29438383.0,543078.0
2025-09,2025,9,3,372,MX,เม็กซิโก,1C,ทวีปอเมริกาเหนือ,30428816.0,65356.0
2025-09,2025,9,3,270,MM,เมียนมา,1A,ทวีปเอเชีย,6617250.0,201336.0
2025-09,2025,9,3,411,CO,โคลอมเบีย,1D,ทวีปอเมริกาใต้,18565016.0,38499.0
2025-09,2025,9,3,292,KW,คูเวต,1A,ทวีปเอเชีย,19519432.0,164839.0
2025-09,2025,9,3,345,RU,รัสเซีย,1B,ทวีปยุโรป,24885280.0,103824.0
2025-09,2025,9,3,295,QA,กาตาร์,1A,ทวีปเอเชีย,12890256.0,118393.0
2025-09,2025,9,3,288,IL,อิสราเอล,1A,ทวีปเอเชีย,4240711.0,43656.0
2025-09,2025,9,3,327,SE,สวีเดน,1B,ทวีปยุโรป,14060566.0,69217.0
2025-09,2025,9,3,362,LT,ลิทัวเนีย,1B,ทวีปยุโรป,1332863.0,9688.0
2025-09,2025,9,3,298,TR,ตุรกี,1A,ทวีปเอเชีย,11776857.0,72971.0
2025-09,2025,9,3,268,KH,กัมพูชา,1A,ทวีปเอเชีย,10145092.0,203325.0
2025-09,2025,9,3,456,MU,มอริเชียส,1E,ทวีปแอฟริกา,9254579.0,153770.0
2025-09,2025,9,3,317,ES,สเปน,1B,ทวีปยุโรป,23234106.0,136042.0
2025-09,2025,9,3,478,ZA,แอฟริกาใต้,1E,ทวีปแอฟริกา,6826912.0,70722.0
2025-09,2025,9,3,269,LA,สปป. ลาว,1A,ทวีปเอเชีย,6220182.0,136346.0
2025-09,2025,9,3,277,BD,บังกลาเทศ,1A,ทวีปเอเชีย,7067318.0,57059.0
2025-09,2025,9,3,356,CH,สวิตเซอร์แลนด์,1B,ทวีปยุโรป,5504916.0,23217.0
2025-09,2025,9,3,286,BH,บาห์เรน,1A,ทวีปเอเชีย,6323766.0,94427.0
2025-09,2025,9,3,343,PL,โปแลนด์,1B,ทวีปยุโรป,2122249.0,8387.0
2025-09,2025,9,3,351,UA,ยูเครน,1B,ทวีปยุโรป,3030958.0,12672.0
2025-09,2025,9,3,318,FI,ฟินแลนด์,1B,ทวีปยุโรป,6064975.0,36702.0
2025-09,2025,9,3,280,LK,ศรีลังกา,1A,ทวีปเอเชีย,6418355.0,118789.0
2025-09,2025,9,3,417,PE,เปรู,1D,ทวีปอเมริกาใต้,5354849.0,10639.0
2025-09,2025,9,3,294,OM,โอมาน,1A,ทวีปเอเชีย,5888829.0,91907.0
2025-09,2025,9,3,312,AT,ออสเตรีย,1B,ทวีปยุโรป,4272933.0,17064.0
2025-09,2025,9,3,289,IQ,อิรัก,1A,ทวีปเอเชีย,2713928.0,28555.0
2025-09,2025,9,3,336,CZ,สาธารณรัฐเช็ก,1B,ทวีปยุโรป,3775385.0,25992.0
2025-09,2025,9,3,365,MT,มอลตา,1B,ทวีปยุโรป,2019614.0,14982.0
2025-09,2025,9,3,321,GR,กรีซ,1B,ทวีปยุโรป,1947231.0,7926.0
2025-09,2025,9,3,293,LB,เลบานอน,1A,ทวีปเอเชีย,7026833.0,33228.0
2025-09,2025,9,3,283,PK,ปากีสถาน,1A,ทวีปเอเชีย,856773.0,14114.0
2025-09,2025,9,3,291,JO,จอร์แดน,1A,ทวีปเอเชีย,0.0,0.0
2025-09,2025,9,3,421,UY,อุรุกวัย,1D,ทวีปอเมริกาใต้,0.0,0.0
2025-09,2025,9,3,316,DK,เดนมาร์ก,1B,ทวีปยุโรป,37112.0,357.0
2025-09,2025,9,3,422,VE,เวเนซุเอลา,1D,ทวีปอเมริกาใต้,0.0,0.0
2025-09,2025,9,3,407,AR,อาร์เจนตินา,1D,ทวีปอเมริกาใต้,0.0,0.0
2025-09,2025,9,3,388,GT,กัวเตมาลา,1C,ทวีปอเมริกาเหนือ,1898735.0,3365.0
2025-09,2025,9,3,476,TZ,แทนซาเนีย,1E,ทวีปแอฟริกา,1093665.0,24334.0
2025-09,2025,9,3,341,KZ,คาซัคสถาน,1A,ทวีปเอเชีย,0.0,0.0
2025-09,2025,9,3,398,PR,เปอร์โตริโก,1C,ทวีปอเมริกาเหนือ,3341941.0,116942.0
2025-09,2025,9,3,451,LY,ลิเบีย,1E,ทวีปแอฟริกา,2232922.0,4720.0
2025-09,2025,9,3,493,NC,นิวแคลีโดเนีย,1F,ทวีปออสเตรเลีย,0.0,0.0
2025-09,2025,9,3,412,EC,เอกวาดอร์,1D,ทวีปอเมริกาใต้,0.0,0.0
2025-09,2025,9,3,282,NP,เนปาล,1A,ทวีปเอเชีย,558043.0,6177.0
2025-09,2025,9,3,338,HR,โครเอเชีย,1B,ทวีปยุโรป,0.0,0.0
2025-09,2025,9,3,281,MV,มัลดีฟส์,1A,ทวีปเอเชีย,199938.0,4160.0
2025-09,2025,9,3,326,PT,โปรตุเกส,1B,ทวีปยุโรป,0.0,0.0
2025-09,2025,9,3,498,PF,เฟรนช์โปลีนีเซีย,1F,ทวีปออสเตรเลีย,608542.0,14288.0
2025-09,2025,9,3,447,KE,เคนยา,1E,ทวีปแอฟริกา,806994.0,16674.0
2025-09,2025,9,3,408,BO,โบลิเวีย,1D,ทวีปอเมริกาใต้,0.0,0.0
2025-09,2025,9,3,363,LV,ลัตเวีย,1B,ทวีปยุโรป,0.0,0.0
2025-09,2025,9,3,290,IR,อิหร่าน,1A,ทวีปเอเชีย,1607295.0,22996.0
2025-09,2025,9,3,377,BB,บาร์เบโดส,1C,ทวีปอเมริกาเหนือ,1239064.0,12083.0
2025-09,2025,9,3,381,CR,คอสตาริกา,1C,ทวีปอเมริกาเหนือ,766461.0,1685.0
2025-09,2025,9,3,344,RO,โรมาเนีย,1B,ทวีปยุโรป,0.0,0.0
2025-09,2025,9,3,397,PA,ปานามา,1C,ทวีปอเมริกาเหนือ,0.0,0.0
2025-09,2025,9,3,276,AF,อัฟกานิสถาน,1A,ทวีปเอเชีย,0.0,0.0
2025-09,2025,9,3,333,BG,บัลแกเรีย,1B,ทวีปยุโรป,0.0,0.0
2025-09,2025,9,3,389,HN,ฮอนดูรัส,1C,ทวีปอเมริกาเหนือ,0.0,0.0
2025-09,2025,9,3,401,TT,ตรินิแดดและโตเบโก,1C,ทวีปอเมริกาเหนือ,0.0,0.0
2025-09,2025,9,3,475,TN,ตูนิเซีย,1E,ทวีปแอฟริกา,0.0,0.0
2025-09,2025,9,3,452,MA,โมร็อกโก,1E,ทวีปแอฟริกา,0.0,0.0
2025-09,2025,9,3,278,BT,ภูฎาน,1A,ทวีปเอเชีย,0.0,0.0
2025-09,2025,9,3,465,SC,เซเชลส์,1E,ทวีปแอฟริกา,0.0,0.0
2025-10,2025,10,4,373,US,สหรัฐอเมริกา,1C,ทวีปอเมริกาเหนือ,2778490543.0,15201226.0
2025-10,2025,10,4,304,JP,ญี่ปุ่น,1A,ทวีปเอเชีย,1090119555.0,11221729.0
2025-10,2025,10,4,323,IT,อิตาลี,1B,ทวีปยุโรป,444913753.0,2789991.0
2025-10,2025,10,4,483,AU,ออสเตรเลีย,1F,ทวีปออสเตรเลีย,442819478.0,4593520.0
2025-10,2025,10,4,271,MY,มาเลเซีย,1A,ทวีปเอเชีย,363008027.0,6423494.0
2025-10,2025,10,4,315,DE,เยอรมนี,1B,ทวีปยุโรป,334560671.0,1887618.0
2025-10,2025,10,4,272,PH,ฟิลิปปินส์,1A,ทวีปเอเชีย,280489072.0,6238475.0
2025-10,2025,10,4,320,GB,สหราชอาณาจักร,1B,ทวีปยุโรป,248143701.0,1671170.0
2025-10,2025,10,4,309,TW,ไต้หวัน,1A,ทวีปเอเชีย,238869638.0,2659098.0
2025-10,2025,10,4,279,IN,อินเดีย,1A,ทวีปเอเชีย,147695797.0,2358383.0
2025-10,2025,10,4,371,CA,แคนาดา,1C,ทวีปอเมริกาเหนือ,145538109.0,808713.0
2025-10,2025,10,4,267,ID,อินโดนีเซีย,1A,ทวีปเอเชีย,207428177.0,3313803.0
2025-10,2025,10,4,302,CN,จีน,1A,ทวีปเอเชีย,95048098.0,759433.0
2025-10,2025,10,4,313,BE,เบลเยียม,1B,ทวีปยุโรป,164578390.0,987994.0
2025-10,2025,10,4,306,KR,เกาหลีใต้,1A,ทวีปเอเชีย,113732785.0,876263.0
2025-10,2025,10,4,497,NZ,นิวซีแลนด์,1F,ทวีปออสเตรเลีย,90987648.0,1409905.0
2025-10,2025,10,4,274,VN,เวียดนาม,1A,ทวีปเอเชีย,98915623.0,1625324.0
2025-10,2025,10,4,285,AE,สหรัฐอาหรับเอมิเรตส์,1A,ทวีปเอเชีย,69807421.0,817821.0
2025-10,2025,10,4,303,HK,ฮ่องกง,1A,ทวีปเอเชีย,43093558.0,397108.0
2025-10,2025,10,4,273,SG,สิงคโปร์,1A,ทวีปเอเชีย,54795015.0,424738.0
2025-10,2025,10,4,319,FR,ฝรั่งเศส,1B,ทวีปยุโรป,61227188.0,306400.0
2025-10,2025,10,4,296,SA,ซาอุดีอาระเบีย,1A,ทวีปเอเชีย,41600023.0,446734.0
2025-10,2025,10,4,409,BR,บราซิล,1D,ทวีปอเมริกาใต้,0.0,0.0
2025-10,2025,10,4,410,CL,ชิลี,1D,ทวีปอเมริกาใต้,33981368.0,76519.0
2025-10,2025,10,4,372,MX,เม็กซิโก,1C,ทวีปอเมริกาเหนือ,30180016.0,69233.0
2025-10,2025,10,4,325,NL,เนเธอร์แลนด์,1B,ทวีปยุโรป,11464511.0,68796.0
2025-10,2025,10,4,266,BN,บรูไน,1A,ทวีปเอเชีย,12443862.0,170387.0
2025-10,2025,10,4,270,MM,เมียนมา,1A,ทวีปเอเชีย,8567858.0,246169.0
2025-10,2025,10,4,411,CO,โคลอมเบีย,1D,ทวีปอเมริกาใต้,23657513.0,49167.0
2025-10,2025,10,4,292,KW,คูเวต,1A,ทวีปเอเชีย,14167556.0,166500.0
2025-10,2025,10,4,345,RU,รัสเซีย,1B,ทวีปยุโรป,12004030.0,51912.0
2025-10,2025,10,4,295,QA,กาตาร์,1A,ทวีปเอเชีย,13431703.0,146607.0
2025-10,2025,10,4,288,IL,อิสราเอล,1A,ทวีปเอเชีย,10116315.0,68026.0
2025-10,2025,10,4,327,SE,สวีเดน,1B,ทวีปยุโรป,18555604.0,87182.0
2025-10,2025,10,4,298,TR,ตุรกี,1A,ทวีปเอเชีย,8210205.0,49937.0
2025-10,2025,10,4,268,KH,กัมพูชา,1A,ทวีปเอเชีย,7153466.0,146360.0
2025-10,2025,10,4,362,LT,ลิทัวเนีย,1B,ทวีปยุโรป,256204.0,1496.0
2025-10,2025,10,4,456,MU,มอริเชียส,1E,ทวีปแอฟริกา,7864367.0,129615.0
2025-10,2025,10,4,269,LA,สปป. ลาว,1A,ทวีปเอเชีย,7802266.0,201386.0
2025-10,2025,10,4,277,BD,บังกลาเทศ,1A,ทวีปเอเชีย,10403257.0,250435.0
2025-10,2025,10,4,478,ZA,แอฟริกาใต้,1E,ทวีปแอฟริกา,5023081.0,51136.0
2025-10,2025,10,4,317,ES,สเปน,1B,ทวีปยุโรป,0.0,0.0
2025-10,2025,10,4,286,BH,บาห์เรน,1A,ทวีปเอเชีย,9001906.0,157197.0
2025-10,2025,10,4,356,CH,สวิตเซอร์แลนด์,1B,ทวีปยุโรป,4994196.0,34726.0
2025-10,2025,10,4,343,PL,โปแลนด์,1B,ทวีปยุโรป,5944821.0,13744.0
2025-10,2025,10,4,318,FI,ฟินแลนด์,1B,ทวีปยุโรป,5569524.0,31544.0
2025-10,2025,10,4,294,OM,โอมาน,1A,ทวีปเอเชีย,6391385.0,100617.0
2025-10,2025,10,4,351,UA,ยูเครน,1B,ทวีปยุโรป,1151587.0,8037.0
2025-10,2025,10,4,280,LK,ศรีลังกา,1A,ทวีปเอเชีย,688089.0,13465.0
2025-10,2025,10,4,417,PE,เปรู,1D,ทวีปอเมริกาใต้,0.0,0.0
2025-10,2025,10,4,312,AT,ออสเตรีย,1B,ทวีปยุโรป,4341221.0,21888.0
2025-10,2025,10,4,321,GR,กรีซ,1B,ทวีปยุโรป,2601271.0,32070.0
2025-10,2025,10,4,365,MT,มอลตา,1B,ทวีปยุโรป,1764195.0,13807.0
2025-10,2025,10,4,289,IQ,อิรัก,1A,ทวีปเอเชีย,1065713.0,19259.0
2025-10,2025,10,4,336,CZ,สาธารณรัฐเช็ก,1B,ทวีปยุโรป,1141396.0,6936.0
2025-10,2025,10,4,283,PK,ปากีสถาน,1A,ทวีปเอเชีย,3132389.0,35590.0
2025-10,2025,10,4,293,LB,เลบานอน,1A,ทวีปเอเชีย,1029320.0,11236.0
2025-10,2025,10,4,291,JO,จอร์แดน,1A,ทวีปเอเชีย,5402678.0,20958.0
2025-10,2025,10,4,421,UY,อุรุกวัย,1D,ทวีปอเมริกาใต้,4529842.0,10691.0
2025-10,2025,10,4,316,DK,เดนมาร์ก,1B,ทวีปยุโรป,0.0,0.0
2025-10,2025,10,4,407,AR,อาร์เจนตินา,1D,ทวีปอเมริกาใต้,866724.0,3235.0
2025-10,2025,10,4,422,VE,เวเนซุเอลา,1D,ทวีปอเมริกาใต้,0.0,0.0
2025-10,2025,10,4,341,KZ,คาซัคสถาน,1A,ทวีปเอเชีย,2678571.0,19892.0
2025-10,2025,10,4,388,GT,กัวเตมาลา,1C,ทวีปอเมริกาเหนือ,0.0,0.0
2025-10,2025,10,4,476,TZ,แทนซาเนีย,1E,ทวีปแอฟริกา,958018.0,22599.0
2025-10,2025,10,4,398,PR,เปอร์โตริโก,1C,ทวีปอเมริกาเหนือ,0.0,0.0
2025-10,2025,10,4,451,LY,ลิเบีย,1E,ทวีปแอฟริกา,0.0,0.0
2025-10,2025,10,4,281,MV,มัลดีฟส์,1A,ทวีปเอเชีย,1613371.0,23913.0
2025-10,2025,10,4,493,NC,นิวแคลีโดเนีย,1F,ทวีปออสเตรเลีย,0.0,0.0
2025-10,2025,10,4,412,EC,เอกวาดอร์,1D,ทวีปอเมริกาใต้,0.0,0.0
2025-10,2025,10,4,282,NP,เนปาล,1A,ทวีปเอเชีย,0.0,0.0
2025-10,2025,10,4,338,HR,โครเอเชีย,1B,ทวีปยุโรป,0.0,0.0
2025-10,2025,10,4,344,RO,โรมาเนีย,1B,ทวีปยุโรป,1379168.0,9520.0
2025-10,2025,10,4,326,PT,โปรตุเกส,1B,ทวีปยุโรป,0.0,0.0
2025-10,2025,10,4,397,PA,ปานามา,1C,ทวีปอเมริกาเหนือ,1250443.0,5944.0
2025-10,2025,10,4,498,PF,เฟรนช์โปลีนีเซีย,1F,ทวีปออสเตรเลีย,0.0,0.0
2025-10,2025,10,4,447,KE,เคนยา,1E,ทวีปแอฟริกา,0.0,0.0
2025-10,2025,10,4,408,BO,โบลิเวีย,1D,ทวีปอเมริกาใต้,0.0,0.0
2025-10,2025,10,4,363,LV,ลัตเวีย,1B,ทวีปยุโรป,0.0,0.0
2025-10,2025,10,4,290,IR,อิหร่าน,1A,ทวีปเอเชีย,0.0,0.0
2025-10,2025,10,4,377,BB,บาร์เบโดส,1C,ทวีปอเมริกาเหนือ,0.0,0.0
2025-10,2025,10,4,381,CR,คอสตาริกา,1C,ทวีปอเมริกาเหนือ,0.0,0.0
2025-10,2025,10,4,322,IE,ไอร์แลนด์,1B,ทวีปยุโรป,1386603.0,7952.0
2025-10,2025,10,4,276,AF,อัฟกานิสถาน,1A,ทวีปเอเชีย,0.0,0.0
2025-10,2025,10,4,333,BG,บัลแกเรีย,1B,ทวีปยุโรป,0.0,0.0
2025-10,2025,10,4,389,HN,ฮอนดูรัส,1C,ทวีปอเมริกาเหนือ,0.0,0.0
2025-10,2025,10,4,401,TT,ตรินิแดดและโตเบโก,1C,ทวีปอเมริกาเหนือ,0.0,0.0
2025-10,2025,10,4,475,TN,ตูนิเซีย,1E,ทวีปแอฟริกา,0.0,0.0
2025-10,2025,10,4,452,MA,โมร็อกโก,1E,ทวีปแอฟริกา,0.0,0.0
2025-10,2025,10,4,278,BT,ภูฎาน,1A,ทวีปเอเชีย,0.0,0.0
2025-10,2025,10,4,465,SC,เซเชลส์,1E,ทวีปแอฟริกา,0.0,0.0
2025-11,2025,11,4,373,US,สหรัฐอเมริกา,1C,ทวีปอเมริกาเหนือ,2896446427.0,16073869.0
2025-11,2025,11,4,304,JP,ญี่ปุ่น,1A,ทวีปเอเชีย,874362873.0,9384078.0
2025-11,2025,11,4,323,IT,อิตาลี,1B,ทวีปยุโรป,414480499.0,2593881.0
2025-11,2025,11,4,483,AU,ออสเตรเลีย,1F,ทวีปออสเตรเลีย,409839243.0,4589722.0
2025-11,2025,11,4,271,MY,มาเลเซีย,1A,ทวีปเอเชีย,321133476.0,5960248.0
2025-11,2025,11,4,315,DE,เยอรมนี,1B,ทวีปยุโรป,384667776.0,2481620.0
2025-11,2025,11,4,272,PH,ฟิลิปปินส์,1A,ทวีปเอเชีย,244946101.0,5060602.0
2025-11,2025,11,4,320,GB,สหราชอาณาจักร,1B,ทวีปยุโรป,220236804.0,1297135.0
2025-11,2025,11,4,309,TW,ไต้หวัน,1A,ทวีปเอเชีย,269620199.0,2723411.0
2025-11,2025,11,4,279,IN,อินเดีย,1A,ทวีปเอเชีย,189838825.0,3160557.0
2025-11,2025,11,4,371,CA,แคนาดา,1C,ทวีปอเมริกาเหนือ,125006018.0,534471.0
2025-11,2025,11,4,267,ID,อินโดนีเซีย,1A,ทวีปเอเชีย,169638380.0,2946939.0
2025-11,2025,11,4,302,CN,จีน,1A,ทวีปเอเชีย,119543387.0,835798.0
2025-11,2025,11,4,313,BE,เบลเยียม,1B,ทวีปยุโรป,93263753.0,546322.0
2025-11,2025,11,4,306,KR,เกาหลีใต้,1A,ทวีปเอเชีย,106190439.0,833972.0
2025-11,2025,11,4,497,NZ,นิวซีแลนด์,1F,ทวีปออสเตรเลีย,77333453.0,1176807.0
2025-11,2025,11,4,274,VN,เวียดนาม,1A,ทวีปเอเชีย,76154643.0,1218265.0
2025-11,2025,11,4,285,AE,สหรัฐอาหรับเอมิเรตส์,1A,ทวีปเอเชีย,64597921.0,748656.0
2025-11,2025,11,4,303,HK,ฮ่องกง,1A,ทวีปเอเชีย,57213585.0,481509.0
2025-11,2025,11,4,273,SG,สิงคโปร์,1A,ทวีปเอเชีย,27767617.0,229087.0
2025-11,2025,11,4,319,FR,ฝรั่งเศส,1B,ทวีปยุโรป,97711921.0,479873.0
2025-11,2025,11,4,296,SA,ซาอุดีอาระเบีย,1A,ทวีปเอเชีย,36109251.0,380267.0
2025-11,2025,11,4,410,CL,ชิลี,1D,ทวีปอเมริกาใต้,57580650.0,115067.0
2025-11,2025,11,4,409,BR,บราซิล,1D,ทวีปอเมริกาใต้,0.0,0.0
2025-11,2025,11,4,372,MX,เม็กซิโก,1C,ทวีปอเมริกาเหนือ,20446293.0,38376.0
2025-11,2025,11,4,325,NL,เนเธอร์แลนด์,1B,ทวีปยุโรป,18863801.0,105730.0
2025-11,2025,11,4,266,BN,บรูไน,1A,ทวีปเอเชีย,9519593.0,105903.0
2025-11,2025,11,4,411,CO,โคลอมเบีย,1D,ทวีปอเมริกาใต้,23981504.0,45796.0
2025-11,2025,11,4,270,MM,เมียนมา,1A,ทวีปเอเชีย,12257028.0,357152.0
2025-11,2025,11,4,345,RU,รัสเซีย,1B,ทวีปยุโรป,25311257.0,103824.0
2025-11,2025,11,4,292,KW,คูเวต,1A,ทวีปเอเชีย,9612718.0,132422.0
2025-11,2025,11,4,295,QA,กาตาร์,1A,ทวีปเอเชีย,12073084.0,144050.0
2025-11,2025,11,4,288,IL,อิสราเอล,1A,ทวีปเอเชีย,7289548.0,61054.0
2025-11,2025,11,4,327,SE,สวีเดน,1B,ทวีปยุโรป,4406512.0,31444.0
2025-11,2025,11,4,298,TR,ตุรกี,1A,ทวีปเอเชีย,6466080.0,19236.0
2025-11,2025,11,4,268,KH,กัมพูชา,1A,ทวีปเอเชีย,4286720.0,74490.0
2025-11,2025,11,4,456,MU,มอริเชียส,1E,ทวีปแอฟริกา,11785368.0,203260.0
2025-11,2025,11,4,362,LT,ลิทัวเนีย,1B,ทวีปยุโรป,0.0,0.0
2025-11,2025,11,4,269,LA,สปป. ลาว,1A,ทวีปเอเชีย,5488819.0,117366.0
2025-11,2025,11,4,478,ZA,แอฟริกาใต้,1E,ทวีปแอฟริกา,4085434.0,48182.0
2025-11,2025,11,4,277,BD,บังกลาเทศ,1A,ทวีปเอเชีย,1631470.0,19538.0
2025-11,2025,11,4,356,CH,สวิตเซอร์แลนด์,1B,ทวีปยุโรป,10185735.0,51710.0
2025-11,2025,11,4,286,BH,บาห์เรน,1A,ทวีปเอเชีย,5976587.0,87775.0
2025-11,2025,11,4,317,ES,สเปน,1B,ทวีปยุโรป,2288.0,22.0
2025-11,2025,11,4,343,PL,โปแลนด์,1B,ทวีปยุโรป,4107588.0,24801.0
2025-11,2025,11,4,318,FI,ฟินแลนด์,1B,ทวีปยุโรป,3630500.0,27840.0
2025-11,2025,11,4,417,PE,เปรู,1D,ทวีปอเมริกาใต้,9794975.0,18390.0
2025-11,2025,11,4,294,OM,โอมาน,1A,ทวีปเอเชีย,3732382.0,58567.0
2025-11,2025,11,4,280,LK,ศรีลังกา,1A,ทวีปเอเชีย,7759113.0,113037.0
2025-11,2025,11,4,289,IQ,อิรัก,1A,ทวีปเอเชีย,16274484.0,62742.0
2025-11,2025,11,4,351,UA,ยูเครน,1B,ทวีปยุโรป,0.0,0.0
2025-11,2025,11,4,312,AT,ออสเตรีย,1B,ทวีปยุโรป,3366867.0,15107.0
2025-11,2025,11,4,321,GR,กรีซ,1B,ทวีปยุโรป,6034092.0,39562.0
2025-11,2025,11,4,336,CZ,สาธารณรัฐเช็ก,1B,ทวีปยุโรป,1595256.0,7502.0
2025-11,2025,11,4,365,MT,มอลตา,1B,ทวีปยุโรป,0.0,0.0
2025-11,2025,11,4,293,LB,เลบานอน,1A,ทวีปเอเชีย,2156600.0,11169.0
2025-11,2025,11,4,283,PK,ปากีสถาน,1A,ทวีปเอเชีย,1089368.0,14637.0
2025-11,2025,11,4,421,UY,อุรุกวัย,1D,ทวีปอเมริกาใต้,1985035.0,3657.0
2025-11,2025,11,4,291,JO,จอร์แดน,1A,ทวีปเอเชีย,0.0,0.0
2025-11,2025,11,4,341,KZ,คาซัคสถาน,1A,ทวีปเอเชีย,3174627.0,12662.0
2025-11,2025,11,4,316,DK,เดนมาร์ก,1B,ทวีปยุโรป,0.0,0.0
2025-11,2025,11,4,407,AR,อาร์เจนตินา,1D,ทวีปอเมริกาใต้,679752.0,2850.0
2025-11,2025,11,4,422,VE,เวเนซุเอลา,1D,ทวีปอเมริกาใต้,0.0,0.0
2025-11,2025,11,4,388,GT,กัวเตมาลา,1C,ทวีปอเมริกาเหนือ,0.0,0.0
2025-11,2025,11,4,451,LY,ลิเบีย,1E,ทวีปแอฟริกา,2917987.0,8029.0
2025-11,2025,11,4,476,TZ,แทนซาเนีย,1E,ทวีปแอฟริกา,0.0,0.0
2025-11,2025,11,4,493,NC,นิวแคลีโดเนีย,1F,ทวีปออสเตรเลีย,1617190.0,38814.0
2025-11,2025,11,4,412,EC,เอกวาดอร์,1D,ทวีปอเมริกาใต้,1878063.0,3324.0
2025-11,2025,11,4,398,PR,เปอร์โตริโก,1C,ทวีปอเมริกาเหนือ,0.0,0.0
2025-11,2025,11,4,281,MV,มัลดีฟส์,1A,ทวีปเอเชีย,0.0,0.0
2025-11,2025,11,4,326,PT,โปรตุเกส,1B,ทวีปยุโรป,1392711.0,9010.0
2025-11,2025,11,4,282,NP,เนปาล,1A,ทวีปเอเชีย,0.0,0.0
2025-11,2025,11,4,338,HR,โครเอเชีย,1B,ทวีปยุโรป,0.0,0.0
2025-11,2025,11,4,344,RO,โรมาเนีย,1B,ทวีปยุโรป,0.0,0.0
2025-11,2025,11,4,397,PA,ปานามา,1C,ทวีปอเมริกาเหนือ,0.0,0.0
2025-11,2025,11,4,498,PF,เฟรนช์โปลีนีเซีย,1F,ทวีปออสเตรเลีย,0.0,0.0
2025-11,2025,11,4,322,IE,ไอร์แลนด์,1B,ทวีปยุโรป,1055680.0,2942.0
2025-11,2025,11,4,447,KE,เคนยา,1E,ทวีปแอฟริกา,0.0,0.0
2025-11,2025,11,4,408,BO,โบลิเวีย,1D,ทวีปอเมริกาใต้,0.0,0.0
2025-11,2025,11,4,363,LV,ลัตเวีย,1B,ทวีปยุโรป,0.0,0.0
2025-11,2025,11,4,290,IR,อิหร่าน,1A,ทวีปเอเชีย,0.0,0.0
2025-11,2025,11,4,377,BB,บาร์เบโดส,1C,ทวีปอเมริกาเหนือ,0.0,0.0
2025-11,2025,11,4,381,CR,คอสตาริกา,1C,ทวีปอเมริกาเหนือ,0.0,0.0
2025-11,2025,11,4,276,AF,อัฟกานิสถาน,1A,ทวีปเอเชีย,0.0,0.0
2025-11,2025,11,4,333,BG,บัลแกเรีย,1B,ทวีปยุโรป,0.0,0.0
2025-11,2025,11,4,389,HN,ฮอนดูรัส,1C,ทวีปอเมริกาเหนือ,0.0,0.0
2025-11,2025,11,4,401,TT,ตรินิแดดและโตเบโก,1C,ทวีปอเมริกาเหนือ,0.0,0.0
2025-11,2025,11,4,475,TN,ตูนิเซีย,1E,ทวีปแอฟริกา,0.0,0.0
2025-11,2025,11,4,452,MA,โมร็อกโก,1E,ทวีปแอฟริกา,0.0,0.0
2025-11,2025,11,4,278,BT,ภูฎาน,1A,ทวีปเอเชีย,0.0,0.0
2025-11,2025,11,4,465,SC,เซเชลส์,1E,ทวีปแอฟริกา,0.0,0.0
2025-12,2025,12,4,373,US,สหรัฐอเมริกา,1C,ทวีปอเมริกาเหนือ,2940199571.0,16481179.0
2025-12,2025,12,4,304,JP,ญี่ปุ่น,1A,ทวีปเอเชีย,860223642.0,8968356.0
2025-12,2025,12,4,323,IT,อิตาลี,1B,ทวีปยุโรป,478167317.0,2988231.0
2025-12,2025,12,4,483,AU,ออสเตรเลีย,1F,ทวีปออสเตรเลีย,536628066.0,5878992.0
2025-12,2025,12,4,271,MY,มาเลเซีย,1A,ทวีปเอเชีย,422734896.0,7802034.0
2025-12,2025,12,4,315,DE,เยอรมนี,1B,ทวีปยุโรป,383703986.0,2111910.0
2025-12,2025,12,4,272,PH,ฟิลิปปินส์,1A,ทวีปเอเชีย,267513060.0,6029989.0
2025-12,2025,12,4,320,GB,สหราชอาณาจักร,1B,ทวีปยุโรป,312211851.0,1896261.0
2025-12,2025,12,4,309,TW,ไต้หวัน,1A,ทวีปเอเชีย,352174217.0,4011255.0
2025-12,2025,12,4,279,IN,อินเดีย,1A,ทวีปเอเชีย,233767498.0,3610271.0
2025-12,2025,12,4,371,CA,แคนาดา,1C,ทวีปอเมริกาเหนือ,208717738.0,1006667.0
2025-12,2025,12,4,267,ID,อินโดนีเซีย,1A,ทวีปเอเชีย,136168183.0,2047964.0
2025-12,2025,12,4,302,CN,จีน,1A,ทวีปเอเชีย,110037377.0,731678.0
2025-12,2025,12,4,313,BE,เบลเยียม,1B,ทวีปยุโรป,131698294.0,761957.0
2025-12,2025,12,4,306,KR,เกาหลีใต้,1A,ทวีปเอเชีย,121193999.0,1005254.0
2025-12,2025,12,4,497,NZ,นิวซีแลนด์,1F,ทวีปออสเตรเลีย,97487317.0,1398098.0
2025-12,2025,12,4,274,VN,เวียดนาม,1A,ทวีปเอเชีย,116815379.0,2049786.0
2025-12,2025,12,4,285,AE,สหรัฐอาหรับเอมิเรตส์,1A,ทวีปเอเชีย,81717122.0,876597.0
2025-12,2025,12,4,303,HK,ฮ่องกง,1A,ทวีปเอเชีย,77300816.0,572363.0
2025-12,2025,12,4,273,SG,สิงคโปร์,1A,ทวีปเอเชีย,62369629.0,499781.0
2025-12,2025,12,4,319,FR,ฝรั่งเศส,1B,ทวีปยุโรป,74620252.0,345944.0
2025-12,2025,12,4,296,SA,ซาอุดีอาระเบีย,1A,ทวีปเอเชีย,63877660.0,508836.0
2025-12,2025,12,4,410,CL,ชิลี,1D,ทวีปอเมริกาใต้,32231597.0,62780.0
2025-12,2025,12,4,409,BR,บราซิล,1D,ทวีปอเมริกาใต้,3200817.0,11970.0
2025-12,2025,12,4,372,MX,เม็กซิโก,1C,ทวีปอเมริกาเหนือ,56542726.0,113735.0
2025-12,2025,12,4,325,NL,เนเธอร์แลนด์,1B,ทวีปยุโรป,20873226.0,103249.0
2025-12,2025,12,4,266,BN,บรูไน,1A,ทวีปเอเชีย,13337984.0,299755.0
2025-12,2025,12,4,411,CO,โคลอมเบีย,1D,ทวีปอเมริกาใต้,21446243.0,45203.0
2025-12,2025,12,4,270,MM,เมียนมา,1A,ทวีปเอเชีย,10840592.0,312511.0
2025-12,2025,12,4,345,RU,รัสเซีย,1B,ทวีปยุโรป,23996773.0,103824.0
2025-12,2025,12,4,292,KW,คูเวต,1A,ทวีปเอเชีย,17494497.0,194102.0
2025-12,2025,12,4,295,QA,กาตาร์,1A,ทวีปเอเชีย,16482127.0,203702.0
2025-12,2025,12,4,288,IL,อิสราเอล,1A,ทวีปเอเชีย,11501885.0,77900.0
2025-12,2025,12,4,327,SE,สวีเดน,1B,ทวีปยุโรป,14439268.0,64269.0
2025-12,2025,12,4,298,TR,ตุรกี,1A,ทวีปเอเชีย,5172281.0,23730.0
2025-12,2025,12,4,456,MU,มอริเชียส,1E,ทวีปแอฟริกา,8291634.0,127431.0
2025-12,2025,12,4,268,KH,กัมพูชา,1A,ทวีปเอเชีย,1361443.0,18532.0
2025-12,2025,12,4,362,LT,ลิทัวเนีย,1B,ทวีปยุโรป,3545155.0,21168.0
2025-12,2025,12,4,277,BD,บังกลาเทศ,1A,ทวีปเอเชีย,15752867.0,281037.0
2025-12,2025,12,4,269,LA,สปป. ลาว,1A,ทวีปเอเชีย,6680600.0,139260.0
2025-12,2025,12,4,478,ZA,แอฟริกาใต้,1E,ทวีปแอฟริกา,10249577.0,92103.0
2025-12,2025,12,4,286,BH,บาห์เรน,1A,ทวีปเอเชีย,6154293.0,108408.0
2025-12,2025,12,4,356,CH,สวิตเซอร์แลนด์,1B,ทวีปยุโรป,4721423.0,18131.0
2025-12,2025,12,4,343,PL,โปแลนด์,1B,ทวีปยุโรป,10046975.0,42270.0
2025-12,2025,12,4,417,PE,เปรู,1D,ทวีปอเมริกาใต้,11305434.0,26250.0
2025-12,2025,12,4,317,ES,สเปน,1B,ทวีปยุโรป,2974414.0,14933.0
2025-12,2025,12,4,318,FI,ฟินแลนด์,1B,ทวีปยุโรป,8898004.0,51852.0
2025-12,2025,12,4,351,UA,ยูเครน,1B,ทวีปยุโรป,15080511.0,66749.0
2025-12,2025,12,4,294,OM,โอมาน,1A,ทวีปเอเชีย,5162700.0,77882.0
2025-12,2025,12,4,280,LK,ศรีลังกา,1A,ทวีปเอเชีย,4223068.0,88531.0
2025-12,2025,12,4,321,GR,กรีซ,1B,ทวีปยุโรป,13180662.0,47584.0
2025-12,2025,12,4,289,IQ,อิรัก,1A,ทวีปเอเชีย,1501436.0,9752.0
2025-12,2025,12,4,312,AT,ออสเตรีย,1B,ทวีปยุโรป,2135470.0,8387.0
2025-12,2025,12,4,336,CZ,สาธารณรัฐเช็ก,1B,ทวีปยุโรป,9954735.0,50515.0
2025-12,2025,12,4,365,MT,มอลตา,1B,ทวีปยุโรป,7983498.0,37433.0
2025-12,2025,12,4,293,LB,เลบานอน,1A,ทวีปเอเชีย,2689559.0,21830.0
2025-12,2025,12,4,283,PK,ปากีสถาน,1A,ทวีปเอเชีย,2620411.0,26436.0
2025-12,2025,12,4,421,UY,อุรุกวัย,1D,ทวีปอเมริกาใต้,4925560.0,9140.0
2025-12,2025,12,4,291,JO,จอร์แดน,1A,ทวีปเอเชีย,1734740.0,9923.0
2025-12,2025,12,4,341,KZ,คาซัคสถาน,1A,ทวีปเอเชีย,0.0,0.0
2025-12,2025,12,4,407,AR,อาร์เจนตินา,1D,ทวีปอเมริกาใต้,735202.0,6823.0
2025-12,2025,12,4,316,DK,เดนมาร์ก,1B,ทวีปยุโรป,0.0,0.0
2025-12,2025,12,4,422,VE,เวเนซุเอลา,1D,ทวีปอเมริกาใต้,0.0,0.0
2025-12,2025,12,4,476,TZ,แทนซาเนีย,1E,ทวีปแอฟริกา,1016587.0,23377.0
2025-12,2025,12,4,388,GT,กัวเตมาลา,1C,ทวีปอเมริกาเหนือ,0.0,0.0
2025-12,2025,12,4,451,LY,ลิเบีย,1E,ทวีปแอฟริกา,0.0,0.0
2025-12,2025,12,4,412,EC,เอกวาดอร์,1D,ทวีปอเมริกาใต้,1833015.0,3260.0
2025-12,2025,12,4,281,MV,มัลดีฟส์,1A,ทวีปเอเชีย,1761894.0,23446.0
2025-12,2025,12,4,493,NC,นิวแคลีโดเนีย,1F,ทวีปออสเตรเลีย,0.0,0.0
2025-12,2025,12,4,398,PR,เปอร์โตริโก,1C,ทวีปอเมริกาเหนือ,0.0,0.0
2025-12,2025,12,4,322,IE,ไอร์แลนด์,1B,ทวีปยุโรป,1883911.0,7926.0
2025-12,2025,12,4,326,PT,โปรตุเกส,1B,ทวีปยุโรป,0.0,0.0
2025-12,2025,12,4,282,NP,เนปาล,1A,ทวีปเอเชีย,0.0,0.0
2025-12,2025,12,4,498,PF,เฟรนช์โปลีนีเซีย,1F,ทวีปออสเตรเลีย,671725.0,16044.0
2025-12,2025,12,4,338,HR,โครเอเชีย,1B,ทวีปยุโรป,0.0,0.0
2025-12,2025,12,4,344,RO,โรมาเนีย,1B,ทวีปยุโรป,0.0,0.0
2025-12,2025,12,4,397,PA,ปานามา,1C,ทวีปอเมริกาเหนือ,0.0,0.0
2025-12,2025,12,4,408,BO,โบลิเวีย,1D,ทวีปอเมริกาใต้,657357.0,2952.0
2025-12,2025,12,4,447,KE,เคนยา,1E,ทวีปแอฟริกา,0.0,0.0
2025-12,2025,12,4,363,LV,ลัตเวีย,1B,ทวีปยุโรป,0.0,0.0
2025-12,2025,12,4,290,IR,อิหร่าน,1A,ทวีปเอเชีย,0.0,0.0
2025-12,2025,12,4,377,BB,บาร์เบโดส,1C,ทวีปอเมริกาเหนือ,0.0,0.0
2025-12,2025,12,4,381,CR,คอสตาริกา,1C,ทวีปอเมริกาเหนือ,0.0,0.0
2025-12,2025,12,4,276,AF,อัฟกานิสถาน,1A,ทวีปเอเชีย,0.0,0.0
2025-12,2025,12,4,333,BG,บัลแกเรีย,1B,ทวีปยุโรป,0.0,0.0
2025-12,2025,12,4,389,HN,ฮอนดูรัส,1C,ทวีปอเมริกาเหนือ,0.0,0.0
2025-12,2025,12,4,401,TT,ตรินิแดดและโตเบโก,1C,ทวีปอเมริกาเหนือ,0.0,0.0
2025-12,2025,12,4,475,TN,ตูนิเซีย,1E,ทวีปแอฟริกา,0.0,0.0
2025-12,2025,12,4,452,MA,โมร็อกโก,1E,ทวีปแอฟริกา,0.0,0.0
2025-12,2025,12,4,278,BT,ภูฎาน,1A,ทวีปเอเชีย,0.0,0.0
2025-12,2025,12,4,465,SC,เซเชลส์,1E,ทวีปแอฟริกา,0.0,0.0
2026-01,2026,1,1,373,US,สหรัฐอเมริกา,1C,ทวีปอเมริกาเหนือ,2355819940.0,13100929.0
2026-01,2026,1,1,304,JP,ญี่ปุ่น,1A,ทวีปเอเชีย,978618910.0,10195949.0
2026-01,2026,1,1,323,IT,อิตาลี,1B,ทวีปยุโรป,455715602.0,2981084.0
2026-01,2026,1,1,483,AU,ออสเตรเลีย,1F,ทวีปออสเตรเลีย,400518228.0,4250748.0
2026-01,2026,1,1,315,DE,เยอรมนี,1B,ทวีปยุโรป,381207143.0,2220210.0
2026-01,2026,1,1,320,GB,สหราชอาณาจักร,1B,ทวีปยุโรป,291385444.0,1850722.0
2026-01,2026,1,1,271,MY,มาเลเซีย,1A,ทวีปเอเชีย,267389633.0,5066570.0
2026-01,2026,1,1,272,PH,ฟิลิปปินส์,1A,ทวีปเอเชีย,265673155.0,6321453.0
2026-01,2026,1,1,279,IN,อินเดีย,1A,ทวีปเอเชีย,228030975.0,3747124.0
2026-01,2026,1,1,267,ID,อินโดนีเซีย,1A,ทวีปเอเชีย,177172081.0,3057192.0
2026-01,2026,1,1,371,CA,แคนาดา,1C,ทวีปอเมริกาเหนือ,154823966.0,883225.0
2026-01,2026,1,1,309,TW,ไต้หวัน,1A,ทวีปเอเชีย,138576298.0,1873294.0
2026-01,2026,1,1,313,BE,เบลเยียม,1B,ทวีปยุโรป,118426843.0,693322.0
2026-01,2026,1,1,306,KR,เกาหลีใต้,1A,ทวีปเอเชีย,98924611.0,855327.0
2026-01,2026,1,1,285,AE,สหรัฐอาหรับเอมิเรตส์,1A,ทวีปเอเชีย,86953535.0,1053580.0
2026-01,2026,1,1,319,FR,ฝรั่งเศส,1B,ทวีปยุโรป,82865178.0,395744.0
2026-01,2026,1,1,303,HK,ฮ่องกง,1A,ทวีปเอเชีย,74579130.0,643191.0
2026-01,2026,1,1,497,NZ,นิวซีแลนด์,1F,ทวีปออสเตรเลีย,73489773.0,1308577.0
2026-01,2026,1,1,302,CN,จีน,1A,ทวีปเอเชีย,53003621.0,417832.0
2026-01,2026,1,1,273,SG,สิงคโปร์,1A,ทวีปเอเชีย,50415606.0,394376.0
2026-01,2026,1,1,274,VN,เวียดนาม,1A,ทวีปเอเชีย,49598233.0,1017133.0
2026-01,2026,1,1,296,SA,ซาอุดีอาระเบีย,1A,ทวีปเอเชีย,39887394.0,509031.0
2026-01,2026,1,1,325,NL,เนเธอร์แลนด์,1B,ทวีปยุโรป,29005745.0,170209.0
2026-01,2026,1,1,410,CL,ชิลี,1D,ทวีปอเมริกาใต้,27591327.0,56148.0
2026-01,2026,1,1,372,MX,เม็กซิโก,1C,ทวีปอเมริกาเหนือ,27275924.0,71180.0
2026-01,2026,1,1,292,KW,คูเวต,1A,ทวีปเอเชีย,24451658.0,244479.0
2026-01,2026,1,1,411,CO,โคลอมเบีย,1D,ทวีปอเมริกาใต้,23963906.0,50448.0
2026-01,2026,1,1,288,IL,อิสราเอล,1A,ทวีปเอเชีย,18603175.0,158582.0
2026-01,2026,1,1,345,RU,รัสเซีย,1B,ทวีปยุโรป,16730564.0,69216.0
2026-01,2026,1,1,327,SE,สวีเดน,1B,ทวีปยุโรป,16030128.0,65843.0
2026-01,2026,1,1,280,LK,ศรีลังกา,1A,ทวีปเอเชีย,12030971.0,208895.0
2026-01,2026,1,1,343,PL,โปแลนด์,1B,ทวีปยุโรป,11849785.0,61852.0
2026-01,2026,1,1,478,ZA,แอฟริกาใต้,1E,ทวีปแอฟริกา,10591223.0,75220.0
2026-01,2026,1,1,295,QA,กาตาร์,1A,ทวีปเอเชีย,10282711.0,101872.0
2026-01,2026,1,1,270,MM,เมียนมา,1A,ทวีปเอเชีย,9435385.0,275922.0
2026-01,2026,1,1,417,PE,เปรู,1D,ทวีปอเมริกาใต้,8940221.0,16827.0
2026-01,2026,1,1,456,MU,มอริเชียส,1E,ทวีปแอฟริกา,6151355.0,102577.0
2026-01,2026,1,1,356,CH,สวิตเซอร์แลนด์,1B,ทวีปยุโรป,6128532.0,29676.0
2026-01,2026,1,1,269,LA,สปป. ลาว,1A,ทวีปเอเชีย,5765683.0,153809.0
2026-01,2026,1,1,312,AT,ออสเตรีย,1B,ทวีปยุโรป,5429772.0,23784.0
2026-01,2026,1,1,268,KH,กัมพูชา,1A,ทวีปเอเชีย,4368273.0,88597.0
2026-01,2026,1,1,316,DK,เดนมาร์ก,1B,ทวีปยุโรป,4249083.0,19457.0
2026-01,2026,1,1,266,BN,บรูไน,1A,ทวีปเอเชีย,4111877.0,96316.0
2026-01,2026,1,1,321,GR,กรีซ,1B,ทวีปยุโรป,4070622.0,18606.0
2026-01,2026,1,1,318,FI,ฟินแลนด์,1B,ทวีปยุโรป,3940534.0,20854.0
2026-01,2026,1,1,294,OM,โอมาน,1A,ทวีปเอเชีย,3483784.0,48198.0
2026-01,2026,1,1,317,ES,สเปน,1B,ทวีปยุโรป,3389144.0,16872.0
2026-01,2026,1,1,351,UA,ยูเครน,1B,ทวีปยุโรป,2800735.0,17750.0
2026-01,2026,1,1,298,TR,ตุรกี,1A,ทวีปเอเชีย,2346976.0,20696.0
2026-01,2026,1,1,409,BR,บราซิล,1D,ทวีปอเมริกาใต้,2154038.0,11516.0
2026-01,2026,1,1,286,BH,บาห์เรน,1A,ทวีปเอเชีย,2110951.0,44200.0
2026-01,2026,1,1,498,PF,เฟรนช์โปลีนีเซีย,1F,ทวีปออสเตรเลีย,2045811.0,53630.0
2026-01,2026,1,1,407,AR,อาร์เจนตินา,1D,ทวีปอเมริกาใต้,1887800.0,7070.0
2026-01,2026,1,1,365,MT,มอลตา,1B,ทวีปยุโรป,1664108.0,13176.0
2026-01,2026,1,1,398,PR,เปอร์โตริโก,1C,ทวีปอเมริกาเหนือ,1558946.0,27978.0
2026-01,2026,1,1,289,IQ,อิรัก,1A,ทวีปเอเชีย,1380428.0,10274.0
2026-01,2026,1,1,291,JO,จอร์แดน,1A,ทวีปเอเชีย,1287692.0,6792.0
2026-01,2026,1,1,362,LT,ลิทัวเนีย,1B,ทวีปยุโรป,1280628.0,9678.0
2026-01,2026,1,1,326,PT,โปรตุเกส,1B,ทวีปยุโรป,1275166.0,3517.0
2026-01,2026,1,1,451,LY,ลิเบีย,1E,ทวีปแอฟริกา,1029031.0,9919.0
2026-01,2026,1,1,283,PK,ปากีสถาน,1A,ทวีปเอเชีย,996492.0,6322.0
2026-01,2026,1,1,277,BD,บังกลาเทศ,1A,ทวีปเอเชีย,799710.0,20572.0
2026-01,2026,1,1,493,NC,นิวแคลีโดเนีย,1F,ทวีปออสเตรเลีย,751153.0,18772.0
2026-01,2026,1,1,388,GT,กัวเตมาลา,1C,ทวีปอเมริกาเหนือ,189208.0,584.0
2026-02,2026,2,1,373,US,สหรัฐอเมริกา,1C,ทวีปอเมริกาเหนือ,2474567038.0,13634486.0
2026-02,2026,2,1,304,JP,ญี่ปุ่น,1A,ทวีปเอเชีย,1007572096.0,11518117.0
2026-02,2026,2,1,323,IT,อิตาลี,1B,ทวีปยุโรป,498467742.0,3277981.0
2026-02,2026,2,1,315,DE,เยอรมนี,1B,ทวีปยุโรป,459610529.0,2784641.0
2026-02,2026,2,1,483,AU,ออสเตรเลีย,1F,ทวีปออสเตรเลีย,398754148.0,4006874.0
2026-02,2026,2,1,320,GB,สหราชอาณาจักร,1B,ทวีปยุโรป,348948691.0,2100099.0
2026-02,2026,2,1,271,MY,มาเลเซีย,1A,ทวีปเอเชีย,352342666.0,6588142.0
2026-02,2026,2,1,272,PH,ฟิลิปปินส์,1A,ทวีปเอเชีย,290010052.0,6081906.0
2026-02,2026,2,1,279,IN,อินเดีย,1A,ทวีปเอเชีย,265518137.0,4419051.0
2026-02,2026,2,1,309,TW,ไต้หวัน,1A,ทวีปเอเชีย,219825050.0,2566498.0
2026-02,2026,2,1,371,CA,แคนาดา,1C,ทวีปอเมริกาเหนือ,196257618.0,1098947.0
2026-02,2026,2,1,267,ID,อินโดนีเซีย,1A,ทวีปเอเชีย,133010643.0,2144961.0
2026-02,2026,2,1,313,BE,เบลเยียม,1B,ทวีปยุโรป,125961541.0,772997.0
2026-02,2026,2,1,306,KR,เกาหลีใต้,1A,ทวีปเอเชีย,104803162.0,1005208.0
2026-02,2026,2,1,497,NZ,นิวซีแลนด์,1F,ทวีปออสเตรเลีย,96151173.0,1440220.0
2026-02,2026,2,1,285,AE,สหรัฐอาหรับเอมิเรตส์,1A,ทวีปเอเชีย,73401176.0,977222.0
2026-02,2026,2,1,319,FR,ฝรั่งเศส,1B,ทวีปยุโรป,65823145.0,334820.0
2026-02,2026,2,1,303,HK,ฮ่องกง,1A,ทวีปเอเชีย,63432058.0,494126.0
2026-02,2026,2,1,302,CN,จีน,1A,ทวีปเอเชีย,59798572.0,489794.0
2026-02,2026,2,1,274,VN,เวียดนาม,1A,ทวีปเอเชีย,56304425.0,1115337.0
2026-02,2026,2,1,273,SG,สิงคโปร์,1A,ทวีปเอเชีย,50377112.0,392498.0
2026-02,2026,2,1,296,SA,ซาอุดีอาระเบีย,1A,ทวีปเอเชีย,41654969.0,387262.0
2026-02,2026,2,1,325,NL,เนเธอร์แลนด์,1B,ทวีปยุโรป,33470766.0,188619.0
2026-02,2026,2,1,410,CL,ชิลี,1D,ทวีปอเมริกาใต้,24889364.0,48690.0
2026-02,2026,2,1,345,RU,รัสเซีย,1B,ทวีปยุโรป,32548815.0,138432.0
2026-02,2026,2,1,372,MX,เม็กซิโก,1C,ทวีปอเมริกาเหนือ,20489021.0,67744.0
2026-02,2026,2,1,411,CO,โคลอมเบีย,1D,ทวีปอเมริกาใต้,20251371.0,51962.0
2026-02,2026,2,1,288,IL,อิสราเอล,1A,ทวีปเอเชีย,19517775.0,125249.0
2026-02,2026,2,1,292,KW,คูเวต,1A,ทวีปเอเชีย,13469991.0,126435.0
2026-02,2026,2,1,266,BN,บรูไน,1A,ทวีปเอเชีย,33536098.0,715847.0
2026-02,2026,2,1,409,BR,บราซิล,1D,ทวีปอเมริกาใต้,30353142.0,109668.0
2026-02,2026,2,1,295,QA,กาตาร์,1A,ทวีปเอเชีย,16400511.0,193993.0
2026-02,2026,2,1,327,SE,สวีเดน,1B,ทวีปยุโรป,7646762.0,36400.0
2026-02,2026,2,1,280,LK,ศรีลังกา,1A,ทวีปเอเชีย,9539978.0,151515.0
2026-02,2026,2,1,343,PL,โปแลนด์,1B,ทวีปยุโรป,8746824.0,38029.0
2026-02,2026,2,1,417,PE,เปรู,1D,ทวีปอเมริกาใต้,9462828.0,19079.0
2026-02,2026,2,1,478,ZA,แอฟริกาใต้,1E,ทวีปแอฟริกา,3761241.0,48727.0
2026-02,2026,2,1,456,MU,มอริเชียส,1E,ทวีปแอฟริกา,7778335.0,151109.0
2026-02,2026,2,1,356,CH,สวิตเซอร์แลนด์,1B,ทวีปยุโรป,7652084.0,46521.0
2026-02,2026,2,1,269,LA,สปป. ลาว,1A,ทวีปเอเชีย,7480185.0,194503.0
2026-02,2026,2,1,270,MM,เมียนมา,1A,ทวีปเอเชีย,3039409.0,149086.0
2026-02,2026,2,1,286,BH,บาห์เรน,1A,ทวีปเอเชีย,9863764.0,149101.0
2026-02,2026,2,1,294,OM,โอมาน,1A,ทวีปเอเชีย,8368894.0,152627.0
2026-02,2026,2,1,298,TR,ตุรกี,1A,ทวีปเอเชีย,8388334.0,40231.0
2026-02,2026,2,1,318,FI,ฟินแลนด์,1B,ทวีปยุโรป,6392510.0,45853.0
2026-02,2026,2,1,312,AT,ออสเตรีย,1B,ทวีปยุโรป,4299298.0,21827.0
2026-02,2026,2,1,362,LT,ลิทัวเนีย,1B,ทวีปยุโรป,7965303.0,45420.0
2026-02,2026,2,1,317,ES,สเปน,1B,ทวีปยุโรป,3715907.0,20894.0
2026-02,2026,2,1,351,UA,ยูเครน,1B,ทวีปยุโรป,4083713.0,25006.0
2026-02,2026,2,1,336,CZ,สาธารณรัฐเช็ก,1B,ทวีปยุโรป,5749649.0,36403.0
2026-02,2026,2,1,277,BD,บังกลาเทศ,1A,ทวีปเอเชีย,4137009.0,80544.0
2026-02,2026,2,1,268,KH,กัมพูชา,1A,ทวีปเอเชีย,0.0,0.0
2026-02,2026,2,1,316,DK,เดนมาร์ก,1B,ทวีปยุโรป,0.0,0.0
2026-02,2026,2,1,321,GR,กรีซ,1B,ทวีปยุโรป,0.0,0.0
2026-02,2026,2,1,398,PR,เปอร์โตริโก,1C,ทวีปอเมริกาเหนือ,1767270.0,33131.0
2026-02,2026,2,1,291,JO,จอร์แดน,1A,ทวีปเอเชีย,1081874.0,6381.0
2026-02,2026,2,1,322,IE,ไอร์แลนด์,1B,ทวีปยุโรป,2238076.0,13440.0
2026-02,2026,2,1,498,PF,เฟรนช์โปลีนีเซีย,1F,ทวีปออสเตรเลีย,0.0,0.0
2026-02,2026,2,1,388,GT,กัวเตมาลา,1C,ทวีปอเมริกาเหนือ,1821467.0,3244.0
2026-02,2026,2,1,407,AR,อาร์เจนตินา,1D,ทวีปอเมริกาใต้,0.0,0.0
2026-02,2026,2,1,293,LB,เลบานอน,1A,ทวีปเอเชีย,1851164.0,18324.0
2026-02,2026,2,1,365,MT,มอลตา,1B,ทวีปยุโรป,0.0,0.0
2026-02,2026,2,1,289,IQ,อิรัก,1A,ทวีปเอเชีย,0.0,0.0
2026-02,2026,2,1,344,RO,โรมาเนีย,1B,ทวีปยุโรป,1378033.0,9423.0
2026-02,2026,2,1,408,BO,โบลิเวีย,1D,ทวีปอเมริกาใต้,1348873.0,2600.0
2026-02,2026,2,1,326,PT,โปรตุเกส,1B,ทวีปยุโรป,0.0,0.0
2026-02,2026,2,1,476,TZ,แทนซาเนีย,1E,ทวีปแอฟริกา,1042239.0,24744.0
2026-02,2026,2,1,451,LY,ลิเบีย,1E,ทวีปแอฟริกา,0.0,0.0
2026-02,2026,2,1,283,PK,ปากีสถาน,1A,ทวีปเอเชีย,0.0,0.0
2026-02,2026,2,1,493,NC,นิวแคลีโดเนีย,1F,ทวีปออสเตรเลีย,0.0,0.0
2026-03,2026,3,1,373,US,สหรัฐอเมริกา,1C,ทวีปอเมริกาเหนือ,2944490382.0,16078657.0
2026-03,2026,3,1,304,JP,ญี่ปุ่น,1A,ทวีปเอเชีย,1010019241.0,10851073.0
2026-03,2026,3,1,323,IT,อิตาลี,1B,ทวีปยุโรป,459135499.0,3016757.0
2026-03,2026,3,1,483,AU,ออสเตรเลีย,1F,ทวีปออสเตรเลีย,476439996.0,4781695.0
2026-03,2026,3,1,315,DE,เยอรมนี,1B,ทวีปยุโรป,396255970.0,2271411.0
2026-03,2026,3,1,271,MY,มาเลเซีย,1A,ทวีปเอเชีย,393081973.0,7374638.0
2026-03,2026,3,1,320,GB,สหราชอาณาจักร,1B,ทวีปยุโรป,350068291.0,2264413.0
2026-03,2026,3,1,272,PH,ฟิลิปปินส์,1A,ทวีปเอเชีย,299388475.0,6898100.0
2026-03,2026,3,1,279,IN,อินเดีย,1A,ทวีปเอเชีย,292591026.0,4929449.0
2026-03,2026,3,1,309,TW,ไต้หวัน,1A,ทวีปเอเชีย,222300797.0,2903197.0
2026-03,2026,3,1,371,CA,แคนาดา,1C,ทวีปอเมริกาเหนือ,161813706.0,920351.0
2026-03,2026,3,1,267,ID,อินโดนีเซีย,1A,ทวีปเอเชีย,180088709.0,2911889.0
2026-03,2026,3,1,313,BE,เบลเยียม,1B,ทวีปยุโรป,117346309.0,724373.0
2026-03,2026,3,1,306,KR,เกาหลีใต้,1A,ทวีปเอเชีย,95575879.0,741313.0
2026-03,2026,3,1,497,NZ,นิวซีแลนด์,1F,ทวีปออสเตรเลีย,126031525.0,1710624.0
2026-03,2026,3,1,302,CN,จีน,1A,ทวีปเอเชีย,126757292.0,838033.0
2026-03,2026,3,1,319,FR,ฝรั่งเศส,1B,ทวีปยุโรป,89256297.0,448864.0
2026-03,2026,3,1,285,AE,สหรัฐอาหรับเอมิเรตส์,1A,ทวีปเอเชีย,70708531.0,941425.0
2026-03,2026,3,1,303,HK,ฮ่องกง,1A,ทวีปเอเชีย,76725668.0,604345.0
2026-03,2026,3,1,274,VN,เวียดนาม,1A,ทวีปเอเชีย,92972183.0,1681268.0
2026-03,2026,3,1,273,SG,สิงคโปร์,1A,ทวีปเอเชีย,60521426.0,481473.0
2026-03,2026,3,1,296,SA,ซาอุดีอาระเบีย,1A,ทวีปเอเชีย,32893528.0,413167.0
2026-03,2026,3,1,410,CL,ชิลี,1D,ทวีปอเมริกาใต้,48999578.0,108435.0
2026-03,2026,3,1,325,NL,เนเธอร์แลนด์,1B,ทวีปยุโรป,29608577.0,150996.0
2026-03,2026,3,1,372,MX,เม็กซิโก,1C,ทวีปอเมริกาเหนือ,25909996.0,55909.0
2026-03,2026,3,1,288,IL,อิสราเอล,1A,ทวีปเอเชีย,33887229.0,248542.0
2026-03,2026,3,1,345,RU,รัสเซีย,1B,ทวีปยุโรป,16674591.0,69216.0
2026-03,2026,3,1,411,CO,โคลอมเบีย,1D,ทวีปอเมริกาใต้,21252560.0,51044.0
2026-03,2026,3,1,292,KW,คูเวต,1A,ทวีปเอเชีย,10164568.0,130918.0
2026-03,2026,3,1,266,BN,บรูไน,1A,ทวีปเอเชีย,7701318.0,132933.0
2026-03,2026,3,1,327,SE,สวีเดน,1B,ทวีปยุโรป,21402608.0,102874.0
2026-03,2026,3,1,343,PL,โปแลนด์,1B,ทวีปยุโรป,19449884.0,104930.0
2026-03,2026,3,1,409,BR,บราซิล,1D,ทวีปอเมริกาใต้,5048005.0,18279.0
2026-03,2026,3,1,270,MM,เมียนมา,1A,ทวีปเอเชีย,23852563.0,363372.0
2026-03,2026,3,1,295,QA,กาตาร์,1A,ทวีปเอเชีย,7748601.0,115304.0
2026-03,2026,3,1,417,PE,เปรู,1D,ทวีปอเมริกาใต้,13636227.0,39909.0
2026-03,2026,3,1,280,LK,ศรีลังกา,1A,ทวีปเอเชีย,690103.0,14366.0
2026-03,2026,3,1,456,MU,มอริเชียส,1E,ทวีปแอฟริกา,8236887.0,147724.0
2026-03,2026,3,1,269,LA,สปป. ลาว,1A,ทวีปเอเชีย,8535200.0,224518.0
2026-03,2026,3,1,356,CH,สวิตเซอร์แลนด์,1B,ทวีปยุโรป,6302426.0,37786.0
2026-03,2026,3,1,478,ZA,แอฟริกาใต้,1E,ทวีปแอฟริกา,3637335.0,40942.0
2026-03,2026,3,1,318,FI,ฟินแลนด์,1B,ทวีปยุโรป,6410459.0,49299.0
2026-03,2026,3,1,294,OM,โอมาน,1A,ทวีปเอเชีย,3638070.0,57680.0
2026-03,2026,3,1,286,BH,บาห์เรน,1A,ทวีปเอเชีย,2820287.0,43288.0
2026-03,2026,3,1,351,UA,ยูเครน,1B,ทวีปยุโรป,7369973.0,33839.0
2026-03,2026,3,1,362,LT,ลิทัวเนีย,1B,ทวีปยุโรป,4206596.0,22461.0
2026-03,2026,3,1,312,AT,ออสเตรีย,1B,ทวีปยุโรป,3220141.0,15240.0
2026-03,2026,3,1,298,TR,ตุรกี,1A,ทวีปเอเชีย,1890930.0,10248.0
2026-03,2026,3,1,336,CZ,สาธารณรัฐเช็ก,1B,ทวีปยุโรป,4602815.0,17688.0
2026-03,2026,3,1,317,ES,สเปน,1B,ทวีปยุโรป,1052160.0,1657.0
2026-03,2026,3,1,277,BD,บังกลาเทศ,1A,ทวีปเอเชีย,2689456.0,57376.0
2026-03,2026,3,1,322,IE,ไอร์แลนด์,1B,ทวีปยุโรป,3895757.0,20259.0
2026-03,2026,3,1,321,GR,กรีซ,1B,ทวีปยุโรป,1789855.0,7926.0
2026-03,2026,3,1,268,KH,กัมพูชา,1A,ทวีปเอเชีย,0.0,0.0
2026-03,2026,3,1,316,DK,เดนมาร์ก,1B,ทวีปยุโรป,0.0,0.0
2026-03,2026,3,1,341,KZ,คาซัคสถาน,1A,ทวีปเอเชีย,3411859.0,13564.0
2026-03,2026,3,1,365,MT,มอลตา,1B,ทวีปยุโรป,1704935.0,12732.0
2026-03,2026,3,1,398,PR,เปอร์โตริโก,1C,ทวีปอเมริกาเหนือ,0.0,0.0
2026-03,2026,3,1,344,RO,โรมาเนีย,1B,ทวีปยุโรป,1406927.0,9569.0
2026-03,2026,3,1,412,EC,เอกวาดอร์,1D,ทวีปอเมริกาใต้,2772224.0,5103.0
2026-03,2026,3,1,293,LB,เลบานอน,1A,ทวีปเอเชีย,727362.0,3818.0
2026-03,2026,3,1,291,JO,จอร์แดน,1A,ทวีปเอเชีย,0.0,0.0
2026-03,2026,3,1,326,PT,โปรตุเกส,1B,ทวีปยุโรป,996664.0,6993.0
2026-03,2026,3,1,283,PK,ปากีสถาน,1A,ทวีปเอเชีย,1171158.0,14244.0
2026-03,2026,3,1,498,PF,เฟรนช์โปลีนีเซีย,1F,ทวีปออสเตรเลีย,0.0,0.0
2026-03,2026,3,1,388,GT,กัวเตมาลา,1C,ทวีปอเมริกาเหนือ,0.0,0.0
2026-03,2026,3,1,363,LV,ลัตเวีย,1B,ทวีปยุโรป,2007906.0,8387.0
2026-03,2026,3,1,476,TZ,แทนซาเนีย,1E,ทวีปแอฟริกา,927873.0,23475.0
2026-03,2026,3,1,407,AR,อาร์เจนตินา,1D,ทวีปอเมริกาใต้,0.0,0.0
2026-03,2026,3,1,377,BB,บาร์เบโดส,1C,ทวีปอเมริกาเหนือ,1655005.0,21040.0
2026-03,2026,3,1,338,HR,โครเอเชีย,1B,ทวีปยุโรป,1564103.0,11455.0
2026-03,2026,3,1,447,KE,เคนยา,1E,ทวีปแอฟริกา,1399612.0,3353.0
2026-03,2026,3,1,289,IQ,อิรัก,1A,ทวีปเอเชีย,0.0,0.0
2026-03,2026,3,1,408,BO,โบลิเวีย,1D,ทวีปอเมริกาใต้,0.0,0.0
2026-03,2026,3,1,451,LY,ลิเบีย,1E,ทวีปแอฟริกา,0.0,0.0
2026-03,2026,3,1,493,NC,นิวแคลีโดเนีย,1F,ทวีปออสเตรเลีย,0.0,0.0
2026-03,2026,3,1,282,NP,เนปาล,1A,ทวีปเอเชีย,545182.0,8377.0
2026-03,2026,3,1,281,MV,มัลดีฟส์,1A,ทวีปเอเชีย,425133.0,9540.0
2026-04,2026,4,2,373,US,สหรัฐอเมริกา,1C,ทวีปอเมริกาเหนือ,2672787494.0,14136087.0
2026-04,2026,4,2,304,JP,ญี่ปุ่น,1A,ทวีปเอเชีย,965557672.0,9603219.0
2026-04,2026,4,2,323,IT,อิตาลี,1B,ทวีปยุโรป,461730954.0,2828779.0
2026-04,2026,4,2,483,AU,ออสเตรเลีย,1F,ทวีปออสเตรเลีย,594922109.0,6264773.0
2026-04,2026,4,2,315,DE,เยอรมนี,1B,ทวีปยุโรป,415833502.0,2613049.0
2026-04,2026,4,2,271,MY,มาเลเซีย,1A,ทวีปเอเชีย,339691668.0,6514359.0
2026-04,2026,4,2,320,GB,สหราชอาณาจักร,1B,ทวีปยุโรป,303414401.0,1824178.0
2026-04,2026,4,2,272,PH,ฟิลิปปินส์,1A,ทวีปเอเชีย,301416396.0,6988515.0
2026-04,2026,4,2,279,IN,อินเดีย,1A,ทวีปเอเชีย,274580349.0,4458234.0
2026-04,2026,4,2,309,TW,ไต้หวัน,1A,ทวีปเอเชีย,259080421.0,3090934.0
2026-04,2026,4,2,267,ID,อินโดนีเซีย,1A,ทวีปเอเชีย,178180251.0,2870011.0
2026-04,2026,4,2,371,CA,แคนาดา,1C,ทวีปอเมริกาเหนือ,140291505.0,827259.0
2026-04,2026,4,2,313,BE,เบลเยียม,1B,ทวีปยุโรป,102426350.0,591402.0
2026-04,2026,4,2,497,NZ,นิวซีแลนด์,1F,ทวีปออสเตรเลีย,127156604.0,1710614.0
2026-04,2026,4,2,306,KR,เกาหลีใต้,1A,ทวีปเอเชีย,93429444.0,718381.0
2026-04,2026,4,2,319,FR,ฝรั่งเศส,1B,ทวีปยุโรป,102357522.0,472194.0
2026-04,2026,4,2,302,CN,จีน,1A,ทวีปเอเชีย,91017170.0,628780.0
2026-04,2026,4,2,274,VN,เวียดนาม,1A,ทวีปเอเชีย,98940124.0,1941361.0
2026-04,2026,4,2,285,AE,สหรัฐอาหรับเอมิเรตส์,1A,ทวีปเอเชีย,58418292.0,702801.0
2026-04,2026,4,2,303,HK,ฮ่องกง,1A,ทวีปเอเชีย,54818101.0,446652.0
2026-04,2026,4,2,273,SG,สิงคโปร์,1A,ทวีปเอเชีย,41968231.0,335659.0
2026-04,2026,4,2,296,SA,ซาอุดีอาระเบีย,1A,ทวีปเอเชีย,39776246.0,394377.0
2026-04,2026,4,2,410,CL,ชิลี,1D,ทวีปอเมริกาใต้,42856352.0,85861.0
2026-04,2026,4,2,325,NL,เนเธอร์แลนด์,1B,ทวีปยุโรป,41973675.0,224725.0
2026-04,2026,4,2,345,RU,รัสเซีย,1B,ทวีปยุโรป,46235011.0,190344.0
2026-04,2026,4,2,288,IL,อิสราเอล,1A,ทวีปเอเชีย,24755841.0,193095.0
2026-04,2026,4,2,372,MX,เม็กซิโก,1C,ทวีปอเมริกาเหนือ,10741670.0,38761.0
2026-04,2026,4,2,411,CO,โคลอมเบีย,1D,ทวีปอเมริกาใต้,13295816.0,24686.0
2026-04,2026,4,2,266,BN,บรูไน,1A,ทวีปเอเชีย,20142734.0,364526.0
2026-04,2026,4,2,327,SE,สวีเดน,1B,ทวีปยุโรป,13499629.0,70984.0
2026-04,2026,4,2,292,KW,คูเวต,1A,ทวีปเอเชีย,7830342.0,87451.0
2026-04,2026,4,2,270,MM,เมียนมา,1A,ทวีปเอเชีย,15071068.0,270460.0
2026-04,2026,4,2,409,BR,บราซิล,1D,ทวีปอเมริกาใต้,9861977.0,33869.0
2026-04,2026,4,2,343,PL,โปแลนด์,1B,ทวีปยุโรป,7105466.0,38657.0
2026-04,2026,4,2,295,QA,กาตาร์,1A,ทวีปเอเชีย,4119577.0,62920.0
2026-04,2026,4,2,417,PE,เปรู,1D,ทวีปอเมริกาใต้,6409339.0,11827.0
2026-04,2026,4,2,456,MU,มอริเชียส,1E,ทวีปแอฟริกา,7416743.0,121866.0
2026-04,2026,4,2,269,LA,สปป. ลาว,1A,ทวีปเอเชีย,5696997.0,111107.0
2026-04,2026,4,2,280,LK,ศรีลังกา,1A,ทวีปเอเชีย,5164252.0,110447.0
2026-04,2026,4,2,356,CH,สวิตเซอร์แลนด์,1B,ทวีปยุโรป,4938121.0,23759.0
2026-04,2026,4,2,478,ZA,แอฟริกาใต้,1E,ทวีปแอฟริกา,6108216.0,65323.0
2026-04,2026,4,2,362,LT,ลิทัวเนีย,1B,ทวีปยุโรป,8115793.0,45652.0
2026-04,2026,4,2,318,FI,ฟินแลนด์,1B,ทวีปยุโรป,2976549.0,17004.0
2026-04,2026,4,2,294,OM,โอมาน,1A,ทวีปเอเชีย,3801153.0,62952.0
2026-04,2026,4,2,277,BD,บังกลาเทศ,1A,ทวีปเอเชีย,11428216.0,170517.0
2026-04,2026,4,2,298,TR,ตุรกี,1A,ทวีปเอเชีย,4811236.0,19270.0
2026-04,2026,4,2,336,CZ,สาธารณรัฐเช็ก,1B,ทวีปยุโรป,6976340.0,30403.0
2026-04,2026,4,2,286,BH,บาห์เรน,1A,ทวีปเอเชีย,1884493.0,18955.0
2026-04,2026,4,2,351,UA,ยูเครน,1B,ทวีปยุโรป,1326583.0,8038.0
2026-04,2026,4,2,312,AT,ออสเตรีย,1B,ทวีปยุโรป,1989642.0,8424.0
2026-04,2026,4,2,317,ES,สเปน,1B,ทวีปยุโรป,6586001.0,41080.0
2026-04,2026,4,2,321,GR,กรีซ,1B,ทวีปยุโรป,2168978.0,11139.0
2026-04,2026,4,2,407,AR,อาร์เจนตินา,1D,ทวีปอเมริกาใต้,6036432.0,17048.0
2026-04,2026,4,2,341,KZ,คาซัคสถาน,1A,ทวีปเอเชีย,4261140.0,21213.0
2026-04,2026,4,2,322,IE,ไอร์แลนด์,1B,ทวีปยุโรป,0.0,0.0
2026-04,2026,4,2,293,LB,เลบานอน,1A,ทวีปเอเชีย,3123437.0,8151.0
2026-04,2026,4,2,283,PK,ปากีสถาน,1A,ทวีปเอเชีย,3134907.0,30874.0
2026-04,2026,4,2,398,PR,เปอร์โตริโก,1C,ทวีปอเมริกาเหนือ,1270684.0,42224.0
2026-04,2026,4,2,268,KH,กัมพูชา,1A,ทวีปเอเชีย,0.0,0.0
2026-04,2026,4,2,316,DK,เดนมาร์ก,1B,ทวีปยุโรป,0.0,0.0
2026-04,2026,4,2,291,JO,จอร์แดน,1A,ทวีปเอเชีย,1183430.0,14419.0
2026-04,2026,4,2,365,MT,มอลตา,1B,ทวีปยุโรป,0.0,0.0
2026-04,2026,4,2,476,TZ,แทนซาเนีย,1E,ทวีปแอฟริกา,1062354.0,23442.0
2026-04,2026,4,2,344,RO,โรมาเนีย,1B,ทวีปยุโรป,0.0,0.0
2026-04,2026,4,2,412,EC,เอกวาดอร์,1D,ทวีปอเมริกาใต้,0.0,0.0
2026-04,2026,4,2,498,PF,เฟรนช์โปลีนีเซีย,1F,ทวีปออสเตรเลีย,682079.0,16780.0
2026-04,2026,4,2,289,IQ,อิรัก,1A,ทวีปเอเชีย,1001591.0,17913.0
2026-04,2026,4,2,326,PT,โปรตุเกส,1B,ทวีปยุโรป,0.0,0.0
2026-04,2026,4,2,388,GT,กัวเตมาลา,1C,ทวีปอเมริกาเหนือ,0.0,0.0
2026-04,2026,4,2,363,LV,ลัตเวีย,1B,ทวีปยุโรป,0.0,0.0
2026-04,2026,4,2,377,BB,บาร์เบโดส,1C,ทวีปอเมริกาเหนือ,0.0,0.0
2026-04,2026,4,2,338,HR,โครเอเชีย,1B,ทวีปยุโรป,0.0,0.0
2026-04,2026,4,2,493,NC,นิวแคลีโดเนีย,1F,ทวีปออสเตรเลีย,743959.0,19265.0
2026-04,2026,4,2,447,KE,เคนยา,1E,ทวีปแอฟริกา,0.0,0.0
2026-04,2026,4,2,408,BO,โบลิเวีย,1D,ทวีปอเมริกาใต้,0.0,0.0
2026-04,2026,4,2,397,PA,ปานามา,1C,ทวีปอเมริกาเหนือ,1335366.0,4285.0
2026-04,2026,4,2,451,LY,ลิเบีย,1E,ทวีปแอฟริกา,0.0,0.0
2026-04,2026,4,2,281,MV,มัลดีฟส์,1A,ทวีปเอเชีย,262227.0,2727.0
2026-04,2026,4,2,282,NP,เนปาล,1A,ทวีปเอเชีย,0.0,0.0
